{"struct_fname": "cache/sessions/BR2XZDBD/1qm2.masked.pdb", "site_info_homo_fname": "cache/sessions/BR2XZDBD/SiteInfoHomo.json", "chains": ["A"], "job_id": "BR2XZDBD", "cat_info_request_fname": "cache/sessions/BR2XZDBD/CatInfoRequest.json", "request_fname": "cache/sessions/BR2XZDBD/Request-0.json", "upload_fname": "cache/sessions/BR2XZDBD/1qm2.pdb", "mod_info_user_fname": "cache/sessions/BR2XZDBD/ModInfoUser.json", "error": {}, "pdb_query": "", "asm_selection": "", "runmode": "allosigma", "homo_vast": "", "mode": "Upload", "sameSite": "", "chainIDmap_fname": "cache/sessions/BR2XZDBD/chainIDmap.json", "has_email": true, "cat_info_user_fname": "cache/sessions/BR2XZDBD/CatInfoUser.json", "asm_info_fname": "", "output_fnames": {"status": "Complete", "pdb_outfile_name": "cache/sessions/BR2XZDBD/1qm2_BR2XZDBD.pdb", "deltaG_file_name": "cache/sessions/BR2XZDBD/1qm2_BR2XZDBD.json", "deltaG_file_name_txt": "cache/sessions/BR2XZDBD/1qm2_BR2XZDBD.txt", "plot_file_name": "cache/sessions/BR2XZDBD/1qm2_BR2XZDBD.pdf"}, "stage": 4}