{"MUT": true, "SCAN": false, "SITE": true, "chainIDmap_fname": "cache/sessions/BR2XZDBD/chainIDmap.json", "DB_mut": {"0": [], "1": ["A.189"]}, "DB_mutScan": {"0": [], "1": []}, "ligand_sel": ["BR2XZDBD"], "job_id": "BR2XZDBD", "struct_file": "cache/sessions/BR2XZDBD/1qm2.masked.pdb", "chains_sel": ["A"], "site_sel": ["s1", "s0"], "DB_sit": {"BR2XZDBD": {"s1": [0, [155, 156, 159, 160]], "s0": [0, [187, 191, 194]]}}, "modData_str": "{\"ids\":[\"-u0\",\"-s0\",\"-s1\"],\"prettyNames\":[\"V189I\",\"Pose1-SiteA\",\"Pose1-SiteB\"],\"siteStrings\":[\"@A_189_\",\"@A_194_@A_191_@A_187_\",\"@A_160_@A_159_@A_156_@A_155_\"]}", "resl_path": "cache/sessions/BR2XZDBD/"}