,bond_name,pp,pp_normalised,pp_adjusted,atom1,atom2,distance,weight,qs,qs_test_set
1711,MET129 A H : TYR163 A O,0.0135864582,0.001067011,0.580453984,62,620,17.9799473651,6.8287950283,0.9433962264,0.86
1712,LEU130 A H : MET129 A SD,3.25078e-05,2.553e-06,0.001388832,79,60,20.7455909834,0.0145032357,0.0943396226,0.02
1713,GLY131 A H : VAL161 A O,0.0043098218,0.0003384714,0.1841284416,94,583,16.2031491075,1.2392064236,0.7735849057,0.64
1714,MET134 A H : ASN159 A O,0.0049914565,0.0003920035,0.213249904,126,552,15.2064117809,0.8365256409,0.7358490566,0.65
1715,ARG136 A HE : MET154 A SD,0.0006150107,4.82998e-05,0.0262750912,165,462,13.162858789,0.0440018393,0.1509433962,0.14
1716,ARG136 A HH11 : TYR157 A O,0.0266345456,0.0020917412,1.1379072128,166,517,10.7413178661,4.3528492853,0.8490566038,0.86
1717,ARG136 A HH12 : HIS155 A O,0.0029524057,0.0002318669,0.1261355936,167,476,12.8693692347,0.1856134382,0.3962264151,0.51
1718,ARG136 A HH22 : HIS155 A ND1,0.0470552286,0.0036954774,2.0103397056,169,479,15.4593850298,3.6847277739,1.0,0.96
1719,HIS140 A HD1 : ASP147 A OD1,0.0404139486,0.0031739051,1.7266043744,236,331,14.1884695175,9.8249475987,0.9622641509,0.94
1720,PHE141 A H : SER143 A O,0.0004646847,3.6494e-05,0.019852736,250,269,13.1455474781,0.1205210098,0.1320754717,0.09
1721,TYR145 A H : SER143 A OG,0.0019367111,0.0001520994,0.0827420736,301,271,15.9177627354,1.0095706992,0.5660377358,0.49
1722,GLU146 A H : SER143 A O,0.0012910061,0.000101389,0.055155616,319,269,13.5864535292,0.6156757232,0.2830188679,0.33
1723,GLU146 A H : SER143 A OG,0.0003273109,2.57053e-05,0.0139836832,319,271,14.5649240729,0.1336260468,0.1320754717,0.08
1724,ASP147 A H : SER143 A O,0.0004161304,3.26808e-05,0.0177783552,333,269,13.4485727681,0.1577686248,0.1132075472,0.08
1725,ASP147 A H : ASP144 A O,0.0011756729,9.23313e-05,0.0502282272,333,280,14.1277530945,0.8806569306,0.320754717,0.32
1726,ARG148 A H : ASP144 A O,0.0101966612,0.0008007937,0.4356317728,348,280,14.6903733275,3.2794113728,0.8490566038,0.75
1727,TYR149 A H : TYR145 A O,0.0236350795,0.0018561785,1.009761104,373,292,12.9469712578,6.9191466606,0.8867924528,0.87
1728,TYR150 A H : GLU146 A O,0.002449209,0.0001923484,0.1046375296,394,313,9.9845325003,0.4104281513,0.2075471698,0.39
1729,TYR150 A HH : PRO137 A O,0.0596654398,0.004685819,2.549085536,402,173,10.4182275004,6.5286465422,0.9245283019,0.95
1730,ARG151 A H : ASP147 A O,0.0224666725,0.0017644177,0.9598432288,414,328,11.684178298,3.6417855474,0.8490566038,0.85
1731,GLU152 A H : ARG148 A O,0.0465194177,0.0036533975,1.98744824,436,340,13.5356819001,7.17450006,0.9622641509,0.95
1732,GLU152 A H : TYR149 A O,6.18064e-05,4.854e-06,0.002640576,436,364,12.4605783674,0.0116893757,0.0188679245,0.0
1733,ASN153 A H : TYR149 A O,0.0059061373,0.0004638379,0.2523278176,450,364,11.7361740359,0.5940430233,0.5094339623,0.62
1734,ASN153 A H : TYR150 A O,0.0165579568,0.0013003774,0.7074053056,450,385,11.2846157445,2.1763541225,0.7735849057,0.79
1735,ASN153 A HD22 : TYR149 A O,0.0141355224,0.0011101317,0.6039116448,455,364,12.1193894854,1.0215953226,0.7924528302,0.77
1736,MET154 A H : ARG151 A O,0.0091130833,0.000715695,0.38933808,464,406,12.8506424548,1.1436035963,0.7358490566,0.71
1737,ARG156 A H : ASN153 A O,0.0222645857,0.0017485469,0.9512095136,501,445,11.2128092488,3.4192352964,0.8301886792,0.84
1738,ARG156 A HH11 : ASN153 A OD1,0.1071300673,0.0084134484,4.5769159296,510,448,12.0522794317,4.0494438862,1.0,0.98
1739,ARG156 A HH21 : GLU196 A OE2,0.2602129905,0.0204357995,11.117074928,512,1147,9.2764536058,9.8292991958,1.0,0.99
1740,ARG156 A HH22 : GLU196 A OE1,0.2530728523,0.0198750495,10.812026928,513,1146,9.5906093393,9.5132179009,1.0,0.99
1741,TYR157 A H : ASN153 A O,0.0008560716,6.72315e-05,0.036573936,526,445,10.1005812333,0.1315517515,0.0754716981,0.12
1742,TYR157 A H : MET154 A O,0.0088989827,0.0006988807,0.3801911008,526,459,10.0466472268,2.0628061573,0.4528301887,0.66
1743,TYR157 A HH : ASP202 A O,0.0539787149,0.0042392126,2.3061316544,534,1234,4.0538135441,0.2399468072,0.3962264151,0.88
1744,ASN159 A HD21 : GLN160 A OE1,0.0004461156,3.50356e-05,0.0190593664,561,570,16.5123882055,0.0505427224,0.2641509434,0.16
1745,ASN159 A HD22 : MET134 A O,0.0020715233,0.0001626869,0.0885016736,562,121,15.551461748,0.2844403808,0.5471698113,0.5
1746,ASN159 A HD22 : ASN159 A O,0.0004914014,3.85922e-05,0.0209941568,562,552,14.5924449716,0.1997816534,0.1886792453,0.13
1747,GLN160 A HE21 : GLY131 A O,0.0157012227,0.0012330939,0.6708030816,578,93,18.0573741585,5.3935116906,0.9622641509,0.88
1748,TYR162 A H : THR183 A OG1,0.106478701,0.0083622934,4.5490876096,608,940,11.0658465334,4.1647011535,1.0,0.98
1749,TYR163 A H : MET129 A O,0.0031458212,0.0002470567,0.1343988448,629,57,16.4075429148,1.5362544349,0.6981132075,0.59
1750,MET166 A H : GLU221 A OE1,0.0093377225,0.000733337,0.398935328,684,1562,23.5587945203,1.1299612244,1.0,0.87
1751,ASP167 A H : PRO165 A O,0.0012750105,0.0001001328,0.0544722432,701,665,23.9484895192,1.8412843474,0.8490566038,0.56
1752,GLU168 A H : PRO165 A O,0.0001047256,8.2246e-06,0.0044741824,714,665,24.0083731748,0.0711876852,0.4905660377,0.11
1753,TYR169 A HH : ASN174 A O,0.0001788853,1.40487e-05,0.0076424928,740,800,16.4439056644,0.0723794097,0.1320754717,0.05
1754,SER170 A H : GLU168 A O,0.0009532667,7.48647e-05,0.0407263968,747,708,24.5306686517,0.9715418925,0.8490566038,0.52
1755,GLN172 A H : ASN171 A OD1,0.000938745,7.37242e-05,0.0401059648,775,758,20.1662088033,2.6270543572,0.6603773585,0.42
1756,ASN174 A H : ASN171 A OD1,0.0001439509,1.13052e-05,0.0061500288,805,758,18.8870883211,0.1248374437,0.1886792453,0.07
1757,ASN174 A H : ASN174 A OD1,2.10118e-05,1.6502e-06,0.0008977088,805,803,17.9248454596,0.3135371335,0.0377358491,0.0
1758,PHE175 A H : GLN172 A O,0.0005697646,4.47464e-05,0.0243420416,822,769,16.5388035087,2.3778413581,0.320754717,0.21
1759,VAL176 A H : GLN172 A O,0.0063739736,0.0005005793,0.2723151392,838,769,15.7003244791,6.5766202508,0.8113207547,0.69
1760,HIS177 A H : ASN173 A O,0.0149667682,0.0011754135,0.639424944,857,786,13.5908715964,5.4885782824,0.8679245283,0.81
1761,HIS177 A HD1 : ASP178 A OD2,0.0078584998,0.0006171664,0.3357385216,861,871,12.9834857223,9.973066657,0.679245283,0.69
1762,ASP178 A H : ASN174 A O,0.0009682047,7.60379e-05,0.0413646176,872,800,13.9005228679,0.1879092775,0.2641509434,0.26
1763,ASP178 A H : PHE175 A O,0.0014025388,0.0001101482,0.0599206208,872,814,13.2295773742,0.294801018,0.2830188679,0.34
1764,CYS179 A H : PHE175 A O,0.011089143,0.0008708847,0.4737612768,882,814,13.1607669799,2.4988579239,0.7924528302,0.74
1765,VAL180 A H : VAL176 A O,0.0444067208,0.0034874771,1.8971875424,893,834,10.488524789,7.2639181465,0.9056603774,0.92
1766,ASN181 A H : HIS177 A O,0.0470180281,0.0036925558,2.0087503552,910,850,8.692986052,4.1683651554,0.8490566038,0.91
1767,ASN181 A HD22 : ASP178 A OD1,0.0012202085,9.58289e-05,0.0521309216,915,870,10.8087070573,0.0875366,0.1320754717,0.23
1768,ILE182 A H : ASP178 A O,0.0843781592,0.0066266297,3.6048865568,924,867,9.5254824943,5.491634693,0.9433962264,0.97
1769,THR183 A H : CYS179 A O,0.063248574,0.00496722,2.70216768,942,879,8.953262101,3.2447825972,0.9056603774,0.94
1770,THR183 A H : VAL180 A O,0.000702746,5.51901e-05,0.0300234144,942,889,7.4268332922,0.0596070256,0.0188679245,0.03
1771,THR183 A HG1 : CYS179 A O,0.1015610475,0.0079760861,4.3389908384,945,879,9.6739699839,6.5371305001,0.9433962264,0.97
1772,ILE184 A H : VAL180 A O,0.1888214268,0.0148290706,8.0670144064,957,889,6.1190934786,7.6543541357,0.9433962264,0.98
1773,LYS185 A H : VAL180 A O,0.0017774153,0.0001395891,0.0759364704,977,889,5.7974969383,0.047020198,0.0377358491,0.15
1774,LYS185 A H : ASN181 A O,0.1060023462,0.008324883,4.528736352,977,905,5.8827492297,3.316680564,0.8867924528,0.96
1775,GLN186 A H : ILE182 A O,0.1156851517,0.0090853211,4.9424146784,999,919,7.9905239659,3.9879514488,0.9245283019,0.97
1776,HIS187 A H : THR183 A O,0.0070893182,0.0005567588,0.3028767872,1017,938,6.6431271251,0.1591319282,0.2075471698,0.57
1777,HIS187 A H : ILE184 A O,0.0673173198,0.0052867585,2.875996624,1017,952,5.5455031557,2.1645826346,0.7358490566,0.93
1778,THR188 A H : ILE184 A O,0.3341946477,0.0262459411,14.2777919584,1031,952,4.813534694,7.2538277134,0.9622641509,0.99
1779,THR188 A HG1 : ILE184 A O,0.1103861686,0.008669166,4.716026304,1034,952,3.7584918518,1.6143468477,0.7547169811,0.95
1780,VAL189 A H : LYS185 A O,0.2511581691,0.0197246801,10.7302259744,1045,971,6.2670954197,6.9329074834,0.9622641509,0.99
1781,THR190 A HG1 : GLN186 A O,0.0237019334,0.0018614288,1.0126172672,1064,993,9.2758185757,0.5113912882,0.7358490566,0.82
1782,THR191 A H : HIS187 A O,0.2687982875,0.0211100449,11.4838644256,1075,1010,6.7539793085,4.925660046,0.9811320755,0.99
1783,THR192 A H : THR188 A O,0.0452888786,0.0035567573,1.9348759712,1089,1027,5.8365140709,0.6631095164,0.5849056604,0.88
1784,THR192 A H : VAL189 A O,0.0798573072,0.0062715851,3.4117422944,1089,1041,7.3847595763,1.9473066637,0.8867924528,0.95
1785,THR193 A H : VAL189 A O,0.0418226049,0.0032845338,1.7867863872,1103,1041,8.7204790149,0.8670024528,0.8301886792,0.9
1786,THR193 A H : THR190 A O,0.0595418608,0.0046761137,2.5438058528,1103,1057,9.6592596507,2.4155740362,0.9245283019,0.94
1787,LYS194 A H : THR190 A O,0.074445693,0.0058465846,3.1805420224,1119,1057,10.0618449973,2.0686065426,0.9245283019,0.96
1788,LYS194 A H : THR191 A O,0.0293417602,0.002304352,1.253567488,1119,1071,9.3341737449,1.7421453342,0.7924528302,0.86
1789,GLY195 A H : THR192 A O,0.0005626806,4.41901e-05,0.0240394144,1136,1085,10.5665725876,0.0184954144,0.0566037736,0.06
1790,GLU196 A H : THR191 A O,0.172197469,0.0135235099,7.3567893856,1148,1071,8.6492074203,3.443036238,0.9811320755,0.99
1791,GLU196 A H : THR192 A O,0.0065376808,0.0005134361,0.2793092384,1148,1085,9.352547113,0.1428791504,0.3396226415,0.6
1792,THR199 A H : ASP202 A OD2,0.1719376686,0.0135031065,7.345689936,1195,1238,2.6565625346,1.3283313402,0.8301886792,0.97
1793,THR199 A HG1 : ASP202 A OD2,0.1185137623,0.0093074657,5.0632613408,1198,1238,3.256323502,0.9795011826,0.7169811321,0.96
1794,THR201 A H : THR199 A OG1,0.0054225346,0.0004258582,0.2316668608,1224,1193,3.476178721,0.0675969928,0.0566037736,0.43
1795,ASP202 A H : THR199 A O,0.0014848046,0.000116609,0.063435296,1239,1191,1.4124295558,0.0159692678,0.0188679245,0.01
1796,ASP202 A H : THR199 A OG1,0.2368197012,0.01859861,10.11764384,1239,1193,3.0824590833,2.0570422374,0.8867924528,0.98
1797,VAL203 A H : THR199 A O,0.0,0.0,0.0,1250,1191,0.0,7.0826770417,0.0,0.0
1798,LYS204 A H : GLU200 A O,0.4095067882,0.032160572,17.495351168,1268,1205,3.1637119812,5.1154292399,0.9433962264,0.99
1799,LYS204 A HZ2 : GLU207 A OE1,0.1590444555,0.0124905394,6.7948534336,1279,1322,5.0418235292,0.8983542733,0.9245283019,0.98
1800,MET205 A H : THR201 A O,0.4985646281,0.03915472,21.30016768,1289,1220,3.5551262987,6.0954471551,0.9622641509,0.99
1801,MET205 A H : ASP202 A O,0.0222843504,0.0017500991,0.9520539104,1289,1234,2.4198976218,0.2050651509,0.1509433962,0.69
1802,MET206 A H : ASP202 A O,0.3319337909,0.0260683849,14.1812013856,1306,1234,1.6827133594,1.5930494524,0.9056603774,0.99
1803,MET206 A H : VAL203 A O,0.0,0.0,0.0,1306,1246,0.0,0.2941912579,0.0,0.0
1804,MET206 A H : MET206 A SD,0.0010505254,8.25029e-05,0.0448815776,1306,1304,2.0488108746,0.0101659897,0.0188679245,0.01
1805,GLU207 A H : VAL203 A O,0.0,0.0,0.0,1324,1246,0.0,3.4936401162,0.0,0.0
1806,ARG208 A H : LYS204 A O,0.6254162787,0.0491170008,26.7196484352,1341,1262,3.3727773422,4.8279001204,1.0,0.99
1807,ARG208 A HE : HIS140 A O,0.0050013359,0.0003927794,0.2136719936,1349,225,10.0786385489,0.2189144517,0.3396226415,0.56
1808,ARG208 A HH21 : HIS140 A O,0.0403278899,0.0031671465,1.722927696,1352,225,11.1258272726,1.8719606446,0.9056603774,0.92
1809,VAL209 A H : MET205 A O,0.0041438179,0.0003254343,0.1770362592,1361,1284,4.5086788531,0.0565431353,0.0566037736,0.37
1810,VAL209 A H : MET206 A O,0.0549187064,0.0043130348,2.3462909312,1361,1301,4.4012523502,1.1170656497,0.4339622642,0.89
1811,VAL210 A H : MET206 A O,0.3275804528,0.025726496,13.995213824,1377,1301,4.646231403,5.9816830363,0.9433962264,0.99
1812,GLU211 A H : GLU207 A O,0.2873415591,0.0225663387,12.2760882528,1395,1318,6.0842660609,6.4687953097,0.9811320755,0.99
1813,GLN212 A H : ARG208 A O,0.1008635134,0.0079213053,4.3091900832,1410,1333,8.4210038297,3.5011116303,0.9245283019,0.97
1814,MET213 A H : VAL209 A O,0.1323399056,0.0103933004,5.6539554176,1426,1357,9.3553707302,6.4539713241,0.9811320755,0.98
1815,MET213 A H : MET213 A SD,7.15527e-05,5.6194e-06,0.0030569536,1426,1424,9.9692955117,0.0148115756,0.0188679245,0.0
1816,CYS214 A H : VAL210 A O,0.1144221347,0.0089861302,4.8884548288,1441,1373,10.1386998304,5.9136253717,0.9811320755,0.98
1817,CYS214 A H : GLU211 A O,0.0005074982,3.98563e-05,0.0216818272,1441,1389,11.0202704822,0.0367947722,0.0566037736,0.06
1818,ILE215 A H : GLU211 A O,0.1054205635,0.0082791927,4.5038808288,1453,1389,12.0154137777,6.4218760921,1.0,0.98
1819,ILE215 A H : GLN212 A O,0.0007803528,6.12849e-05,0.0333389856,1453,1404,12.8383809435,0.0706147862,0.1698113208,0.18
1820,THR216 A H : GLN212 A O,0.0684768894,0.0053778252,2.9255369088,1471,1404,13.8325384601,5.6627947825,1.0,0.97
1821,GLN217 A H : MET213 A O,0.0328301737,0.0025783142,1.4026029248,1487,1421,14.69374708,4.4369311699,0.9433962264,0.93
1822,GLN217 A HE21 : VAL161 A O,0.004656398,0.0003656897,0.1989351968,1493,583,15.3975351031,0.4520814338,0.7358490566,0.64
1823,GLN217 A HE22 : SER132 A O,0.02146493,0.001685746,0.917045824,1494,100,16.9131674296,3.8867619381,0.9622641509,0.9
1824,TYR218 A H : CYS214 A O,0.01143703,0.0008982059,0.4886240096,1507,1438,16.0345317206,3.0444820574,0.8867924528,0.8
1825,TYR218 A H : ILE215 A O,0.0001851914,1.4544e-05,0.007911936,1507,1448,16.98432258,0.0478835095,0.1698113208,0.06
1826,GLU219 A H : ILE215 A O,0.0224600605,0.0017638985,0.959560784,1525,1448,17.9706696105,5.6189703108,1.0,0.92
1827,ARG220 A H : THR216 A O,0.0141711489,0.0011129297,0.6054337568,1542,1467,19.3081998255,5.0152028207,0.9811320755,0.88
1828,ARG220 A HH11 : GLN217 A OE1,0.0009393946,7.37753e-05,0.0401337632,1551,1485,17.7495249725,5.9642586856,0.5283018868,0.36
1829,ARG220 A HH12 : SER132 A O,0.0010296513,8.08636e-05,0.0439897984,1552,100,17.6978345639,0.1661148474,0.5471698113,0.38
1830,ARG220 A HH22 : ALA133 A O,0.0098554584,0.0007739974,0.4210545856,1554,111,19.4739141995,1.1221504531,0.9433962264,0.82
1831,GLU221 A H : GLN217 A O,0.0028945349,0.000227322,0.123663168,1564,1481,20.567867105,1.796351809,0.8679245283,0.64
1832,GLU221 A H : TYR218 A O,0.0001655728,1.30032e-05,0.0070737408,1564,1498,21.4631533913,0.2394308223,0.3962264151,0.12
1833,SER222 A H : TYR218 A O,0.0055833617,0.0004384887,0.2385378528,1576,1498,22.165369504,5.8919748513,0.9433962264,0.77
1834,GLN223 A H : GLU219 A O,0.0031953242,0.0002509444,0.1365137536,1590,1519,23.8775106638,2.7485109267,0.9245283019,0.7
1835,GLN223 A H : ARG220 A O,0.0004510856,3.5426e-05,0.019271744,1590,1534,24.4637735693,0.6935662551,0.7735849057,0.36
1836,ALA224 A H : ARG220 A O,0.0001402233,1.10124e-05,0.0059907456,1603,1534,25.5561135592,0.1541218726,0.6226415094,0.17
1837,ALA224 A H : GLU221 A O,0.0007220206,5.67038e-05,0.0308468672,1603,1558,26.3835530729,2.4858362532,0.8679245283,0.5
1838,TYR225 A H : SER222 A O,0.0005941413,4.66608e-05,0.0253834752,1620,1573,27.7337407051,1.283868984,0.8867924528,0.49
1839,TYR226 A H : SER222 A O,1.11684e-05,8.771e-07,0.0004771424,1641,1573,28.7185672214,0.0209977954,0.358490566,0.03
1840,TYR226 A H : GLN223 A O,0.0004847399,3.8069e-05,0.020709536,1641,1584,29.7910692071,1.4038245043,0.9056603774,0.49
1841,LEU125 A CB : GLN186 A CG,0.0127238844,0.0009992689,0.5436022816,5,995,12.6319507797,0.3199254647,0.8113207547,0.76
1842,LEU125 A CG : GLN186 A CG,0.0221024475,0.0017358134,0.9442824896,6,995,11.9242895071,0.5739960375,0.8490566038,0.85
1843,LEU125 A CD1 : LYS185 A CD,0.0183697374,0.0014426654,0.7848099776,7,974,10.9856159363,0.4846855838,0.7924528302,0.8
1844,LEU125 A CD1 : GLN186 A CG,0.0255694215,0.0020080918,1.0924019392,7,995,11.7887249629,0.6741100336,0.8867924528,0.87
1845,LEU125 A CD1 : VAL189 A CG1,0.0038750512,0.0003043267,0.1655537248,7,1043,10.8018758556,0.0649988662,0.3396226415,0.53
1846,LEU125 A CD2 : ILE182 A CB,0.0030248203,0.0002375539,0.1292293216,8,920,10.9841825709,0.3571982427,0.2830188679,0.48
1847,LEU125 A CD2 : ILE182 A CG1,0.0022325459,0.0001753328,0.0953810432,8,921,11.3218609888,0.2670246319,0.2641509434,0.41
1848,LEU125 A CD2 : ILE182 A CG2,0.0055715785,0.0004375633,0.2380344352,8,922,11.4804970058,0.6754890386,0.4528301887,0.61
1849,LEU125 A CD2 : ILE182 A CD1,0.0052785775,0.0004145525,0.22551656,8,923,11.5667405197,0.6362037074,0.4339622642,0.6
1850,LEU125 A CD2 : GLN186 A CG,0.0261807275,0.0020561006,1.1185187264,8,995,11.4030214746,0.6874459556,0.8679245283,0.87
1851,TYR128 A CB : MET129 A SD,0.0001985096,1.55899e-05,0.0084809056,37,60,19.3472928662,0.0548948901,0.3018867925,0.11
1852,TYR128 A CB : MET129 A CE,0.0002110703,1.65764e-05,0.0090175616,37,61,19.7951658303,0.0584123017,0.3396226415,0.12
1853,TYR128 A CB : TYR162 A CB,0.0009991318,7.84667e-05,0.0426858848,37,600,14.9000995047,0.4580750473,0.3396226415,0.3
1854,TYR128 A CB : ARG164 A CG,0.0017125511,0.000134495,0.07316528,37,643,18.1886425346,0.4276430549,0.6603773585,0.51
1855,TYR128 A CG : MET129 A SD,0.0001988791,1.56189e-05,0.0084966816,38,60,19.0978359834,0.0578835658,0.2830188679,0.1
1856,TYR128 A CG : MET129 A CE,0.0002135508,1.67712e-05,0.0091235328,38,61,19.5714807884,0.0622029758,0.3396226415,0.12
1857,TYR128 A CG : ARG164 A CG,0.0023936674,0.0001879864,0.1022646016,38,643,18.0616318546,0.6259099827,0.7547169811,0.57
1858,TYR128 A CD1 : MET129 A CE,0.0001268227,9.96e-06,0.00541824,39,61,19.6863170057,0.0374566923,0.2264150943,0.07
1859,TYR128 A CD1 : ARG164 A CG,0.002245719,0.0001763673,0.0959438112,39,643,18.2511012613,0.5945740729,0.7547169811,0.57
1860,TYR128 A CD2 : MET129 A SD,0.0001522426,1.19564e-05,0.0065042816,40,60,18.8273479611,0.0450920223,0.2075471698,0.07
1861,TYR128 A CD2 : MET129 A CE,0.000159416,1.25197e-05,0.0068107168,40,61,19.2995538873,0.0472547442,0.2452830189,0.08
1862,TYR128 A CD2 : TYR162 A CB,0.0010682238,8.38928e-05,0.0456376832,40,600,14.4122004999,0.5358282168,0.3018867925,0.3
1863,TYR128 A CD2 : ARG164 A CG,0.0022887066,0.0001797433,0.0977803552,40,643,17.8084019286,0.6079360271,0.7169811321,0.56
1864,TYR128 A CE1 : ARG164 A CG,0.0020623344,0.0001619652,0.0881090688,41,643,18.2061081028,0.5498553403,0.7169811321,0.55
1865,TYR128 A CE2 : ARG164 A CB,0.0021816821,0.0001713382,0.0932079808,42,642,17.777847845,0.5607966798,0.6981132075,0.55
1866,TYR128 A CE2 : ARG164 A CG,0.002171555,0.0001705428,0.0927752832,42,643,17.787951217,0.5814969481,0.6981132075,0.55
1867,MET129 A CB : TYR163 A CD1,0.0014364662,0.0001128127,0.0613701088,58,623,19.1525607883,0.6430648047,0.679245283,0.49
1868,MET129 A CB : TYR163 A CE1,0.0014866378,0.0001167529,0.0635135776,58,625,19.7583547772,0.6604689597,0.7547169811,0.51
1869,MET129 A CG : TYR163 A CE1,0.0011594166,9.10547e-05,0.0495337568,59,625,20.3555372688,0.5215970018,0.7358490566,0.47
1870,MET129 A SD : LEU130 A CG,0.0002193935,1.723e-05,0.00937312,60,76,19.3428813327,0.0648457274,0.320754717,0.12
1871,MET129 A SD : LEU130 A CD1,0.0001019896,8.0097e-06,0.0043572768,60,77,18.613175844,0.0311849616,0.1509433962,0.04
1872,MET129 A SD : LEU130 A CD2,0.0001503785,1.181e-05,0.00642464,60,78,19.5829482139,0.0436398461,0.2641509434,0.08
1873,MET129 A SD : TYR162 A CD1,0.0001494962,1.17407e-05,0.0063869408,60,602,18.2805549902,0.0502243872,0.1886792453,0.06
1874,MET129 A SD : TYR163 A CG,0.0001349893,1.06014e-05,0.0057671616,60,622,19.8111135288,0.0622626543,0.2452830189,0.07
1875,MET129 A SD : TYR163 A CE2,0.0001025491,8.0537e-06,0.0043812128,60,626,20.7459848224,0.0454053929,0.2641509434,0.07
1876,MET129 A SD : ARG164 A CB,0.0001326419,1.0417e-05,0.005666848,60,642,20.7585532612,0.0675511714,0.320754717,0.09
1877,MET129 A SD : ARG164 A CG,8.60574e-05,6.7585e-06,0.003676624,60,643,20.8311718945,0.0466788217,0.2264150943,0.05
1878,MET129 A SD : PRO165 A CB,0.0001962688,1.54139e-05,0.0083851616,60,666,22.8375550684,0.0678350269,0.5471698113,0.17
1879,MET129 A SD : PRO165 A CG,0.0001348084,1.05872e-05,0.0057594368,60,667,22.8742549933,0.0476163406,0.4716981132,0.12
1880,MET129 A CE : LEU130 A CB,0.000215128,1.68951e-05,0.0091909344,61,75,20.1077272833,0.0632458349,0.3773584906,0.13
1881,MET129 A CE : TYR163 A CG,0.0001078012,8.4662e-06,0.0046056128,61,622,20.2213440762,0.0498779514,0.2264150943,0.06
1882,MET129 A CE : TYR163 A CD1,0.0001344967,1.05627e-05,0.0057461088,61,623,20.4992657795,0.0616647301,0.2830188679,0.08
1883,MET129 A CE : TYR163 A CE1,9.26202e-05,7.2739e-06,0.0039570016,61,625,21.0931916208,0.0421346458,0.2641509434,0.06
1884,MET129 A CE : TYR163 A CE2,7.72154e-05,6.0641e-06,0.0032988704,61,626,21.1438164069,0.0342911688,0.2075471698,0.05
1885,MET129 A CE : ARG164 A CB,8.07085e-05,6.3384e-06,0.0034480896,61,642,21.2554426089,0.0412448625,0.2452830189,0.06
1886,MET129 A CE : PRO165 A CG,0.0001411048,1.10817e-05,0.0060284448,61,667,23.3417534795,0.0499597027,0.5094339623,0.13
1887,LEU130 A CB : TYR162 A CD1,0.0037289623,0.0002928537,0.1593124128,75,602,15.8880024153,0.584907425,0.7169811321,0.61
1888,LEU130 A CG : GLN160 A CB,0.0043223772,0.0003394574,0.1846648256,76,567,15.9054998664,0.6070378293,0.7547169811,0.63
1889,LEU130 A CD1 : GLN160 A CB,0.0046568939,0.0003657287,0.1989564128,77,567,15.1891194363,0.6471602317,0.7169811321,0.64
1890,LEU130 A CD1 : TYR162 A CG,0.0039036319,0.0003065713,0.1667747872,77,601,14.1282591019,0.6335609779,0.6037735849,0.59
1891,LEU130 A CD1 : TYR162 A CD1,0.004297398,0.0003374957,0.1835976608,77,602,14.731651104,0.6879092747,0.6603773585,0.62
1892,LEU130 A CD1 : TYR162 A CE1,0.0044062268,0.0003460426,0.1882471744,77,604,14.76471974,0.6879529577,0.6603773585,0.62
1893,LEU130 A CD2 : GLN160 A CB,0.00433485,0.000340437,0.185197728,78,567,16.2190182656,0.6163177645,0.7735849057,0.64
1894,LEU130 A CD2 : GLN160 A CG,0.0029874868,0.000234622,0.127634368,78,568,16.676079043,0.4374032851,0.6981132075,0.59
1895,ALA133 A CB : GLN160 A CG,0.0043905397,0.0003448106,0.1875769664,112,568,17.1977963923,0.6868313309,0.8113207547,0.66
1896,MET134 A CB : THR216 A CG2,0.0059266282,0.0004654471,0.2532032224,122,1470,16.651553929,0.5465311369,0.8301886792,0.69
1897,MET134 A CG : MET213 A CG,0.005224027,0.0004102684,0.2231860096,123,1423,13.1686475388,0.6732911126,0.6037735849,0.62
1898,MET134 A SD : MET213 A CB,0.0053388911,0.0004192892,0.2280933248,124,1422,12.9333687317,0.6856350144,0.5849056604,0.62
1899,MET134 A SD : MET213 A CG,0.0050066005,0.0003931928,0.2138968832,124,1423,13.0020932642,0.6772000381,0.5660377358,0.61
1900,MET134 A SD : THR216 A CG2,0.006592523,0.0005177431,0.2816522464,124,1470,15.8313899816,0.6561532061,0.8113207547,0.7
1901,MET134 A CE : MET213 A CB,0.0052474903,0.0004121111,0.2241884384,125,1422,12.8973526353,0.6877911294,0.5660377358,0.62
1902,MET134 A CE : MET213 A CG,0.004978552,0.0003909901,0.2126986144,125,1423,12.9401762932,0.6880454991,0.5660377358,0.61
1903,ARG136 A CB : MET154 A CG,0.0061276164,0.0004812317,0.2617900448,150,461,12.1520837102,0.3577070811,0.5471698113,0.63
1904,ARG136 A CB : MET154 A CE,0.0109789801,0.000862233,0.469054752,150,463,12.0128155526,0.6797379718,0.7169811321,0.73
1905,ARG136 A CG : MET154 A CE,0.0076433832,0.0006002723,0.3265481312,151,463,11.780798551,0.500329184,0.5849056604,0.66
1906,ARG136 A CG : ASN159 A CB,0.008748022,0.000687025,0.3737416,151,553,12.2784482835,0.6808545215,0.6603773585,0.69
1907,PRO137 A CB : ILE139 A CD1,0.007025864,0.0005517755,0.300165872,174,210,10.310811486,0.6855844329,0.4150943396,0.63
1908,PRO137 A CB : GLN212 A CB,0.0118295058,0.000929029,0.505391776,174,1405,11.1057084646,0.6844910471,0.641509434,0.72
1909,PRO137 A CB : GLN212 A CG,0.0115089857,0.000903857,0.491698208,174,1406,11.5101885627,0.6875808117,0.679245283,0.73
1910,PRO137 A CG : ILE139 A CD1,0.0071564831,0.0005620336,0.3057462784,175,210,9.6678242899,0.6877346577,0.3773584906,0.62
1911,PRO137 A CG : VAL209 A CB,0.0139106063,0.001092468,0.594302592,175,1358,8.5772823493,0.6414006957,0.4339622642,0.71
1912,PRO137 A CG : VAL209 A CG1,0.0143816146,0.0011294586,0.6144254784,175,1359,9.0202893523,0.6823563246,0.5094339623,0.72
1913,PRO137 A CG : VAL209 A CG2,0.0130272494,0.0010230936,0.5565629184,175,1360,8.71819828,0.6170420534,0.4339622642,0.7
1914,PRO137 A CG : GLN212 A CB,0.0115843883,0.0009097787,0.4949196128,175,1405,10.5207781794,0.6878614425,0.6037735849,0.71
1915,PRO137 A CG : GLN212 A CG,0.0102172428,0.0008024101,0.4365110944,175,1406,10.8971580125,0.6269266899,0.6037735849,0.7
1916,PRO137 A CG : MET213 A SD,0.0106809881,0.0008388303,0.4563236832,175,1424,10.0633608452,0.6419067509,0.5094339623,0.69
1917,ILE138 A CB : TYR150 A CE2,0.0039124419,0.0003072632,0.1671511808,188,391,11.2453797179,0.4148601921,0.3773584906,0.54
1918,ILE138 A CG1 : MET154 A CE,0.0092762849,0.000728512,0.396310528,189,463,12.6594001635,0.6209898123,0.7169811321,0.71
1919,ILE138 A CG2 : ASP147 A CB,0.0040266853,0.0003162353,0.1720320032,190,329,13.1661212682,0.3518570605,0.5094339623,0.58
1920,ILE138 A CG2 : TYR150 A CE2,0.004362908,0.0003426405,0.186396432,190,391,11.1439447571,0.4675254451,0.3773584906,0.56
1921,ILE138 A CD1 : ARG151 A CG,0.0087188447,0.0006847335,0.372495024,191,408,14.0888329804,0.6879206142,0.7924528302,0.72
1922,ILE139 A CB : ARG208 A CB,0.0183627703,0.0014421182,0.7845123008,207,1334,7.9508869631,0.6779386705,0.4716981132,0.75
1923,ILE139 A CG1 : ARG208 A CB,0.0177213714,0.001391746,0.757109824,208,1334,7.9822512175,0.6615744538,0.4528301887,0.74
1924,ILE139 A CG1 : GLN212 A CG,0.012275454,0.0009640515,0.524444016,208,1406,10.550393014,0.6304406101,0.6226415094,0.72
1925,ILE139 A CG2 : HIS140 A CB,0.0008474066,6.6551e-05,0.036203744,209,226,11.9743231124,0.1401085035,0.1509433962,0.17
1926,ILE139 A CG2 : ARG208 A CB,0.0173914395,0.0013658348,0.7430141312,209,1334,8.1739422099,0.6519772475,0.4905660377,0.74
1927,ILE139 A CG2 : ARG208 A CG,0.0166240202,0.0013055657,0.7102277408,209,1335,8.2843463985,0.6535956886,0.4716981132,0.74
1928,ILE139 A CD1 : ARG208 A CB,0.0179426669,0.0014091254,0.7665642176,210,1334,7.5328150946,0.6737039524,0.4150943396,0.74
1929,ILE139 A CD1 : VAL209 A CB,0.0094919552,0.0007454497,0.4055246368,210,1358,7.6598390812,0.6016844714,0.3018867925,0.63
1930,ILE139 A CD1 : VAL209 A CG2,0.0103698931,0.0008143985,0.443032784,210,1360,7.9102016725,0.6852071373,0.3396226415,0.65
1931,ILE139 A CD1 : GLN212 A CG,0.0120890769,0.0009494144,0.5164814336,210,1406,10.2090715298,0.6354987666,0.5849056604,0.71
1932,PHE141 A CB : GLU146 A CB,0.0035736997,0.0002806601,0.1526790944,243,314,10.546829488,0.6727169659,0.3018867925,0.5
1933,PHE141 A CB : GLU146 A CG,0.0033305214,0.0002615621,0.1422897824,243,315,10.7484966623,0.6398246478,0.2830188679,0.49
1934,PHE141 A CG : GLU146 A CB,0.0039273952,0.0003084376,0.1677900544,244,314,9.8351736894,0.6300320212,0.2641509434,0.51
1935,PHE141 A CD1 : ARG208 A CG,0.0123168499,0.0009673025,0.52621256,245,1335,7.0965240083,0.5263639228,0.320754717,0.67
1936,PHE141 A CD2 : GLU146 A CB,0.004552399,0.0003575222,0.1944920768,246,314,9.7199200228,0.6859197414,0.2830188679,0.54
1937,PHE141 A CE1 : LYS204 A CB,0.0814670578,0.0063980067,3.4805156448,247,1263,5.318369722,0.5323152457,0.7924528302,0.94
1938,PHE141 A CE1 : ARG208 A CG,0.015912455,0.001249683,0.679827552,247,1335,6.4845691453,0.6785010258,0.320754717,0.7
1939,PHE141 A CE2 : MET205 A CG,0.0346731633,0.0027230532,1.4813409408,248,1286,6.194282969,0.5966724039,0.4905660377,0.84
1940,PHE141 A CE2 : MET205 A CE,0.025339046,0.0019899993,1.0825596192,248,1288,7.4549408113,0.4840943466,0.5283018868,0.8
1941,PHE141 A CZ : MET205 A CG,0.0370275981,0.0029079585,1.581929424,249,1286,5.6223932182,0.6378340865,0.4339622642,0.84
1942,PHE141 A CZ : ARG208 A CB,0.0159172095,0.0012500564,0.6800306816,249,1334,6.1243740292,0.6488316142,0.3018867925,0.7
1943,PHE141 A CZ : ARG208 A CG,0.0159018243,0.0012488481,0.6793733664,249,1335,6.347971743,0.6812365109,0.320754717,0.7
1944,ASP144 A CB : TYR145 A CD2,8.84026e-05,6.9427e-06,0.0037768288,281,296,16.8188992951,0.0660330971,0.0754716981,0.02
1945,ASP144 A CB : ASP147 A CB,0.0005373686,4.22022e-05,0.0229579968,281,329,15.672389998,0.2525086872,0.2452830189,0.18
1946,TYR145 A CB : GLU146 A CG,0.0004641008,3.64481e-05,0.0198277664,293,315,13.2668633256,0.2343949722,0.1320754717,0.09
1947,TYR145 A CG : TYR149 A CB,0.0010039932,7.88485e-05,0.042893584,294,365,13.5370328359,0.3220835716,0.2452830189,0.26
1948,TYR145 A CD1 : TYR149 A CB,0.0020797509,0.000163333,0.088853152,295,365,12.9888248699,0.6796740238,0.358490566,0.43
1949,TYR145 A CD2 : GLU146 A CB,0.0001065529,8.3681e-06,0.0045522464,296,314,13.5668815227,0.0676418801,0.0377358491,0.01
1950,TYR145 A CD2 : GLU146 A CG,0.0001263953,9.9264e-06,0.0053999616,296,315,13.6906952435,0.0632894784,0.0566037736,0.01
1951,TYR145 A CD2 : ARG148 A CG,0.0002022238,1.58816e-05,0.0086395904,296,342,16.3045217884,0.0630671368,0.1509433962,0.06
1952,TYR145 A CD2 : TYR149 A CB,0.0001867968,1.46701e-05,0.0079805344,296,365,14.1738120313,0.0604871166,0.0566037736,0.03
1953,TYR145 A CD2 : TYR149 A CD2,0.0001748415,1.37312e-05,0.0074697728,296,368,13.0899581837,0.0680662207,0.0566037736,0.02
1954,TYR145 A CD2 : TYR149 A CE1,0.0001522637,1.1958e-05,0.006505152,296,369,13.8463454836,0.0599728942,0.0566037736,0.02
1955,TYR145 A CE1 : TYR149 A CB,0.0020792422,0.0001632931,0.0888314464,297,365,12.9840058534,0.6882574936,0.358490566,0.43
1956,TYR145 A CE1 : TYR149 A CG,0.0016702732,0.0001311747,0.0713590368,297,366,12.6217641002,0.6711779527,0.2830188679,0.36
1957,TYR145 A CE1 : TYR149 A CD1,0.0016975423,0.0001333163,0.0725240672,297,367,13.0091630303,0.6868187956,0.3018867925,0.38
1958,TYR145 A CE1 : TYR149 A CD2,0.0006399902,5.02616e-05,0.0273423104,297,368,11.937531267,0.2557788657,0.1132075472,0.11
1959,TYR145 A CE1 : TYR149 A CE1,0.001183432,9.29407e-05,0.0505597408,297,369,12.7462015224,0.4786760904,0.2075471698,0.28
1960,TYR145 A CE2 : TYR149 A CB,0.0002398481,1.88364e-05,0.0102470016,298,365,14.1624757458,0.0783076781,0.0754716981,0.04
1961,TYR145 A CE2 : TYR149 A CD1,0.0002796319,2.19609e-05,0.0119467296,298,367,14.1918984107,0.1112670121,0.0943396226,0.05
1962,GLU146 A CB : MET205 A CE,0.0377874761,0.0029676354,1.6143936576,314,1288,9.3845336192,0.6868572999,0.8490566038,0.9
1963,GLU146 A CG : MET205 A CE,0.0357437596,0.0028071324,1.5270800256,315,1288,9.5883493366,0.6547293493,0.8490566038,0.89
1964,ASP147 A CB : ARG148 A CB,0.0006122587,4.80837e-05,0.0261575328,329,341,14.433986369,0.2641695019,0.2075471698,0.17
1965,ARG148 A CB : ARG151 A CB,0.0015789386,0.0001240018,0.0674569792,341,407,14.3350284967,0.2510967501,0.3773584906,0.4
1966,ARG148 A CB : GLU152 A CG,0.0021161469,0.0001661914,0.0904081216,341,432,15.7074196242,0.2361577227,0.5660377358,0.5
1967,ARG148 A CG : GLU152 A CG,0.0019960977,0.0001567633,0.0852792352,342,432,16.3265681865,0.2233010453,0.5849056604,0.5
1968,TYR149 A CB : MET205 A CE,0.0169610012,0.0013320304,0.7246245376,365,1288,9.8191506888,0.294655241,0.641509434,0.77
1969,TYR149 A CD2 : MET205 A SD,0.035368809,0.0027776856,1.5110609664,368,1287,8.4982522321,0.6078991478,0.7924528302,0.88
1970,TYR149 A CD2 : MET205 A CE,0.0242316706,0.0019030317,1.0352492448,368,1288,8.9442049675,0.4322846147,0.6981132075,0.82
1971,TYR149 A CE2 : MET205 A SD,0.0197550212,0.0015514585,0.843993424,370,1287,8.4210062641,0.3397030102,0.5471698113,0.77
1972,TYR150 A CB : MET205 A CG,0.0266043097,0.0020893666,1.1366154304,386,1286,6.6938576509,0.3901892693,0.4528301887,0.8
1973,TYR150 A CB : MET205 A SD,0.0432630043,0.0033976554,1.8483245376,386,1287,7.4622999303,0.6703022336,0.7735849057,0.89
1974,TYR150 A CB : MET205 A CE,0.0272388622,0.0021392011,1.1637253984,386,1288,7.9322850901,0.4364125333,0.6226415094,0.82
1975,TYR150 A CG : MET154 A CB,0.0043366623,0.0003405793,0.1852751392,387,460,9.6094551875,0.3777366967,0.2641509434,0.53
1976,TYR150 A CG : TYR157 A CE1,0.0039523151,0.0003103946,0.1688546624,387,522,7.442618642,0.3306689544,0.1320754717,0.45
1977,TYR150 A CD1 : TYR157 A CG,0.0082928836,0.0006512807,0.3542967008,388,519,6.8275232332,0.6879058593,0.2264150943,0.6
1978,TYR150 A CD1 : TYR157 A CD1,0.0080735852,0.0006340582,0.3449276608,388,520,7.2802400544,0.6866703111,0.2452830189,0.6
1979,TYR150 A CD1 : TYR157 A CD2,0.0079520532,0.0006245137,0.3397354528,388,521,6.1934541453,0.6857417011,0.1886792453,0.58
1980,TYR150 A CD1 : TYR157 A CE1,0.0076932514,0.0006041887,0.3286786528,388,522,7.1477136379,0.6684870319,0.2264150943,0.59
1981,TYR150 A CD1 : TYR157 A CE2,0.0073971727,0.0005809362,0.3160292928,388,523,6.0174898006,0.6545629564,0.1886792453,0.56
1982,TYR150 A CD2 : ARG151 A CB,0.0014132583,0.0001109901,0.0603786144,389,407,11.3583641978,0.4361479094,0.1886792453,0.28
1983,TYR150 A CD2 : MET154 A CE,0.0048970904,0.0003845925,0.20921832,389,463,10.5847196113,0.4873242523,0.3773584906,0.57
1984,TYR150 A CE1 : MET154 A CB,0.0074901744,0.00058824,0.32000256,390,460,9.4565388753,0.6607884147,0.3773584906,0.62
1985,TYR150 A CE1 : TYR157 A CB,0.0089739281,0.0007047665,0.383392976,390,518,7.2973897045,0.6800764231,0.2641509434,0.62
1986,TYR150 A CE1 : TYR157 A CG,0.0082304189,0.0006463751,0.3516280544,390,519,6.9616430532,0.688214365,0.2264150943,0.6
1987,TYR150 A CE1 : TYR157 A CD1,0.0075946599,0.0005964458,0.3244665152,390,520,7.3616170268,0.6512638159,0.2452830189,0.59
1988,TYR150 A CE1 : TYR157 A CD2,0.0077662644,0.0006099227,0.3317979488,390,521,6.3143030296,0.6753206953,0.2075471698,0.58
1989,TYR150 A CE1 : VAL209 A CG2,0.0183187424,0.0014386605,0.782631312,390,1360,7.076112598,0.686912239,0.3962264151,0.73
1990,TYR150 A CE2 : MET154 A CE,0.0069229971,0.0005436968,0.2957710592,391,463,10.7509861641,0.686976345,0.4339622642,0.63
1991,TYR150 A CE2 : VAL209 A CG2,0.0161560406,0.0012688129,0.6902342176,391,1360,7.9734309742,0.6056824281,0.4150943396,0.73
1992,ARG151 A CB : GLU152 A CB,0.000779146,6.11901e-05,0.0332874144,407,431,14.2291686423,0.25362651,0.2452830189,0.22
1993,ARG151 A CB : GLU152 A CG,0.0010194042,8.00588e-05,0.0435519872,407,432,14.7812513763,0.3386130151,0.320754717,0.3
1994,ARG151 A CG : MET154 A SD,0.0050177703,0.0003940701,0.2143741344,408,462,13.5326866974,0.6347647366,0.6226415094,0.62
1995,ARG151 A CG : MET154 A CE,0.0047981934,0.0003768256,0.2049931264,408,463,12.9141587221,0.6365822646,0.5471698113,0.61
1996,ASN153 A CB : TYR157 A CE1,0.0056740001,0.000445607,0.242410208,446,522,9.2451067463,0.6376623074,0.3018867925,0.57
1997,MET154 A CG : HIS155 A CB,0.0005503241,4.32196e-05,0.0235114624,461,477,13.4172151824,0.1382514641,0.1509433962,0.13
1998,HIS155 A CB : ARG156 A CB,0.0011336654,8.90323e-05,0.0484335712,477,494,12.6064545968,0.1265050342,0.2075471698,0.26
1999,ARG156 A CB : TYR157 A CD1,0.0069405092,0.0005450722,0.2965192768,494,520,9.0510251906,0.3934450379,0.3396226415,0.6
2000,ARG156 A CG : TYR157 A CD1,0.0150723655,0.0011837066,0.6439363904,495,520,8.5052305671,0.6794330015,0.4716981132,0.72
2001,ARG156 A CG : TYR157 A CE1,0.0153634613,0.0012065678,0.6563728832,495,522,8.3816308974,0.6846202799,0.4528301887,0.73
2002,TYR157 A CD2 : MET206 A CG,0.0747825436,0.0058730391,3.1949332704,521,1303,4.0061023764,0.6879863012,0.5283018868,0.92
2003,TYR157 A CE2 : MET205 A CB,0.0563770891,0.0044275687,2.4085973728,523,1285,4.1504563906,0.6828626925,0.4150943396,0.89
2004,TYR157 A CE2 : MET206 A CG,0.0699779755,0.0054957129,2.9896678176,523,1303,3.7062994347,0.6488969833,0.4339622642,0.91
2005,TYR157 A CE2 : MET206 A SD,0.0811203731,0.0063707799,3.4657042656,523,1304,3.7308381096,0.6468269939,0.5283018868,0.93
2006,PRO158 A CB : MET213 A CE,0.0138265894,0.0010858697,0.5907131168,539,1425,8.9994984027,0.6867265988,0.4905660377,0.72
2007,PRO158 A CG : VAL210 A CG2,0.0180402802,0.0014167915,0.770734576,540,1376,6.3681007373,0.6882250223,0.358490566,0.72
2008,PRO158 A CG : MET213 A CE,0.0133050256,0.0010449088,0.5684303872,540,1425,8.2696218777,0.6473801358,0.3962264151,0.7
2009,VAL161 A CB : CYS179 A SG,0.006034674,0.0004739325,0.25781928,584,881,12.318534714,0.6881612934,0.5660377358,0.63
2010,VAL161 A CB : CYS214 A SG,0.0047548367,0.0003734206,0.2031408064,584,1440,11.4839701105,0.6860981965,0.4150943396,0.58
2011,VAL161 A CG1 : THR183 A CG2,0.0211622084,0.0016619718,0.9041126592,585,941,10.0963234521,0.6349394228,0.7735849057,0.81
2012,VAL161 A CG1 : VAL210 A CG1,0.0212195248,0.0016664731,0.9065613664,585,1375,9.0964425052,0.6883664703,0.6603773585,0.8
2013,VAL161 A CG1 : MET213 A CB,0.0134963903,0.0010599376,0.5766060544,585,1422,10.8371809296,0.6749783172,0.679245283,0.74
2014,VAL161 A CG1 : MET213 A CE,0.0137334698,0.0010785566,0.5867347904,585,1425,9.989187079,0.6794771598,0.6037735849,0.73
2015,VAL161 A CG1 : CYS214 A SG,0.0046106939,0.0003621004,0.1969826176,585,1440,10.811083572,0.6865223589,0.3773584906,0.56
2016,VAL161 A CG2 : CYS179 A SG,0.0059399652,0.0004664945,0.253773008,586,881,12.8575609662,0.6883782825,0.6037735849,0.64
2017,VAL161 A CG2 : MET213 A CB,0.0124716328,0.0009794584,0.5328253696,586,1422,12.0142494876,0.6215329541,0.7735849057,0.75
2018,VAL161 A CG2 : CYS214 A SG,0.0045428365,0.0003567712,0.1940835328,586,1440,12.031785705,0.6694127972,0.4528301887,0.58
2019,VAL161 A CG2 : GLN217 A CB,0.005616161,0.0004410646,0.2399391424,586,1482,14.6525556645,0.6848553885,0.7358490566,0.66
2020,VAL161 A CG2 : GLN217 A CG,0.0050669002,0.0003979285,0.216473104,586,1483,15.048366506,0.6572782264,0.7358490566,0.65
2021,TYR162 A CB : ILE182 A CB,0.0078388587,0.0006156239,0.3348994016,600,920,11.6533239357,0.3324754273,0.5849056604,0.67
2022,TYR162 A CB : ILE182 A CG2,0.0155785329,0.0012234584,0.6655613696,600,922,12.1287878826,0.6769806393,0.8113207547,0.79
2023,TYR162 A CG : ILE182 A CG2,0.0137741433,0.0010817509,0.5884724896,601,922,12.0157757656,0.621646188,0.7735849057,0.76
2024,TYR162 A CD2 : ILE182 A CG2,0.0145754179,0.0011446789,0.6227053216,603,922,11.3768320173,0.6714705498,0.7547169811,0.76
2025,TYR162 A CD2 : THR183 A CG2,0.0154270954,0.0012115653,0.6590915232,603,941,10.4922867622,0.6234355003,0.679245283,0.76
2026,TYR162 A CE2 : THR183 A CG2,0.0139996023,0.0010994573,0.5981047712,605,941,10.522238652,0.5700323811,0.6603773585,0.74
2027,TYR162 A CE2 : GLN186 A CB,0.0293530129,0.0023052357,1.2540482208,605,994,10.8108916954,0.52015148,0.8679245283,0.88
2028,TYR163 A CB : PHE175 A CE1,0.0010436633,8.1964e-05,0.044588416,621,819,17.4523940836,0.2277690264,0.5283018868,0.38
2029,TYR163 A CB : PHE175 A CE2,0.0026559569,0.0002085853,0.1134704032,621,820,16.9821727482,0.5897565707,0.6981132075,0.57
2030,TYR163 A CB : PHE175 A CZ,0.0029047589,0.0002281249,0.1240999456,621,821,17.3519696721,0.6430176094,0.7547169811,0.59
2031,TYR163 A CG : GLN217 A CG,0.0063210511,0.0004964231,0.2700541664,622,1483,17.5447165908,0.5348950197,0.8679245283,0.72
2032,TYR163 A CD1 : GLN217 A CG,0.0045117695,0.0003543313,0.1927562272,623,1483,17.7651108215,0.3845377685,0.8301886792,0.67
2033,TYR163 A CD2 : PHE175 A CE2,0.0024774201,0.0001945639,0.1058427616,624,820,18.0696931975,0.5456060149,0.7547169811,0.58
2034,TYR163 A CD2 : PHE175 A CZ,0.0027982947,0.0002197638,0.1195515072,624,821,18.4188517286,0.6143910874,0.7924528302,0.6
2035,TYR163 A CD2 : GLN217 A CG,0.0073501386,0.0005772424,0.3140198656,624,1483,17.9198925639,0.6285279263,0.8867924528,0.75
2036,TYR163 A CE1 : GLN217 A CG,0.0039445386,0.0003097839,0.1685224416,625,1483,18.3433803387,0.3376823222,0.8301886792,0.66
2037,TYR163 A CE2 : GLN217 A CG,0.0069641964,0.0005469324,0.2975312256,626,1483,18.4887007318,0.5992601625,0.9056603774,0.75
2038,TYR163 A CE2 : GLU221 A CB,0.0047859219,0.0003758619,0.2044688736,626,1559,21.5527216669,0.4820543542,0.9245283019,0.73
2039,ARG164 A CB : PRO165 A CG,0.0004081,3.20501e-05,0.0174352544,642,667,21.8840149196,0.400072327,0.6037735849,0.28
2040,PRO165 A CB : MET166 A CB,0.0002836687,2.22779e-05,0.0121191776,666,680,24.6189609702,0.1944189612,0.679245283,0.27
2041,PRO165 A CG : ASP167 A CB,0.0004244604,3.3335e-05,0.01813424,667,697,25.1034036437,0.362815302,0.7735849057,0.36
2042,MET166 A CB : GLU221 A CG,0.0047498875,0.0003730319,0.2029293536,680,1560,24.9090496657,0.6044394852,1.0,0.78
2043,MET166 A CB : ALA224 A CB,0.0005156699,4.04981e-05,0.0220309664,680,1602,27.0022641088,0.0642327094,0.8301886792,0.45
2044,MET166 A CG : GLU221 A CB,0.0031847789,0.0002501163,0.1360632672,681,1559,23.8756037096,0.4132707033,0.9245283019,0.7
2045,MET166 A CG : GLU221 A CG,0.0051451159,0.0004040711,0.2198146784,681,1560,24.4670034996,0.6883656181,0.9811320755,0.79
2046,MET166 A CG : ALA224 A CB,0.0005200231,4.084e-05,0.02221696,681,1602,26.5404497937,0.0680283558,0.8301886792,0.44
2047,MET166 A SD : TYR218 A CD1,0.003271049,0.0002568915,0.139748976,682,1501,22.7224683628,0.4435864071,0.9245283019,0.69
2048,MET166 A SD : TYR218 A CE1,0.0046393124,0.0003643479,0.1982052576,682,1503,23.2946544351,0.6308940679,0.9622641509,0.75
2049,MET166 A CE : TYR218 A CD1,0.0034917295,0.0002742226,0.1491770944,683,1501,22.9367169676,0.488797132,0.9245283019,0.7
2050,MET166 A CE : TYR218 A CE1,0.0048976579,0.000384637,0.209242528,683,1503,23.5148111517,0.6875864598,0.9811320755,0.77
2051,MET166 A CE : ALA224 A CB,0.0004542134,3.56716e-05,0.0194053504,683,1602,26.6812984926,0.0643237137,0.8113207547,0.41
2052,MET166 A CE : TYR225 A CB,0.0021406193,0.0001681133,0.0914536352,683,1612,27.0639005919,0.3141537342,0.9622641509,0.69
2053,MET166 A CE : TYR225 A CG,0.0021987618,0.0001726795,0.093937648,683,1613,27.3872822036,0.3247698173,0.9811320755,0.7
2054,MET166 A CE : TYR225 A CD1,0.0018070453,0.0001419161,0.0772023584,683,1614,27.6191673345,0.2673957194,0.9622641509,0.67
2055,ASP167 A CB : GLU168 A CB,0.0003200299,2.51335e-05,0.013672624,697,709,26.4382573745,0.3919103066,0.7735849057,0.33
2056,ASP167 A CB : GLU168 A CG,0.0003946185,3.09913e-05,0.0168592672,697,710,25.997917407,0.4823203095,0.7924528302,0.36
2057,GLU168 A CB : TYR169 A CE1,5.42468e-05,4.2603e-06,0.0023176032,709,728,23.4693485636,0.0604715073,0.320754717,0.06
2058,GLU168 A CG : TYR169 A CB,0.0004649664,3.65161e-05,0.0198647584,710,724,23.7965499915,0.5547250448,0.7358490566,0.35
2059,GLU168 A CG : TYR169 A CE1,6.00768e-05,4.7181e-06,0.0025666464,710,728,23.0096479439,0.0670884213,0.3018867925,0.06
2060,TYR169 A CG : PHE175 A CD1,0.000246911,1.93911e-05,0.0105487584,725,817,19.4209127746,0.1740644934,0.358490566,0.13
2061,TYR169 A CD1 : ASN174 A CB,0.0001299659,1.02069e-05,0.0055525536,726,801,19.3468676082,0.052062958,0.2075471698,0.07
2062,TYR169 A CD1 : PHE175 A CB,0.0001242425,9.7574e-06,0.0053080256,726,815,19.1098705974,0.0635241738,0.1886792453,0.06
2063,TYR169 A CD1 : PHE175 A CG,0.0001006339,7.9033e-06,0.0042993952,726,816,19.1900804975,0.0668284806,0.1886792453,0.05
2064,TYR169 A CD1 : PHE175 A CD2,3.98525e-05,3.1298e-06,0.0017026112,726,818,18.8951081566,0.0301935624,0.0754716981,0.01
2065,TYR169 A CD1 : PHE175 A CE1,6.8847e-05,5.4069e-06,0.0029413536,726,819,19.720638656,0.0520613109,0.1509433962,0.03
2066,TYR169 A CD1 : PHE175 A CZ,5.51003e-05,4.3273e-06,0.0023540512,726,821,19.4309225913,0.0440145221,0.1132075472,0.02
2067,TYR169 A CD2 : PHE175 A CD1,0.0007883161,6.19103e-05,0.0336792032,727,817,18.7515822066,0.5617637892,0.5471698113,0.34
2068,TYR169 A CD2 : PHE175 A CE1,0.0004366089,3.4289e-05,0.018653216,727,819,18.8890780678,0.3311540807,0.4150943396,0.22
2069,TYR169 A CE1 : PHE175 A CB,0.0001192658,9.3665e-06,0.005095376,728,815,18.6660012054,0.0611912161,0.1698113208,0.05
2070,TYR169 A CE1 : PHE175 A CG,0.0001021862,8.0252e-06,0.0043657088,728,816,18.7257748772,0.0681621579,0.1509433962,0.04
2071,TYR169 A CE1 : PHE175 A CE1,8.96073e-05,7.0373e-06,0.0038282912,728,819,19.2349877372,0.0681045839,0.1698113208,0.04
2072,TYR169 A CE1 : ASP178 A CB,0.0004598733,3.61161e-05,0.0196471584,728,868,16.6258069579,0.0606192088,0.2830188679,0.17
2073,TYR169 A CE2 : PHE175 A CD1,0.0005064792,3.97763e-05,0.0216383072,729,817,18.2629571401,0.3620592702,0.4150943396,0.23
2074,ASN171 A CB : ASN174 A CB,0.0007615678,5.98096e-05,0.0325364224,756,801,18.8229465015,0.6707099316,0.5471698113,0.34
2075,ASN171 A CB : PHE175 A CB,0.0004217137,3.31192e-05,0.0180168448,756,815,18.6356898584,0.6882183194,0.3962264151,0.21
2076,ASN171 A CB : PHE175 A CG,0.0001260956,9.9029e-06,0.0053871776,756,816,18.6671053795,0.3572527819,0.1886792453,0.05
2077,ASN171 A CB : PHE175 A CD1,8.1037e-05,6.3642e-06,0.0034621248,756,817,18.9852781715,0.2190400946,0.1509433962,0.03
2078,GLN172 A CB : ASN173 A CB,0.0001256732,9.8697e-06,0.0053691168,770,787,17.547045257,0.2666747727,0.1320754717,0.04
2079,GLN172 A CG : ASN173 A CB,9.18429e-05,7.2129e-06,0.0039238176,771,787,17.1656746226,0.1953481764,0.0943396226,0.03
2080,ASN173 A CB : ASN174 A CB,1.55484e-05,1.2211e-06,0.0006642784,787,801,16.7651704733,0.2374889424,0.0188679245,0.0
2081,ASN174 A CB : HIS177 A CB,0.0005732623,4.50211e-05,0.0244914784,801,851,15.1243879628,0.1375095345,0.2264150943,0.18
2082,PHE175 A CG : TYR218 A CB,0.0036061196,0.0002832062,0.1540641728,816,1499,18.1152425943,0.2920308009,0.8113207547,0.64
2083,PHE175 A CG : TYR218 A CD1,0.0033593843,0.0002638289,0.1435229216,816,1501,19.2306963537,0.2865087905,0.8490566038,0.64
2084,PHE175 A CD2 : TYR218 A CB,0.0081469029,0.0006398162,0.3480600128,818,1499,17.8948739727,0.673022156,0.9056603774,0.77
2085,PHE175 A CD2 : TYR218 A CG,0.0060372784,0.000474137,0.257930528,818,1500,18.4871503753,0.5164325892,0.8867924528,0.72
2086,PHE175 A CD2 : TYR218 A CD1,0.0057991067,0.0004554322,0.2477551168,818,1501,19.0504116163,0.5050706756,0.9056603774,0.73
2087,PHE175 A CE2 : TYR218 A CB,0.008013955,0.0006293751,0.3423800544,820,1499,18.0984260296,0.665717683,0.9056603774,0.77
2088,PHE175 A CE2 : TYR218 A CD1,0.0053808631,0.0004225855,0.229886512,820,1501,19.2394886496,0.4713899921,0.8867924528,0.72
2089,VAL176 A CB : HIS177 A CB,0.0005433235,4.26699e-05,0.0232124256,835,851,12.5268452134,0.1394809193,0.1132075472,0.1
2090,VAL176 A CB : CYS214 A CB,0.008722934,0.0006850547,0.3726697568,835,1439,12.3995774323,0.6155559025,0.679245283,0.69
2091,VAL176 A CG1 : HIS177 A CB,0.0005974686,4.69221e-05,0.0255256224,836,851,11.8477614869,0.1445302675,0.0943396226,0.1
2092,VAL176 A CG1 : VAL180 A CG2,0.0054034595,0.0004243601,0.2308518944,836,892,10.2315067683,0.6852350595,0.358490566,0.58
2093,VAL176 A CG1 : GLU211 A CG,0.0257271869,0.0020204819,1.0991421536,836,1391,10.5653400561,0.6739702875,0.8301886792,0.85
2094,VAL176 A CG2 : CYS214 A CB,0.0093114037,0.0007312701,0.3978109344,837,1439,12.59131265,0.6806825133,0.7169811321,0.71
2095,VAL176 A CG2 : ILE215 A CB,0.0101325628,0.0007957597,0.4328932768,837,1449,13.7892907087,0.543130082,0.8113207547,0.74
2096,VAL176 A CG2 : ILE215 A CG1,0.0126655494,0.0009946876,0.5411100544,837,1450,13.5658061869,0.6845812672,0.8301886792,0.78
2097,VAL176 A CG2 : ILE215 A CD1,0.0085200693,0.0006691227,0.3640027488,837,1452,13.1957941027,0.4605538493,0.7358490566,0.7
2098,HIS177 A CB : ASP178 A CB,0.0003950297,3.10236e-05,0.0168768384,851,868,12.3617923154,0.3330318196,0.0754716981,0.05
2099,ASP178 A CB : ILE182 A CG1,0.0028960662,0.0002274423,0.1237286112,868,921,11.6316762657,0.1576638781,0.320754717,0.48
2100,CYS179 A CB : CYS214 A CB,0.0094757396,0.0007441762,0.4048318528,880,1439,12.3672055655,0.6673730968,0.6981132075,0.71
2101,CYS179 A CB : CYS214 A SG,0.0056887078,0.0004467621,0.2430385824,880,1440,11.826108447,0.5990838544,0.4905660377,0.62
2102,CYS179 A SG : CYS214 A CB,0.0055361759,0.000434783,0.236521952,881,1439,12.327914483,0.5878388725,0.5471698113,0.62
2103,VAL180 A CB : ASN181 A CB,0.0019868313,0.0001560356,0.0848833664,890,906,7.3187178693,0.2006016685,0.0566037736,0.24
2104,VAL180 A CB : VAL210 A CG1,0.031170059,0.0024479373,1.3316778912,890,1375,7.6973893789,0.6598766154,0.641509434,0.84
2105,VAL180 A CG1 : ILE184 A CB,0.0214943297,0.0016880549,0.9183018656,891,953,4.7228467051,0.4538061889,0.2641509434,0.73
2106,VAL180 A CG1 : ILE184 A CG1,0.0281890216,0.0022138218,1.2043190592,891,954,4.9910649665,0.6879762995,0.3396226415,0.78
2107,VAL180 A CG1 : VAL210 A CB,0.0311301277,0.0024448013,1.3299719072,891,1374,6.334735768,0.6333501585,0.4716981132,0.82
2108,VAL180 A CG1 : VAL210 A CG1,0.0312954261,0.002457783,1.337033952,891,1375,6.9567409216,0.6646989161,0.5660377358,0.83
2109,VAL180 A CG2 : VAL210 A CG1,0.030615708,0.0024044014,1.3079943616,892,1375,7.9348181769,0.668561555,0.679245283,0.84
2110,VAL180 A CG2 : GLU211 A CB,0.0289484073,0.0022734601,1.2367622944,892,1390,8.405021624,0.6183572524,0.7169811321,0.84
2111,VAL180 A CG2 : GLU211 A CG,0.0284716739,0.0022360199,1.2163948256,892,1391,8.9058803888,0.6181681291,0.7547169811,0.85
2112,VAL180 A CG2 : CYS214 A CB,0.0141042954,0.0011076793,0.6025775392,892,1439,10.3116280359,0.6464569978,0.641509434,0.74
2113,VAL180 A CG2 : CYS214 A SG,0.0117694638,0.0009243136,0.5028265984,892,1440,9.8899802452,0.6876713339,0.5283018868,0.7
2114,THR183 A CG2 : VAL210 A CG1,0.0384252908,0.0030177261,1.6416429984,941,1375,8.3952640518,0.5989408201,0.8113207547,0.89
2115,ILE184 A CG1 : VAL210 A CB,0.054037397,0.0042438212,2.3086387328,954,1374,5.2507098806,0.5995804134,0.5849056604,0.9
2116,ILE184 A CG1 : VAL210 A CG2,0.0599183569,0.0047056818,2.5598908992,954,1376,4.9703149045,0.6766696633,0.6037735849,0.91
2117,ILE184 A CG2 : VAL203 A CG1,0.0,0.0,0.0,955,1248,0.0,0.548803189,0.0,0.0
2118,ILE184 A CD1 : MET206 A CB,0.1106094125,0.0086866984,4.7255639296,956,1302,2.8646400297,0.6458236129,0.5849056604,0.95
2119,ILE184 A CD1 : GLU207 A CB,0.1031078815,0.0080975665,4.405076176,956,1319,2.71125068,0.6491680869,0.4716981132,0.94
2120,ILE184 A CD1 : GLU207 A CG,0.1150394923,0.0090346143,4.9148301792,956,1320,2.3059102866,0.6872995485,0.4716981132,0.95
2121,ILE184 A CD1 : VAL210 A CG2,0.0575862865,0.0045225329,2.4602578976,956,1376,4.4029131833,0.686555887,0.4528301887,0.9
2122,LYS185 A CB : VAL189 A CG2,0.0166379442,0.0013066592,0.7108226048,972,1044,7.5198555505,0.3756529622,0.3962264151,0.73
2123,LYS185 A CG : VAL189 A CB,0.0119674103,0.0009398593,0.5112834592,973,1042,7.6837314177,0.2694401922,0.358490566,0.67
2124,LYS185 A CG : VAL189 A CG2,0.0299243271,0.0023501038,1.2784564672,973,1044,7.6724030623,0.6865184146,0.641509434,0.84
2125,LYS185 A CD : VAL189 A CG2,0.023664753,0.0018585089,1.0110288416,974,1044,8.4158719988,0.5453600191,0.6226415094,0.81
2126,GLN186 A CB : VAL189 A CG1,0.0022568252,0.0001772395,0.096418288,994,1043,9.1688897229,0.0650223632,0.1509433962,0.34
2127,GLN186 A CB : THR190 A CG2,0.0026999143,0.0002120375,0.1153484,994,1060,10.2947492806,0.0570297081,0.2264150943,0.43
2128,GLN186 A CG : VAL189 A CG1,0.0019646503,0.0001542936,0.0839357184,995,1043,9.738076825,0.0556237889,0.1509433962,0.32
2129,GLN186 A CG : THR190 A CG2,0.003200714,0.0002513677,0.1367440288,995,1060,10.6898420124,0.0681209063,0.2830188679,0.48
2130,HIS187 A CB : THR190 A CG2,0.0032019401,0.000251464,0.136796416,1011,1060,8.2986476157,0.0670462934,0.1698113208,0.42
2131,HIS187 A CB : MET206 A CE,0.1573618007,0.0123583923,6.7229654112,1011,1305,3.9215352223,0.642005239,0.8867924528,0.97
2132,THR188 A CG2 : THR192 A CG2,0.0055098107,0.0004327124,0.2353955456,1030,1088,5.14202183,0.0547625343,0.0943396226,0.48
2133,THR188 A CG2 : VAL203 A CG2,0.0,0.0,0.0,1030,1249,0.0,0.5101964972,0.0,0.0
2134,VAL189 A CB : THR192 A CG2,0.0041239066,0.0003238706,0.1761856064,1042,1088,7.739634003,0.0758915535,0.1698113208,0.47
2135,VAL189 A CG1 : THR191 A CG2,0.0033251923,0.0002611436,0.1420621184,1043,1074,6.3962778629,0.0560976321,0.0943396226,0.37
2136,VAL189 A CG1 : THR192 A CG2,0.0097721675,0.0007674561,0.4174961184,1043,1088,8.453935134,0.180236711,0.358490566,0.65
2137,VAL189 A CG2 : THR190 A CG2,0.0018453355,0.0001449232,0.0788382208,1044,1060,8.782380002,0.0681614848,0.1132075472,0.27
2138,VAL189 A CG2 : THR193 A CG2,0.0042678408,0.0003351744,0.1823348736,1044,1102,9.0370649826,0.0680287305,0.2452830189,0.51
2139,THR190 A CG2 : THR191 A CG2,0.0022057931,0.0001732317,0.0942380448,1060,1074,8.0404817331,0.0674468994,0.0943396226,0.3
2140,THR190 A CG2 : THR193 A CG2,0.0126778798,0.0009956559,0.5416368096,1060,1102,11.1837034787,0.3554924705,0.679245283,0.74
2141,THR190 A CG2 : LYS194 A CB,0.0046319939,0.0003637731,0.1978925664,1060,1114,11.2519318008,0.0950856568,0.3962264151,0.57
2142,THR190 A CG2 : LYS194 A CG,0.0292077054,0.002293824,1.247840256,1060,1115,11.5646393588,0.6060635932,0.8867924528,0.89
2143,THR190 A CG2 : LYS194 A CD,0.0168451515,0.0013229322,0.7196751168,1060,1116,12.3280487507,0.3506881392,0.8301886792,0.81
2144,THR191 A CG2 : THR193 A CG2,0.000319763,2.51126e-05,0.0136612544,1074,1102,8.2461120233,0.0655136678,0.0188679245,0.01
2145,THR191 A CG2 : LYS194 A CG,0.0008537319,6.70477e-05,0.0364739488,1074,1115,8.3459059125,0.0551209691,0.0377358491,0.06
2146,THR191 A CG2 : ASN197 A CB,0.0062097651,0.0004876832,0.2652996608,1074,1158,5.2107426294,0.0680016934,0.1132075472,0.51
2147,THR191 A CG2 : PHE198 A CB,0.0891881239,0.0070043798,3.8103826112,1074,1172,3.2496220165,0.6865868155,0.4905660377,0.93
2148,THR191 A CG2 : PHE198 A CG,0.0799566154,0.0062793843,3.4159850592,1074,1173,3.7106723447,0.6717348355,0.5094339623,0.93
2149,THR191 A CG2 : PHE198 A CD1,0.0788906987,0.0061956726,3.3704458944,1074,1174,4.2619536893,0.678633943,0.6226415094,0.93
2150,THR191 A CG2 : PHE198 A CD2,0.0785475903,0.0061687266,3.3557872704,1074,1175,3.7175306656,0.686073048,0.4905660377,0.93
2151,THR191 A CG2 : PHE198 A CE2,0.0713576031,0.0056040618,3.0486096192,1074,1177,4.2698714559,0.6307166526,0.5471698113,0.92
2152,THR191 A CG2 : PHE198 A CZ,0.0572682095,0.0044975527,2.4466686688,1074,1178,4.7527266122,0.5041223068,0.5094339623,0.9
2153,THR192 A CG2 : THR193 A CG2,0.0032450308,0.0002548481,0.1386373664,1088,1102,9.9317526273,0.4048548248,0.2452830189,0.47
2154,THR192 A CG2 : LYS194 A CB,0.0013787352,0.0001082788,0.0589036672,1088,1114,9.5091047949,0.0654473126,0.1132075472,0.22
2155,THR192 A CG2 : GLU196 A CB,0.0033201263,0.0002607458,0.1418457152,1088,1143,7.4541421036,0.0611032536,0.1320754717,0.4
2156,THR192 A CG2 : PHE198 A CB,0.0058352642,0.0004582719,0.2492999136,1088,1172,5.14202183,0.0432378559,0.1132075472,0.49
2157,THR193 A CG2 : LYS194 A CB,0.0012665444,9.94679e-05,0.0541105376,1102,1114,11.4139586582,0.0970454586,0.1698113208,0.25
2158,LYS194 A CB : GLU196 A CG,0.0121270341,0.0009523953,0.5181030432,1114,1144,9.9325642837,0.4318213367,0.5471698113,0.71
2159,LYS194 A CD : GLU196 A CB,0.0022442482,0.0001762518,0.0958809792,1116,1143,10.2081125949,0.0661058147,0.1886792453,0.37
2160,LYS194 A CD : GLU196 A CG,0.001542103,0.0001211089,0.0658832416,1116,1144,10.8356033058,0.0536145005,0.1886792453,0.29
2161,GLU196 A CB : PHE198 A CD1,0.0456504692,0.0035851547,1.9503241568,1143,1174,6.0249888382,0.6816604324,0.6037735849,0.88
2162,GLU196 A CB : PHE198 A CE1,0.044743103,0.0035138948,1.9115587712,1143,1176,6.4652265235,0.6853180799,0.6603773585,0.88
2163,GLU196 A CG : ASN197 A CB,0.0030053806,0.0002360272,0.1283987968,1144,1158,7.5212525054,0.0636401685,0.1320754717,0.37
2164,GLU196 A CG : PHE198 A CE1,0.0391766473,0.0030767338,1.6737431872,1144,1176,7.1469241461,0.5558972724,0.679245283,0.87
2165,ASN197 A CB : PHE198 A CD2,0.001436714,0.0001128322,0.0613807168,1158,1175,4.3357206437,0.0582532968,0.0188679245,0.03
2166,ASN197 A CB : PHE198 A CE1,0.0014871255,0.0001167912,0.0635344128,1158,1176,5.6747328131,0.0624028843,0.0377358491,0.08
2167,ASN197 A CB : ASP202 A CB,0.0080758087,0.0006342328,0.3450226432,1158,1235,3.7339604644,0.0454204278,0.0754716981,0.53
2168,PHE198 A CB : ASP202 A CB,0.1181892202,0.0092819778,5.0493959232,1172,1235,2.5266701902,0.6831731863,0.5094339623,0.95
2169,PHE198 A CB : VAL203 A CG2,0.0,0.0,0.0,1172,1249,0.0,0.5279890139,0.0,0.0
2170,PHE198 A CG : ASP202 A CB,0.1190344272,0.0093483561,5.0855057184,1173,1235,3.05638058,0.687889962,0.6603773585,0.96
2171,PHE198 A CD2 : THR199 A CG2,0.0081074693,0.0006367192,0.3463752448,1175,1194,2.5046641491,0.0667907507,0.0566037736,0.51
2172,PHE198 A CD2 : ASP202 A CB,0.1192094302,0.0093620999,5.0929823456,1175,1235,3.1071139744,0.6879698233,0.679245283,0.96
2173,PHE198 A CD2 : MET206 A SD,0.1497744418,0.0117625198,6.3988107712,1175,1304,3.1263661814,0.6610547216,0.8113207547,0.97
2174,PHE198 A CD2 : MET206 A CE,0.1645553585,0.0129233376,7.0302956544,1175,1305,2.5046641491,0.6600166345,0.7735849057,0.97
2175,PHE198 A CE1 : THR199 A CG2,0.0074562147,0.000585573,0.318551712,1176,1194,3.7988359401,0.0613696791,0.0754716981,0.52
2176,PHE198 A CE2 : ASP202 A CB,0.1031300567,0.008099308,4.406023552,1177,1235,3.728051133,0.5949180855,0.6981132075,0.95
2177,PHE198 A CE2 : MET206 A SD,0.1542738174,0.0121158778,6.5910375232,1177,1304,3.7581694347,0.6838325198,0.8679245283,0.97
2178,THR199 A CG2 : GLU200 A CG,0.0042538787,0.0003340779,0.1817383776,1194,1207,3.340773376,0.0588932102,0.0377358491,0.34
2179,THR199 A CG2 : THR201 A CG2,0.0071271475,0.0005597298,0.3044930112,1194,1223,4.4485112959,0.0681491805,0.0943396226,0.52
2180,THR199 A CG2 : ASP202 A CB,0.0128721037,0.0010109093,0.5499346592,1194,1235,2.5266701902,0.0897291854,0.0943396226,0.6
2181,THR199 A CG2 : VAL203 A CG2,0.0,0.0,0.0,1194,1249,0.0,0.0678648262,0.0,0.0
2182,GLU200 A CB : LYS204 A CD,0.0212339135,0.0016676031,0.9071760864,1206,1265,5.3112094197,0.2831866656,0.3018867925,0.73
2183,GLU200 A CG : LYS204 A CG,0.0337266475,0.0026487187,1.4409029728,1207,1264,5.4088173615,0.4560530276,0.3962264151,0.82
2184,GLU200 A CG : LYS204 A CD,0.0475773418,0.0037364815,2.032645936,1207,1265,5.900573828,0.6425940641,0.6226415094,0.89
2185,THR201 A CG2 : MET205 A CG,0.0555883165,0.0043656225,2.37489864,1223,1286,6.2106800151,0.45929629,0.7358490566,0.91
2186,THR201 A CG2 : MET205 A CE,0.0699494555,0.005493473,2.988449312,1223,1288,7.3057999049,0.5714181334,0.8679245283,0.94
2187,VAL203 A CB : MET206 A CE,0.0,0.0,0.0,1247,1305,0.0,0.5703602155,0.0,0.0
2188,VAL203 A CG1 : GLU207 A CG,0.0,0.0,0.0,1248,1320,0.0,0.6425072349,0.0,0.0
2189,VAL203 A CG2 : MET206 A CE,0.0,0.0,0.0,1249,1305,0.0,0.5838305184,0.0,0.0
2190,LYS204 A CG : GLU207 A CG,0.0923517114,0.0072528318,3.9455404992,1264,1320,2.8123748417,0.4902633915,0.4339622642,0.93
2191,VAL209 A CG1 : MET213 A SD,0.0181190583,0.0014229783,0.7741001952,1359,1424,8.7227737131,0.6598321988,0.5660377358,0.76
2192,VAL209 A CG1 : MET213 A CE,0.0180643716,0.0014186835,0.771763824,1359,1425,8.4121873642,0.6556347856,0.5094339623,0.75
2193,VAL210 A CG1 : CYS214 A SG,0.0184066757,0.0014455663,0.7863880672,1375,1440,9.2996183524,0.6418295798,0.641509434,0.77
2194,GLU211 A CG : ILE215 A CD1,0.0083921543,0.0006590769,0.3585378336,1391,1452,11.3638942599,0.4321354486,0.5660377358,0.67
2195,ILE215 A CG2 : GLU219 A CG,0.0021472752,0.000168636,0.091737984,1451,1521,17.7437161342,0.4978719385,0.6981132075,0.55
2196,THR216 A CG2 : ARG220 A CG,0.0023769275,0.0001866717,0.1015494048,1470,1536,18.7774029155,0.6077951589,0.7924528302,0.58
2197,TYR218 A CB : GLU219 A CG,0.000232158,1.82325e-05,0.00991848,1499,1521,18.9752035628,0.2581156271,0.3018867925,0.12
2198,TYR218 A CG : GLU219 A CG,0.0004082477,3.20617e-05,0.0174415648,1500,1521,19.5723073052,0.3106818862,0.4716981132,0.22
2199,TYR218 A CD2 : GLU219 A CB,0.000600996,4.71992e-05,0.0256763648,1502,1520,19.8859664211,0.441598692,0.5660377358,0.31
2200,TYR218 A CD2 : GLU219 A CG,0.0008822086,6.92842e-05,0.0376906048,1502,1521,19.7224890734,0.6494397021,0.641509434,0.39
2201,TYR218 A CE2 : GLU219 A CG,0.0006988701,5.48857e-05,0.0298578208,1504,1521,20.3280578081,0.4935926288,0.6226415094,0.36
2202,GLU219 A CB : GLN223 A CG,8.26013e-05,6.4871e-06,0.0035289824,1520,1586,22.7276696837,0.0608502085,0.358490566,0.07
2203,GLU219 A CG : GLN223 A CB,8.37048e-05,6.5737e-06,0.0035760928,1521,1585,22.9444045739,0.061796612,0.3773584906,0.08
2204,GLU219 A CG : GLN223 A CG,5.21444e-05,4.0952e-06,0.0022277888,1521,1586,22.4784675523,0.0384854729,0.2452830189,0.04
2205,ARG220 A CB : GLU221 A CB,0.0003465959,2.72199e-05,0.0148076256,1535,1559,21.9696602443,0.2646074949,0.5849056604,0.25
2206,GLU221 A CB : GLN223 A CB,1.16119e-05,9.119e-07,0.0004960736,1559,1585,24.5237647039,0.0617076315,0.1320754717,0.01
2207,GLU221 A CB : GLN223 A CG,1.25589e-05,9.863e-07,0.0005365472,1559,1586,23.9588691615,0.0668792663,0.1132075472,0.01
2208,GLU221 A CG : GLN223 A CB,2.70344e-05,2.1231e-06,0.0011549664,1560,1585,25.0088536423,0.064358315,0.2641509434,0.04
2209,GLU221 A CG : GLN223 A CG,1.57642e-05,1.238e-06,0.000673472,1560,1586,24.4354082481,0.0375633662,0.1698113208,0.02
2210,GLU221 A CG : ALA224 A CB,1.40545e-05,1.1038e-06,0.0006004672,1560,1602,26.4076197952,0.0827627296,0.2075471698,0.03
2211,GLN223 A CB : ALA224 A CB,2.60093e-05,2.0426e-06,0.0011111744,1585,1602,27.3907554387,0.1039362032,0.4339622642,0.05
2212,GLN223 A CB : TYR226 A CG,2.78037e-05,2.1836e-06,0.0011878784,1585,1634,28.7594419322,0.064398804,0.5094339623,0.07
2213,GLN223 A CB : TYR226 A CE2,2.65689e-05,2.0866e-06,0.0011351104,1585,1638,28.0199918853,0.0612917524,0.4905660377,0.06
2214,GLN223 A CB : GLN227 A CG,2.93151e-05,2.3023e-06,0.0012524512,1585,1655,30.047088403,0.0680734761,0.5849056604,0.09
2215,GLN223 A CG : TYR225 A CB,3.30095e-05,2.5924e-06,0.0014102656,1586,1612,26.9893658456,0.0663779415,0.4528301887,0.06
2216,GLN223 A CG : TYR226 A CB,2.71582e-05,2.1329e-06,0.0011602976,1586,1633,28.4193723761,0.0632870581,0.5094339623,0.07
2217,GLN223 A CG : TYR226 A CG,2.80474e-05,2.2027e-06,0.0011982688,1586,1634,28.2778452061,0.0650221777,0.5094339623,0.07
2218,GLN223 A CG : TYR226 A CD2,2.8203e-05,2.2149e-06,0.0012049056,1586,1636,27.6484152936,0.0651842834,0.4716981132,0.06
2219,GLN223 A CG : TYR226 A CE2,2.23957e-05,1.7588e-06,0.0009567872,1586,1638,27.5428546723,0.0517114937,0.3962264151,0.05
2220,ALA224 A CB : TYR225 A CB,1.20731e-05,9.482e-07,0.0005158208,1602,1612,28.7220773143,0.0487913063,0.358490566,0.03
2221,ALA224 A CB : TYR225 A CD2,1.52866e-05,1.2005e-06,0.000653072,1602,1615,28.9635946535,0.0523019741,0.4150943396,0.04
2222,ALA224 A CB : TYR226 A CD2,9.0607e-06,7.116e-07,0.0003871104,1602,1636,29.161493356,0.0495623907,0.3396226415,0.03
2223,TYR225 A CB : TYR226 A CB,1.30481e-05,1.0247e-06,0.0005574368,1612,1633,30.2471342816,0.1914100515,0.4905660377,0.05
2224,TYR225 A CB : TYR226 A CG,1.88981e-05,1.4842e-06,0.0008074048,1612,1634,30.1597167013,0.2865735335,0.5283018868,0.06
2225,TYR225 A CB : TYR226 A CD2,3.98435e-05,3.1291e-06,0.0017022304,1612,1636,29.5696822819,0.6164824736,0.6037735849,0.1
2226,TYR225 A CB : GLN227 A CB,4.4832e-06,3.521e-07,0.0001915424,1612,1654,30.9243243661,0.0672058315,0.3018867925,0.02
2227,TYR225 A CB : ARG228 A CG,1.28002e-05,1.0053e-06,0.0005468832,1612,1672,31.3431090592,0.2171645587,0.5283018868,0.05
2228,TYR225 A CG : TYR226 A CD2,4.11965e-05,3.2354e-06,0.0017600576,1613,1636,29.8423057169,0.380261353,0.6226415094,0.11
2229,TYR225 A CG : TYR226 A CE2,3.59891e-05,2.8264e-06,0.0015375616,1613,1638,29.7992141717,0.3335022201,0.5849056604,0.1
2230,TYR225 A CG : ARG228 A CG,2.48114e-05,1.9486e-06,0.0010600384,1613,1672,31.6242876797,0.2417101885,0.641509434,0.09
2231,TYR225 A CD1 : TYR226 A CD1,8.2142e-06,6.451e-07,0.0003509344,1614,1635,31.1074020813,0.0677228344,0.4339622642,0.04
2232,TYR225 A CD1 : TYR226 A CE1,8.233e-06,6.466e-07,0.0003517504,1614,1637,31.0704611408,0.0681579099,0.4339622642,0.04
2233,TYR225 A CD1 : ARG228 A CG,4.94459e-05,3.8832e-06,0.0021124608,1614,1672,31.8468488944,0.4302578208,0.7169811321,0.15
2234,TYR225 A CD2 : TYR226 A CD2,5.71055e-05,4.4848e-06,0.0024397312,1615,1636,29.9392248772,0.5216963748,0.6603773585,0.14
2235,TYR225 A CD2 : TYR226 A CE1,6.4627e-06,5.075e-07,0.00027608,1615,1637,31.0423209425,0.0589420396,0.3962264151,0.03
2236,TYR225 A CD2 : TYR226 A CE2,6.7683e-05,5.3155e-06,0.002891632,1615,1638,29.9109555096,0.6207371541,0.679245283,0.16
2237,TYR225 A CD2 : ARG228 A CB,6.973e-06,5.476e-07,0.0002978944,1615,1671,31.8442767307,0.066363891,0.4528301887,0.04
2238,TYR225 A CE1 : TYR226 A CD1,6.6184e-06,5.198e-07,0.0002827712,1616,1635,31.3742667882,0.0559961319,0.3962264151,0.03
2239,TYR225 A CE1 : TYR226 A CE1,6.9426e-06,5.452e-07,0.0002965888,1616,1637,31.3491350319,0.0589872162,0.4150943396,0.03
2240,TYR225 A CE1 : ARG228 A CG,2.16711e-05,1.7019e-06,0.0009258336,1616,1672,32.1256805414,0.1937954435,0.641509434,0.09
2241,TYR225 A CE2 : TYR226 A CE2,2.78982e-05,2.191e-06,0.001191904,1617,1638,30.1804712935,0.2501729404,0.5849056604,0.08
2242,TYR225 A CE2 : ARG228 A CB,6.8929e-06,5.413e-07,0.0002944672,1617,1671,32.1014231538,0.0640896375,0.4716981132,0.04
2243,TYR226 A CB : GLN227 A CB,1.293e-07,1.02e-08,5.5488e-06,1633,1654,32.2620681219,0.0886348095,0.0377358491,0.0
2244,TYR226 A CB : ARG228 A CB,5.394e-07,4.24e-08,2.30656e-05,1633,1671,32.6849300596,0.0680431538,0.0943396226,0.0
2245,TYR226 A CG : GLN227 A CG,7.29e-08,5.7e-09,3.1008e-06,1634,1655,32.4083943138,0.0660163716,0.0,0.0
2246,TYR226 A CG : ARG228 A CB,3.236e-07,2.54e-08,1.38176e-05,1634,1671,32.5600511171,0.0567405077,0.0566037736,0.0
2247,TYR226 A CD1 : GLN227 A CB,9.16e-08,7.2e-09,3.9168e-06,1635,1654,32.5976186477,0.0655993229,0.0188679245,0.0
2248,TYR226 A CD1 : ARG228 A CG,4.26e-07,3.35e-08,1.8224e-05,1635,1672,32.8931791182,0.0668676097,0.0943396226,0.0
2249,TYR226 A CD2 : GLN227 A CB,1.394e-07,1.09e-08,5.9296e-06,1636,1654,31.4743133444,0.0670456469,0.0377358491,0.0
2250,TYR226 A CD2 : GLN227 A CG,1.227e-07,9.6e-09,5.2224e-06,1636,1655,31.7760922511,0.050725381,0.0188679245,0.0
2251,TYR226 A CD2 : ARG228 A CB,1.928e-07,1.51e-08,8.2144e-06,1636,1671,31.9648621771,0.0439375886,0.0566037736,0.0
2252,TYR226 A CE1 : ARG228 A CG,3.326e-07,2.61e-08,1.41984e-05,1637,1672,32.8231021576,0.0566337658,0.0566037736,0.0
2253,GLN227 A CG : ARG228 A CB,4.481e-07,3.52e-08,1.91488e-05,1655,1671,33.7580256235,0.0658269081,0.0943396226,0.0
2254,GLN227 A CG : ARG228 A CG,5.524e-07,4.34e-08,2.36096e-05,1655,1672,33.5061640822,0.068139354,0.1132075472,0.01
