PrPresidue,wild-type,mutation,mutID,ddG
125,L,A,L125A,-0.15
125,L,R,L125R,2.17
125,L,N,L125N,1.35
125,L,D,L125D,0.7
125,L,E,L125E,-1.01
125,L,Q,L125Q,0.77
125,L,G,L125G,2.16
125,L,H,L125H,0.26
125,L,I,L125I,-3.22
125,L,K,L125K,3.47
125,L,M,L125M,-1.59
125,L,F,L125F,0.51
125,L,P,L125P,5.11
125,L,S,L125S,1.15
125,L,T,L125T,-0.98
125,L,W,L125W,8.84
125,L,Y,L125Y,2.19
125,L,V,L125V,-1.5
126,G,A,G126A,-0.01
126,G,R,G126R,2.27
126,G,N,G126N,-0.81
126,G,D,G126D,-0.2
126,G,E,G126E,-1.35
126,G,Q,G126Q,-0.69
126,G,H,G126H,-1.67
126,G,I,G126I,-3.09
126,G,L,G126L,-1.66
126,G,K,G126K,4.07
126,G,M,G126M,-4.42
126,G,F,G126F,-1.8
126,G,P,G126P,0.43
126,G,S,G126S,0.75
126,G,T,G126T,0.82
126,G,W,G126W,1.29
126,G,Y,G126Y,-3.63
126,G,V,G126V,-2.04
127,G,A,G127A,-1.98
127,G,R,G127R,-3.26
127,G,N,G127N,-2.81
127,G,D,G127D,-3.51
127,G,E,G127E,-2.36
127,G,Q,G127Q,-0.86
127,G,H,G127H,-3.07
127,G,I,G127I,1.53
127,G,L,G127L,-5.03
127,G,K,G127K,0.01
127,G,M,G127M,-4.42
127,G,F,G127F,-2.94
127,G,P,G127P,5.01
127,G,S,G127S,-2.21
127,G,T,G127T,-2.67
127,G,W,G127W,5.87
127,G,Y,G127Y,-3.88
127,G,V,G127V,-0.61
128,Y,A,Y128A,1.85
128,Y,R,Y128R,0.35
128,Y,N,Y128N,0.27
128,Y,D,Y128D,0.99
128,Y,E,Y128E,-0.38
128,Y,Q,Y128Q,0.87
128,Y,G,Y128G,4.6
128,Y,H,Y128H,2.18
128,Y,I,Y128I,1.61
128,Y,L,Y128L,0.88
128,Y,K,Y128K,2.91
128,Y,M,Y128M,-1.58
128,Y,F,Y128F,1.9
128,Y,P,Y128P,6.61
128,Y,S,Y128S,2.54
128,Y,T,Y128T,0.63
128,Y,W,Y128W,7.8
128,Y,V,Y128V,-0.89
129,M,A,M129A,4.42
129,M,R,M129R,4.52
129,M,N,M129N,2.41
129,M,D,M129D,1.57
129,M,E,M129E,3.98
129,M,Q,M129Q,4.9
129,M,G,M129G,5.04
129,M,H,M129H,3.1
129,M,I,M129I,3.39
129,M,L,M129L,1.37
129,M,K,M129K,4.51
129,M,F,M129F,5.83
129,M,P,M129P,7.93
129,M,S,M129S,4.33
129,M,T,M129T,5.63
129,M,W,M129W,6.22
129,M,Y,M129Y,6.33
129,M,V,M129V,5.75
130,L,A,L130A,1.37
130,L,R,L130R,1.18
130,L,N,L130N,2.14
130,L,D,L130D,1.78
130,L,E,L130E,1.07
130,L,Q,L130Q,2.42
130,L,G,L130G,3.76
130,L,H,L130H,2.62
130,L,I,L130I,-0.61
130,L,K,L130K,4.43
130,L,M,L130M,0.01
130,L,F,L130F,0.73
130,L,P,L130P,6.06
130,L,S,L130S,3.67
130,L,T,L130T,1.64
130,L,W,L130W,7.19
130,L,Y,L130Y,-0.42
130,L,V,L130V,-1.91
131,G,A,G131A,-1.69
131,G,R,G131R,-0.78
131,G,N,G131N,-1.53
131,G,D,G131D,0.69
131,G,E,G131E,-1.47
131,G,Q,G131Q,-0.88
131,G,H,G131H,-1.18
131,G,I,G131I,-2.74
131,G,L,G131L,-0.36
131,G,K,G131K,1.09
131,G,M,G131M,-4.42
131,G,F,G131F,1.12
131,G,P,G131P,4.42
131,G,S,G131S,-1.13
131,G,T,G131T,-1.43
131,G,W,G131W,4.08
131,G,Y,G131Y,2.79
131,G,V,G131V,-2.18
132,S,A,S132A,-0.88
132,S,R,S132R,1.66
132,S,N,S132N,-0.13
132,S,D,S132D,-0.97
132,S,E,S132E,-0.22
132,S,Q,S132Q,1.05
132,S,G,S132G,1.28
132,S,H,S132H,-1.29
132,S,I,S132I,-1.05
132,S,L,S132L,1.08
132,S,K,S132K,2.09
132,S,M,S132M,-1.91
132,S,F,S132F,2.65
132,S,P,S132P,2.61
132,S,T,S132T,1.08
132,S,W,S132W,3.37
132,S,Y,S132Y,-0.28
132,S,V,S132V,-0.63
133,A,R,A133R,-0.71
133,A,N,A133N,2.08
133,A,D,A133D,4.49
133,A,E,A133E,1.75
133,A,Q,A133Q,2.78
133,A,G,A133G,4.02
133,A,H,A133H,6.68
133,A,I,A133I,0.29
133,A,L,A133L,1.86
133,A,K,A133K,7.19
133,A,M,A133M,0.71
133,A,F,A133F,11
133,A,P,A133P,2.23
133,A,S,A133S,2.6
133,A,T,A133T,3.1
133,A,W,A133W,11
133,A,Y,A133Y,11
133,A,V,A133V,0.06
134,M,A,M134A,5.69
134,M,R,M134R,5.93
134,M,N,M134N,8.49
134,M,D,M134D,11
134,M,E,M134E,7.53
134,M,Q,M134Q,6.56
134,M,G,M134G,6.37
134,M,H,M134H,9.16
134,M,I,M134I,8.32
134,M,L,M134L,8.34
134,M,K,M134K,9.22
134,M,F,M134F,6.1
134,M,P,M134P,4.85
134,M,S,M134S,6.31
134,M,T,M134T,8.4
134,M,W,M134W,5.89
134,M,Y,M134Y,6.68
134,M,V,M134V,7.85
135,S,A,S135A,3.14
135,S,R,S135R,0.8
135,S,N,S135N,0.68
135,S,D,S135D,1.7
135,S,E,S135E,1.7
135,S,Q,S135Q,1
135,S,G,S135G,4.56
135,S,H,S135H,-0.99
135,S,I,S135I,-3
135,S,L,S135L,-1.5
135,S,K,S135K,3
135,S,M,S135M,-2.36
135,S,F,S135F,1.05
135,S,P,S135P,1.8
135,S,T,S135T,1.67
135,S,W,S135W,5.89
135,S,Y,S135Y,-1.1
135,S,V,S135V,-1.96
136,R,A,R136A,1.86
136,R,N,R136N,1.86
136,R,D,R136D,3.66
136,R,E,R136E,3.64
136,R,Q,R136Q,3.97
136,R,G,R136G,5.28
136,R,H,R136H,2.2
136,R,I,R136I,-0.99
136,R,L,R136L,4.17
136,R,K,R136K,4.35
136,R,M,R136M,-0.44
136,R,F,R136F,6.39
136,R,P,R136P,6.05
136,R,S,R136S,4.88
136,R,T,R136T,2
136,R,W,R136W,8
136,R,Y,R136Y,3.6
136,R,V,R136V,1.13
137,P,A,P137A,-0.83
137,P,R,P137R,-0.19
137,P,N,P137N,-0.94
137,P,D,P137D,-1.17
137,P,E,P137E,-0.79
137,P,Q,P137Q,0.09
137,P,G,P137G,2
137,P,H,P137H,-2.1
137,P,I,P137I,-0.94
137,P,L,P137L,-1.32
137,P,K,P137K,0.3
137,P,M,P137M,-2.36
137,P,F,P137F,2.26
137,P,S,P137S,0.34
137,P,T,P137T,0.12
137,P,W,P137W,5.87
137,P,Y,P137Y,-0.19
137,P,V,P137V,-2.21
138,I,A,I138A,4.93
138,I,R,I138R,1.91
138,I,N,I138N,2.96
138,I,D,I138D,0.16
138,I,E,I138E,1.68
138,I,Q,I138Q,2.28
138,I,G,I138G,4.36
138,I,H,I138H,2.27
138,I,L,I138L,1.97
138,I,K,I138K,5.71
138,I,M,I138M,-1.65
138,I,F,I138F,1.29
138,I,P,I138P,8.81
138,I,S,I138S,3.14
138,I,T,I138T,3.95
138,I,W,I138W,6.17
138,I,Y,I138Y,-0.48
138,I,V,I138V,1.36
139,I,A,I139A,2.19
139,I,R,I139R,0.27
139,I,N,I139N,0.62
139,I,D,I139D,1.92
139,I,E,I139E,1
139,I,Q,I139Q,2.14
139,I,G,I139G,4.3
139,I,H,I139H,4.2
139,I,L,I139L,0.79
139,I,K,I139K,3.23
139,I,M,I139M,0.33
139,I,F,I139F,4.64
139,I,P,I139P,4.97
139,I,S,I139S,3
139,I,T,I139T,3.68
139,I,W,I139W,9.03
139,I,Y,I139Y,2.08
139,I,V,I139V,3.96
140,H,A,H140A,3.98
140,H,R,H140R,1.23
140,H,N,H140N,3.05
140,H,D,H140D,1.34
140,H,E,H140E,1.06
140,H,Q,H140Q,3.15
140,H,G,H140G,4.96
140,H,I,H140I,4.1
140,H,L,H140L,3.03
140,H,K,H140K,4.84
140,H,M,H140M,0.31
140,H,F,H140F,5.78
140,H,P,H140P,5.64
140,H,S,H140S,3.82
140,H,T,H140T,3.69
140,H,W,H140W,9.42
140,H,Y,H140Y,3.55
140,H,V,H140V,3.39
141,F,A,F141A,-0.79
141,F,R,F141R,-0.57
141,F,N,F141N,0.38
141,F,D,F141D,0.87
141,F,E,F141E,-0.92
141,F,Q,F141Q,2.65
141,F,G,F141G,2.73
141,F,H,F141H,1.21
141,F,I,F141I,-0.29
141,F,L,F141L,-1.02
141,F,K,F141K,2.06
141,F,M,F141M,-1.07
141,F,F,F141F,1.47
141,F,P,F141P,8.83
141,F,S,F141S,-0.4
141,F,T,F141T,0.91
141,F,W,F141W,4.57
141,F,Y,F141Y,-1.84
141,F,V,F141V,-1.35
142,G,A,G142A,-0.15
142,G,R,G142R,-0.02
142,G,N,G142N,-1.53
142,G,D,G142D,-0.76
142,G,E,G142E,-0.26
142,G,Q,G142Q,-0.01
142,G,H,G142H,0.51
142,G,I,G142I,1.75
142,G,L,G142L,-2.3
142,G,K,G142K,-0.97
142,G,M,G142M,-4.7
142,G,F,G142F,-2.67
142,G,P,G142P,7.74
142,G,S,G142S,1.54
142,G,T,G142T,-1.03
142,G,W,G142W,3.17
142,G,Y,G142Y,-3.63
142,G,V,G142V,1.01
143,S,A,S143A,-0.16
143,S,R,S143R,-0.42
143,S,N,S143N,0.07
143,S,D,S143D,-0.24
143,S,E,S143E,-0.71
143,S,Q,S143Q,1.94
143,S,G,S143G,2.63
143,S,H,S143H,6.18
143,S,I,S143I,-3.47
143,S,L,S143L,0.4
143,S,K,S143K,1.19
143,S,M,S143M,-2.09
143,S,F,S143F,4.91
143,S,P,S143P,11
143,S,T,S143T,4.64
143,S,W,S143W,9.54
143,S,Y,S143Y,3.72
143,S,V,S143V,-1.92
144,D,A,D144A,-2.64
144,D,R,D144R,-1.76
144,D,N,D144N,-1.93
144,D,E,D144E,-2.97
144,D,Q,D144Q,-0.52
144,D,G,D144G,0.76
144,D,H,D144H,-0.43
144,D,I,D144I,-3.34
144,D,L,D144L,-1.34
144,D,K,D144K,-0.08
144,D,M,D144M,-2.98
144,D,F,D144F,0.83
144,D,P,D144P,11
144,D,S,D144S,-0.92
144,D,T,D144T,-1.41
144,D,W,D144W,4.53
144,D,Y,D144Y,-1.01
144,D,V,D144V,-3.63
145,Y,A,Y145A,2.3
145,Y,R,Y145R,0.5
145,Y,N,Y145N,2.81
145,Y,D,Y145D,3.6
145,Y,E,Y145E,2.95
145,Y,Q,Y145Q,3.36
145,Y,G,Y145G,5.83
145,Y,H,Y145H,2.17
145,Y,I,Y145I,2.84
145,Y,L,Y145L,0.33
145,Y,K,Y145K,3.43
145,Y,M,Y145M,0.45
145,Y,F,Y145F,2.95
145,Y,P,Y145P,11
145,Y,S,Y145S,5.46
145,Y,T,Y145T,4.8
145,Y,W,Y145W,5.89
145,Y,V,Y145V,4.32
146,E,A,E146A,-2.61
146,E,R,E146R,-5.23
146,E,N,E146N,-2.27
146,E,D,E146D,-0.95
146,E,Q,E146Q,-1.72
146,E,G,E146G,0.94
146,E,H,E146H,-3.52
146,E,I,E146I,0.13
146,E,L,E146L,-5.39
146,E,K,E146K,-2.52
146,E,M,E146M,-10.04
146,E,F,E146F,-4.77
146,E,P,E146P,11
146,E,S,E146S,-2.24
146,E,T,E146T,-4.91
146,E,W,E146W,-2.53
146,E,Y,E146Y,-3.37
146,E,V,E146V,-2.19
147,D,A,D147A,1.49
147,D,R,D147R,-1.76
147,D,N,D147N,1.79
147,D,E,D147E,1.34
147,D,Q,D147Q,1.5
147,D,G,D147G,4.51
147,D,H,D147H,-0.23
147,D,I,D147I,4.66
147,D,L,D147L,-0.54
147,D,K,D147K,1.84
147,D,M,D147M,-1.56
147,D,F,D147F,1.03
147,D,P,D147P,11
147,D,S,D147S,1.27
147,D,T,D147T,1.94
147,D,W,D147W,5.15
147,D,Y,D147Y,-1.7
147,D,V,D147V,1.8
148,R,A,R148A,3.96
148,R,N,R148N,2.12
148,R,D,R148D,1.19
148,R,E,R148E,1.83
148,R,Q,R148Q,4.05
148,R,G,R148G,7.18
148,R,H,R148H,2.28
148,R,I,R148I,3.53
148,R,L,R148L,3.15
148,R,K,R148K,6.28
148,R,M,R148M,1.22
148,R,F,R148F,5.61
148,R,P,R148P,11
148,R,S,R148S,5.46
148,R,T,R148T,5.67
148,R,W,R148W,9.15
148,R,Y,R148Y,2.25
148,R,V,R148V,5.5
149,Y,A,Y149A,5.1
149,Y,R,Y149R,4.22
149,Y,N,Y149N,2.31
149,Y,D,Y149D,6.62
149,Y,E,Y149E,7.72
149,Y,Q,Y149Q,5.63
149,Y,G,Y149G,9.02
149,Y,H,Y149H,5.17
149,Y,I,Y149I,11
149,Y,L,Y149L,3.88
149,Y,K,Y149K,7.01
149,Y,M,Y149M,4.13
149,Y,F,Y149F,6.42
149,Y,P,Y149P,11
149,Y,S,Y149S,7.34
149,Y,T,Y149T,7.22
149,Y,W,Y149W,11
149,Y,V,Y149V,11
150,Y,A,Y150A,1.25
150,Y,R,Y150R,0.52
150,Y,N,Y150N,3.09
150,Y,D,Y150D,4.63
150,Y,E,Y150E,1.55
150,Y,Q,Y150Q,2.93
150,Y,G,Y150G,5.3
150,Y,H,Y150H,2.21
150,Y,I,Y150I,9.2
150,Y,L,Y150L,11
150,Y,K,Y150K,2.69
150,Y,M,Y150M,-0.78
150,Y,F,Y150F,3.67
150,Y,P,Y150P,11
150,Y,S,Y150S,2.79
150,Y,T,Y150T,6.05
150,Y,W,Y150W,4.6
150,Y,V,Y150V,3.87
151,R,A,R151A,-2.68
151,R,N,R151N,-0.37
151,R,D,R151D,-0.06
151,R,E,R151E,-0.01
151,R,Q,R151Q,1.49
151,R,G,R151G,1.3
151,R,H,R151H,0.42
151,R,I,R151I,-1.25
151,R,L,R151L,-0.33
151,R,K,R151K,1.14
151,R,M,R151M,-2.39
151,R,F,R151F,1.64
151,R,P,R151P,8.34
151,R,S,R151S,-0.5
151,R,T,R151T,0.1
151,R,W,R151W,6.5
151,R,Y,R151Y,-1.38
151,R,V,R151V,-0.69
152,E,A,E152A,-1.52
152,E,R,E152R,-1.83
152,E,N,E152N,-1.5
152,E,D,E152D,-0.54
152,E,Q,E152Q,-0.25
152,E,G,E152G,1.2
152,E,H,E152H,-1.33
152,E,I,E152I,-1.96
152,E,L,E152L,-2.57
152,E,K,E152K,1.07
152,E,M,E152M,-6.57
152,E,F,E152F,0.02
152,E,P,E152P,11
152,E,S,E152S,-1.01
152,E,T,E152T,-1.69
152,E,W,E152W,3.25
152,E,Y,E152Y,-2.06
152,E,V,E152V,-3.06
153,N,A,N153A,1.8
153,N,R,N153R,2.22
153,N,D,N153D,7.09
153,N,E,N153E,6.92
153,N,Q,N153Q,6.73
153,N,G,N153G,2.37
153,N,H,N153H,2.37
153,N,I,N153I,5.21
153,N,L,N153L,11
153,N,K,N153K,5.78
153,N,M,N153M,-0.58
153,N,F,N153F,-2.33
153,N,P,N153P,11
153,N,S,N153S,1.98
153,N,T,N153T,3.6
153,N,W,N153W,4.04
153,N,Y,N153Y,-2.31
153,N,V,N153V,6.32
154,M,A,M154A,1.29
154,M,R,M154R,4.24
154,M,N,M154N,6.94
154,M,D,M154D,7.83
154,M,E,M154E,4.08
154,M,Q,M154Q,6.18
154,M,G,M154G,4.39
154,M,H,M154H,7.8
154,M,I,M154I,6.2
154,M,L,M154L,7.42
154,M,K,M154K,5.33
154,M,F,M154F,8.4
154,M,P,M154P,4.85
154,M,S,M154S,4.42
154,M,T,M154T,5.27
154,M,W,M154W,11
154,M,Y,M154Y,9.81
154,M,V,M154V,5.89
155,H,A,H155A,0.13
155,H,R,H155R,-0.99
155,H,N,H155N,0.35
155,H,D,H155D,4.87
155,H,E,H155E,1.53
155,H,Q,H155Q,2.96
155,H,G,H155G,2.13
155,H,I,H155I,4.42
155,H,L,H155L,1.37
155,H,K,H155K,1.61
155,H,M,H155M,-2.62
155,H,F,H155F,2.04
155,H,P,H155P,6.75
155,H,S,H155S,2.05
155,H,T,H155T,2.79
155,H,W,H155W,8.33
155,H,Y,H155Y,0.22
155,H,V,H155V,11
156,R,A,R156A,-0.02
156,R,N,R156N,-1.05
156,R,D,R156D,1.85
156,R,E,R156E,1.75
156,R,Q,R156Q,1.4
156,R,G,R156G,4.16
156,R,H,R156H,-1.16
156,R,I,R156I,-2.24
156,R,L,R156L,-1.18
156,R,K,R156K,2.22
156,R,M,R156M,-0.56
156,R,F,R156F,-1.09
156,R,P,R156P,4.62
156,R,S,R156S,1.32
156,R,T,R156T,0.75
156,R,W,R156W,5.02
156,R,Y,R156Y,-3.62
156,R,V,R156V,-1.73
157,Y,A,Y157A,3.64
157,Y,R,Y157R,11
157,Y,N,Y157N,7.08
157,Y,D,Y157D,11
157,Y,E,Y157E,11
157,Y,Q,Y157Q,11
157,Y,G,Y157G,8.73
157,Y,H,Y157H,11
157,Y,I,Y157I,7.57
157,Y,L,Y157L,11
157,Y,K,Y157K,11
157,Y,M,Y157M,11
157,Y,F,Y157F,11
157,Y,P,Y157P,4.26
157,Y,S,Y157S,7.12
157,Y,T,Y157T,5.54
157,Y,W,Y157W,11
157,Y,V,Y157V,0.69
158,P,A,P158A,-3.02
158,P,R,P158R,-5.52
158,P,N,P158N,-3.89
158,P,D,P158D,-3.63
158,P,E,P158E,-1.08
158,P,Q,P158Q,-0.43
158,P,G,P158G,0.12
158,P,H,P158H,-2.58
158,P,I,P158I,-3.86
158,P,L,P158L,-5.27
158,P,K,P158K,0.76
158,P,M,P158M,-5.65
158,P,F,P158F,-3.29
158,P,S,P158S,0.57
158,P,T,P158T,-1
158,P,W,P158W,0.12
158,P,Y,P158Y,-4.07
158,P,V,P158V,-4.83
159,N,A,N159A,5.17
159,N,R,N159R,4.43
159,N,D,N159D,5.04
159,N,E,N159E,5.48
159,N,Q,N159Q,4.47
159,N,G,N159G,7.03
159,N,H,N159H,1.93
159,N,I,N159I,3.08
159,N,L,N159L,1.7
159,N,K,N159K,4.22
159,N,M,N159M,0.38
159,N,F,N159F,3.56
159,N,P,N159P,4.73
159,N,S,N159S,6.07
159,N,T,N159T,4.5
159,N,W,N159W,7.49
159,N,Y,N159Y,-2.31
159,N,V,N159V,4.25
160,Q,A,Q160A,0.68
160,Q,R,Q160R,-1.4
160,Q,N,Q160N,0.19
160,Q,D,Q160D,2.67
160,Q,E,Q160E,2.65
160,Q,G,Q160G,1.55
160,Q,H,Q160H,-1.69
160,Q,I,Q160I,-4.18
160,Q,L,Q160L,-3.34
160,Q,K,Q160K,0.16
160,Q,M,Q160M,-2.63
160,Q,F,Q160F,-0.83
160,Q,P,Q160P,5.34
160,Q,S,Q160S,1.71
160,Q,T,Q160T,-1.02
160,Q,W,Q160W,1.47
160,Q,Y,Q160Y,0.57
160,Q,V,Q160V,-3.51
161,V,A,V161A,1.84
161,V,R,V161R,2.46
161,V,N,V161N,3.29
161,V,D,V161D,3.96
161,V,E,V161E,3.14
161,V,Q,V161Q,0.97
161,V,G,V161G,3.29
161,V,H,V161H,1.96
161,V,I,V161I,1.14
161,V,L,V161L,1.51
161,V,K,V161K,4.71
161,V,M,V161M,-0.56
161,V,F,V161F,2.85
161,V,P,V161P,3.38
161,V,S,V161S,2.38
161,V,T,V161T,2.3
161,V,W,V161W,5.15
161,V,Y,V161Y,-0.21
162,Y,A,Y162A,4.1
162,Y,R,Y162R,0.88
162,Y,N,Y162N,-0.4
162,Y,D,Y162D,2.37
162,Y,E,Y162E,2.99
162,Y,Q,Y162Q,3.34
162,Y,G,Y162G,3.36
162,Y,H,Y162H,1.83
162,Y,I,Y162I,0.88
162,Y,L,Y162L,2.22
162,Y,K,Y162K,2.89
162,Y,M,Y162M,-0.78
162,Y,F,Y162F,3.74
162,Y,P,Y162P,7.48
162,Y,S,Y162S,3.72
162,Y,T,Y162T,2.71
162,Y,W,Y162W,11
162,Y,V,Y162V,3.42
163,Y,A,Y163A,3.87
163,Y,R,Y163R,3.47
163,Y,N,Y163N,2.43
163,Y,D,Y163D,3.3
163,Y,E,Y163E,4.04
163,Y,Q,Y163Q,4.23
163,Y,G,Y163G,7.96
163,Y,H,Y163H,5.07
163,Y,I,Y163I,2.16
163,Y,L,Y163L,3.42
163,Y,K,Y163K,5.52
163,Y,M,Y163M,1.2
163,Y,F,Y163F,7.05
163,Y,P,Y163P,11
163,Y,S,Y163S,4.28
163,Y,T,Y163T,4.49
163,Y,W,Y163W,8.54
163,Y,V,Y163V,2.25
164,R,A,R164A,1.99
164,R,N,R164N,4.09
164,R,D,R164D,3.33
164,R,E,R164E,1.83
164,R,Q,R164Q,2.64
164,R,G,R164G,4.1
164,R,H,R164H,3.24
164,R,I,R164I,3.81
164,R,L,R164L,1.66
164,R,K,R164K,3.72
164,R,M,R164M,-0.23
164,R,F,R164F,4.36
164,R,P,R164P,9.82
164,R,S,R164S,3.55
164,R,T,R164T,2
164,R,W,R164W,8.09
164,R,Y,R164Y,1.84
164,R,V,R164V,1.51
165,P,A,P165A,-3.44
165,P,R,P165R,-3.93
165,P,N,P165N,-4.52
165,P,D,P165D,-2.38
165,P,E,P165E,-4.3
165,P,Q,P165Q,-2.46
165,P,G,P165G,-1.6
165,P,H,P165H,-2.65
165,P,I,P165I,-3.8
165,P,L,P165L,-2.88
165,P,K,P165K,-1.86
165,P,M,P165M,-5.8
165,P,F,P165F,-0.7
165,P,S,P165S,-3.11
165,P,T,P165T,-1.85
165,P,W,P165W,3.91
165,P,Y,P165Y,-4.07
165,P,V,P165V,-3.85
166,M,A,M166A,3.21
166,M,R,M166R,0.15
166,M,N,M166N,2.83
166,M,D,M166D,2.86
166,M,E,M166E,2.04
166,M,Q,M166Q,2.76
166,M,G,M166G,5.86
166,M,H,M166H,3.79
166,M,I,M166I,0.95
166,M,L,M166L,1.45
166,M,K,M166K,4.01
166,M,F,M166F,5.72
166,M,P,M166P,11
166,M,S,M166S,4.33
166,M,T,M166T,3.66
166,M,W,M166W,6.99
166,M,Y,M166Y,2.84
166,M,V,M166V,2.38
167,D,A,D167A,0.53
167,D,R,D167R,11
167,D,N,D167N,-0.99
167,D,E,D167E,-0.61
167,D,Q,D167Q,11
167,D,G,D167G,2.2
167,D,H,D167H,0.76
167,D,I,D167I,-1.31
167,D,L,D167L,1.29
167,D,K,D167K,2.04
167,D,M,D167M,-2.96
167,D,F,D167F,11
167,D,P,D167P,2.21
167,D,S,D167S,1.28
167,D,T,D167T,6.65
167,D,W,D167W,11
167,D,Y,D167Y,4.67
167,D,V,D167V,-1.17
168,E,A,E168A,-2.81
168,E,R,E168R,-2.06
168,E,N,E168N,-1.97
168,E,D,E168D,-1.27
168,E,Q,E168Q,-0.43
168,E,G,E168G,-1.42
168,E,H,E168H,-3.56
168,E,I,E168I,-2.02
168,E,L,E168L,-3.04
168,E,K,E168K,-1.73
168,E,M,E168M,-3.77
168,E,F,E168F,-1.25
168,E,P,E168P,5.49
168,E,S,E168S,1.4
168,E,T,E168T,-2.19
168,E,W,E168W,0.99
168,E,Y,E168Y,-2.75
168,E,V,E168V,-2.18
169,Y,A,Y169A,0.61
169,Y,R,Y169R,-1.62
169,Y,N,Y169N,2.31
169,Y,D,Y169D,4.23
169,Y,E,Y169E,1.46
169,Y,Q,Y169Q,2.85
169,Y,G,Y169G,2.79
169,Y,H,Y169H,1.45
169,Y,I,Y169I,2.67
169,Y,L,Y169L,1.72
169,Y,K,Y169K,2.85
169,Y,M,Y169M,-0.82
169,Y,F,Y169F,2.97
169,Y,P,Y169P,6.97
169,Y,S,Y169S,2.72
169,Y,T,Y169T,1.19
169,Y,W,Y169W,8.73
169,Y,V,Y169V,2.44
170,S,A,S170A,-0.91
170,S,R,S170R,-2.72
170,S,N,S170N,-1.23
170,S,D,S170D,-1.4
170,S,E,S170E,-1.39
170,S,Q,S170Q,-1.8
170,S,G,S170G,-0.03
170,S,H,S170H,2.63
170,S,I,S170I,0.37
170,S,L,S170L,-0.56
170,S,K,S170K,0.62
170,S,M,S170M,-5.26
170,S,F,S170F,2
170,S,P,S170P,9.82
170,S,T,S170T,0.54
170,S,W,S170W,4.88
170,S,Y,S170Y,-2.6
170,S,V,S170V,0.33
171,N,A,N171A,4.9
171,N,R,N171R,4.21
171,N,D,N171D,7.54
171,N,E,N171E,6.55
171,N,Q,N171Q,5.22
171,N,G,N171G,8.3
171,N,H,N171H,2.86
171,N,I,N171I,9.06
171,N,L,N171L,3.83
171,N,K,N171K,3.87
171,N,M,N171M,0.16
171,N,F,N171F,-0.48
171,N,P,N171P,1.7
171,N,S,N171S,7.19
171,N,T,N171T,8.81
171,N,W,N171W,4.43
171,N,Y,N171Y,-2.21
171,N,V,N171V,9.55
172,Q,A,Q172A,3.86
172,Q,R,Q172R,-0.54
172,Q,N,Q172N,3.63
172,Q,D,Q172D,2.09
172,Q,E,Q172E,2.97
172,Q,G,Q172G,6.76
172,Q,H,Q172H,7.08
172,Q,I,Q172I,-1.06
172,Q,L,Q172L,1.79
172,Q,K,Q172K,1.68
172,Q,M,Q172M,-2.33
172,Q,F,Q172F,11
172,Q,P,Q172P,11
172,Q,S,Q172S,2.13
172,Q,T,Q172T,-0.58
172,Q,W,Q172W,11
172,Q,Y,Q172Y,11
172,Q,V,Q172V,-2.25
173,N,A,N173A,-0.24
173,N,R,N173R,-3.68
173,N,D,N173D,2.27
173,N,E,N173E,-0.73
173,N,Q,N173Q,-0.41
173,N,G,N173G,2.42
173,N,H,N173H,-0.35
173,N,I,N173I,3.93
173,N,L,N173L,-0.84
173,N,K,N173K,1.61
173,N,M,N173M,-3.45
173,N,F,N173F,3.15
173,N,P,N173P,11
173,N,S,N173S,-0.98
173,N,T,N173T,-0.79
173,N,W,N173W,7.39
173,N,Y,N173Y,-1.38
173,N,V,N173V,0.05
174,N,A,N174A,3.59
174,N,R,N174R,0.71
174,N,D,N174D,0.99
174,N,E,N174E,0.77
174,N,Q,N174Q,3.11
174,N,G,N174G,7.06
174,N,H,N174H,2.43
174,N,I,N174I,2.58
174,N,L,N174L,1.35
174,N,K,N174K,3.86
174,N,M,N174M,0
174,N,F,N174F,4.52
174,N,P,N174P,2.55
174,N,S,N174S,4.44
174,N,T,N174T,2.13
174,N,W,N174W,5.43
174,N,Y,N174Y,2.07
174,N,V,N174V,1.03
175,F,A,F175A,-13.57
175,F,R,F175R,-0.45
175,F,N,F175N,-12.07
175,F,D,F175D,-13.19
175,F,E,F175E,-4.95
175,F,Q,F175Q,-5.72
175,F,G,F175G,-10.83
175,F,H,F175H,-6.11
175,F,I,F175I,-9.93
175,F,L,F175L,-15.4
175,F,K,F175K,-7.63
175,F,M,F175M,-16.35
175,F,F,F175F,5.34
175,F,P,F175P,-0.82
175,F,S,F175S,-13.93
175,F,T,F175T,-10.01
175,F,W,F175W,11
175,F,Y,F175Y,11
175,F,V,F175V,-10.78
176,V,A,V176A,-2.12
176,V,R,V176R,-2.11
176,V,N,V176N,4.64
176,V,D,V176D,5.37
176,V,E,V176E,2.33
176,V,Q,V176Q,2.31
176,V,G,V176G,2.11
176,V,H,V176H,11
176,V,I,V176I,3.3
176,V,L,V176L,-2.74
176,V,K,V176K,0.58
176,V,M,V176M,-2.95
176,V,F,V176F,11
176,V,P,V176P,11
176,V,S,V176S,-2.23
176,V,T,V176T,-1.26
176,V,W,V176W,11
176,V,Y,V176Y,11
177,H,A,H177A,2.19
177,H,R,H177R,1.4
177,H,N,H177N,0.35
177,H,D,H177D,1.86
177,H,E,H177E,1.66
177,H,Q,H177Q,3.17
177,H,G,H177G,5.58
177,H,I,H177I,1.84
177,H,L,H177L,1.36
177,H,K,H177K,2.82
177,H,M,H177M,-2.06
177,H,F,H177F,4.7
177,H,P,H177P,11
177,H,S,H177S,1.26
177,H,T,H177T,1.94
177,H,W,H177W,7.35
177,H,Y,H177Y,0.05
177,H,V,H177V,0.82
178,D,A,D178A,0.85
178,D,R,D178R,3.46
178,D,N,D178N,0.95
178,D,E,D178E,2.49
178,D,Q,D178Q,2.77
178,D,G,D178G,5.27
178,D,H,D178H,-0.54
178,D,I,D178I,-2.76
178,D,L,D178L,-2.6
178,D,K,D178K,3.32
178,D,M,D178M,-2.14
178,D,F,D178F,0.85
178,D,P,D178P,2.05
178,D,S,D178S,2.98
178,D,T,D178T,0.03
178,D,W,D178W,4.13
178,D,Y,D178Y,-0.82
178,D,V,D178V,-1.69
180,V,A,V180A,2.18
180,V,R,V180R,-0.91
180,V,N,V180N,0.45
180,V,D,V180D,3.02
180,V,E,V180E,1.55
180,V,Q,V180Q,-0.97
180,V,G,V180G,3.22
180,V,H,V180H,6.26
180,V,I,V180I,-0.14
180,V,L,V180L,-5.83
180,V,K,V180K,1.76
180,V,M,V180M,-1.25
180,V,F,V180F,11
180,V,P,V180P,11
180,V,S,V180S,2.83
180,V,T,V180T,0.71
180,V,W,V180W,11
180,V,Y,V180Y,11
181,N,A,N181A,-0.54
181,N,R,N181R,-0.57
181,N,D,N181D,1.23
181,N,E,N181E,1.42
181,N,Q,N181Q,1.5
181,N,G,N181G,1.9
181,N,H,N181H,2.63
181,N,I,N181I,2.52
181,N,L,N181L,0.79
181,N,K,N181K,2.1
181,N,M,N181M,-1.14
181,N,F,N181F,2.87
181,N,P,N181P,11
181,N,S,N181S,3.48
181,N,T,N181T,3.83
181,N,W,N181W,8.37
181,N,Y,N181Y,1.39
181,N,V,N181V,1.32
182,I,A,I182A,-0.02
182,I,R,I182R,1.69
182,I,N,I182N,1.45
182,I,D,I182D,2.33
182,I,E,I182E,1.78
182,I,Q,I182Q,2.4
182,I,G,I182G,4.36
182,I,H,I182H,1.73
182,I,L,I182L,0.98
182,I,K,I182K,1.62
182,I,M,I182M,-1.65
182,I,F,I182F,3.62
182,I,P,I182P,11
182,I,S,I182S,1.92
182,I,T,I182T,2.02
182,I,W,I182W,11
182,I,Y,I182Y,0.68
182,I,V,I182V,-1.13
183,T,A,T183A,-3.22
183,T,R,T183R,-4.07
183,T,N,T183N,-4.48
183,T,D,T183D,-1.68
183,T,E,T183E,-3.4
183,T,Q,T183Q,-3.07
183,T,G,T183G,-1.94
183,T,H,T183H,-0.67
183,T,I,T183I,-2.95
183,T,L,T183L,-4
183,T,K,T183K,-1.89
183,T,M,T183M,-7.83
183,T,F,T183F,5.28
183,T,P,T183P,11
183,T,S,T183S,-3.69
183,T,W,T183W,11
183,T,Y,T183Y,3.45
183,T,V,T183V,-3.19
184,I,A,I184A,2.41
184,I,R,I184R,2.07
184,I,N,I184N,4.71
184,I,D,I184D,5.7
184,I,E,I184E,2.91
184,I,Q,I184Q,3.71
184,I,G,I184G,5.28
184,I,H,I184H,4.89
184,I,L,I184L,0.06
184,I,K,I184K,3.51
184,I,M,I184M,-0.74
184,I,F,I184F,2.18
184,I,P,I184P,11
184,I,S,I184S,4.34
184,I,T,I184T,2.09
184,I,W,I184W,8.3
184,I,Y,I184Y,0.64
184,I,V,I184V,2.7
185,K,A,K185A,-1.69
185,K,R,K185R,-3.91
185,K,N,K185N,-0.88
185,K,D,K185D,0.35
185,K,E,K185E,-1.05
185,K,Q,K185Q,-0.08
185,K,G,K185G,1.55
185,K,H,K185H,0.22
185,K,I,K185I,-3.61
185,K,L,K185L,-3.49
185,K,M,K185M,-4.57
185,K,F,K185F,-0.61
185,K,P,K185P,11
185,K,S,K185S,-1.91
185,K,T,K185T,-3.05
185,K,W,K185W,3.05
185,K,Y,K185Y,-2.67
185,K,V,K185V,-3.73
186,Q,A,Q186A,-1.51
186,Q,R,Q186R,-0.87
186,Q,N,Q186N,-3.7
186,Q,D,Q186D,-0.35
186,Q,E,Q186E,-1.89
186,Q,G,Q186G,1.44
186,Q,H,Q186H,1.7
186,Q,I,Q186I,-1.16
186,Q,L,Q186L,-3.15
186,Q,K,Q186K,-0.1
186,Q,M,Q186M,-5.98
186,Q,F,Q186F,0.04
186,Q,P,Q186P,5.73
186,Q,S,Q186S,0.86
186,Q,T,Q186T,-0.31
186,Q,W,Q186W,6.43
186,Q,Y,Q186Y,-2.45
186,Q,V,Q186V,-3.44
187,H,A,H187A,-4.14
187,H,R,H187R,9.5
187,H,N,H187N,0.02
187,H,D,H187D,3.99
187,H,E,H187E,-0.86
187,H,Q,H187Q,0.14
187,H,G,H187G,-2.8
187,H,I,H187I,11
187,H,L,H187L,5.97
187,H,K,H187K,3.05
187,H,M,H187M,-4.2
187,H,F,H187F,2.25
187,H,P,H187P,11
187,H,S,H187S,-1.79
187,H,T,H187T,0.67
187,H,W,H187W,6.23
187,H,Y,H187Y,-0.04
187,H,V,H187V,11
188,T,A,T188A,1.42
188,T,R,T188R,0.05
188,T,N,T188N,1.76
188,T,D,T188D,1.73
188,T,E,T188E,1.98
188,T,Q,T188Q,1.88
188,T,G,T188G,2.96
188,T,H,T188H,1.17
188,T,I,T188I,0.77
188,T,L,T188L,-0.77
188,T,K,T188K,0.61
188,T,M,T188M,-1.97
188,T,F,T188F,-0.91
188,T,P,T188P,11
188,T,S,T188S,-0.65
188,T,W,T188W,4.27
188,T,Y,T188Y,-2.12
188,T,V,T188V,-1.1
189,V,A,V189A,1.86
189,V,R,V189R,1.95
189,V,N,V189N,2.36
189,V,D,V189D,1.7
189,V,E,V189E,3.12
189,V,Q,V189Q,3.8
189,V,G,V189G,4.57
189,V,H,V189H,2.61
189,V,I,V189I,2.59
189,V,L,V189L,1.55
189,V,K,V189K,4.2
189,V,M,V189M,0.15
189,V,F,V189F,3.44
189,V,P,V189P,6.96
189,V,S,V189S,1.24
189,V,T,V189T,1.94
189,V,W,V189W,8.45
189,V,Y,V189Y,-0.26
190,T,A,T190A,-2.46
190,T,R,T190R,-1.16
190,T,N,T190N,-1.57
190,T,D,T190D,-0.06
190,T,E,T190E,-1.82
190,T,Q,T190Q,0.18
190,T,G,T190G,1.79
190,T,H,T190H,1.55
190,T,I,T190I,-0.7
190,T,L,T190L,-1.39
190,T,K,T190K,1.78
190,T,M,T190M,-3.24
190,T,F,T190F,1.36
190,T,P,T190P,3.77
190,T,S,T190S,-0.96
190,T,W,T190W,7.45
190,T,Y,T190Y,-0.05
190,T,V,T190V,-2.26
191,T,A,T191A,0.03
191,T,R,T191R,0.52
191,T,N,T191N,0.92
191,T,D,T191D,0.09
191,T,E,T191E,0.74
191,T,Q,T191Q,0.59
191,T,G,T191G,0
191,T,H,T191H,-0.04
191,T,I,T191I,5.98
191,T,L,T191L,-1.74
191,T,K,T191K,0.59
191,T,M,T191M,-2.53
191,T,F,T191F,1.65
191,T,P,T191P,5.53
191,T,S,T191S,1.01
191,T,W,T191W,3.76
191,T,Y,T191Y,-1.88
191,T,V,T191V,6.82
192,T,A,T192A,-0.18
192,T,R,T192R,0.28
192,T,N,T192N,-0.32
192,T,D,T192D,-0.23
192,T,E,T192E,0.87
192,T,Q,T192Q,-0.11
192,T,G,T192G,2.66
192,T,H,T192H,2.86
192,T,I,T192I,0.4
192,T,L,T192L,0.77
192,T,K,T192K,1.14
192,T,M,T192M,-2.86
192,T,F,T192F,2.25
192,T,P,T192P,4.83
192,T,S,T192S,1.42
192,T,W,T192W,6.8
192,T,Y,T192Y,-0.09
192,T,V,T192V,0.13
193,T,A,T193A,-2.63
193,T,R,T193R,-8.85
193,T,N,T193N,-4.26
193,T,D,T193D,-3.96
193,T,E,T193E,-5.17
193,T,Q,T193Q,-2.79
193,T,G,T193G,-0.02
193,T,H,T193H,-2.02
193,T,I,T193I,-5.79
193,T,L,T193L,-6.79
193,T,K,T193K,-2.88
193,T,M,T193M,-8.84
193,T,F,T193F,-0.79
193,T,P,T193P,2.36
193,T,S,T193S,-3.27
193,T,W,T193W,8.26
193,T,Y,T193Y,3.58
193,T,V,T193V,-7.22
194,K,A,K194A,2.31
194,K,R,K194R,-0.15
194,K,N,K194N,1.24
194,K,D,K194D,1.18
194,K,E,K194E,0.55
194,K,Q,K194Q,0.01
194,K,G,K194G,3.29
194,K,H,K194H,1.97
194,K,I,K194I,-0.16
194,K,L,K194L,0.8
194,K,M,K194M,-1.31
194,K,F,K194F,3.63
194,K,P,K194P,11
194,K,S,K194S,-0.25
194,K,T,K194T,-1.78
194,K,W,K194W,1.78
194,K,Y,K194Y,-0.22
194,K,V,K194V,-0.26
195,G,A,G195A,-0.44
195,G,R,G195R,0.41
195,G,N,G195N,0.45
195,G,D,G195D,0.22
195,G,E,G195E,-0.26
195,G,Q,G195Q,0.84
195,G,H,G195H,1.38
195,G,I,G195I,-1.12
195,G,L,G195L,-1.85
195,G,K,G195K,1.94
195,G,M,G195M,-0.88
195,G,F,G195F,1.31
195,G,P,G195P,4.06
195,G,S,G195S,0.87
195,G,T,G195T,0.53
195,G,W,G195W,5.56
195,G,Y,G195Y,-2.35
195,G,V,G195V,-2.2
196,E,A,E196A,-0.97
196,E,R,E196R,-2.49
196,E,N,E196N,-2.59
196,E,D,E196D,-0.25
196,E,Q,E196Q,-1.8
196,E,G,E196G,3.21
196,E,H,E196H,1.05
196,E,I,E196I,-2.31
196,E,L,E196L,-3.73
196,E,K,E196K,-0.79
196,E,M,E196M,-5.39
196,E,F,E196F,2.14
196,E,P,E196P,1.87
196,E,S,E196S,0
196,E,T,E196T,-0.74
196,E,W,E196W,3.05
196,E,Y,E196Y,-0.38
196,E,V,E196V,-3.07
197,N,A,N197A,4.47
197,N,R,N197R,3.68
197,N,D,N197D,0.99
197,N,E,N197E,2.71
197,N,Q,N197Q,3.83
197,N,G,N197G,7.25
197,N,H,N197H,1.5
197,N,I,N197I,7.14
197,N,L,N197L,2.38
197,N,K,N197K,5.34
197,N,M,N197M,-0.09
197,N,F,N197F,0.76
197,N,P,N197P,11
197,N,S,N197S,4.45
197,N,T,N197T,6.97
197,N,W,N197W,4.92
197,N,Y,N197Y,-3.23
197,N,V,N197V,5.88
198,F,A,F198A,2.78
198,F,R,F198R,-1.33
198,F,N,F198N,1.7
198,F,D,F198D,5.47
198,F,E,F198E,1.82
198,F,Q,F198Q,0.24
198,F,G,F198G,7.05
198,F,H,F198H,3.26
198,F,I,F198I,0.45
198,F,L,F198L,0.26
198,F,K,F198K,2.92
198,F,M,F198M,-1.29
198,F,F,F198F,5.88
198,F,P,F198P,11
198,F,S,F198S,4.73
198,F,T,F198T,1.55
198,F,W,F198W,7.23
198,F,Y,F198Y,4.56
198,F,V,F198V,-1.15
199,T,A,T199A,1.52
199,T,R,T199R,0.33
199,T,N,T199N,1.62
199,T,D,T199D,3.29
199,T,E,T199E,0.59
199,T,Q,T199Q,1.98
199,T,G,T199G,4.21
199,T,H,T199H,0.09
199,T,I,T199I,0.37
199,T,L,T199L,-0.21
199,T,K,T199K,1.78
199,T,M,T199M,-1.09
199,T,F,T199F,2.96
199,T,P,T199P,11
199,T,S,T199S,1.77
199,T,W,T199W,4.35
199,T,Y,T199Y,1.75
199,T,V,T199V,0.89
200,E,A,E200A,1.58
200,E,R,E200R,-3.62
200,E,N,E200N,0.3
200,E,D,E200D,4.11
200,E,Q,E200Q,-3.78
200,E,G,E200G,0.95
200,E,H,E200H,0.74
200,E,I,E200I,4.43
200,E,L,E200L,-3.9
200,E,K,E200K,2.49
200,E,M,E200M,-4.16
200,E,F,E200F,1.81
200,E,P,E200P,11
200,E,S,E200S,0.65
200,E,T,E200T,5.11
200,E,W,E200W,5.72
200,E,Y,E200Y,-3.22
200,E,V,E200V,5.02
201,T,A,T201A,-4.61
201,T,R,T201R,2.43
201,T,N,T201N,-2.95
201,T,D,T201D,-1.62
201,T,E,T201E,0.99
201,T,Q,T201Q,-0.2
201,T,G,T201G,-2.04
201,T,H,T201H,-3.04
201,T,I,T201I,-5.13
201,T,L,T201L,-1.69
201,T,K,T201K,2.33
201,T,M,T201M,-3.41
201,T,F,T201F,-0.71
201,T,P,T201P,7.67
201,T,S,T201S,-3.85
201,T,W,T201W,7.84
201,T,Y,T201Y,-4.61
201,T,V,T201V,-8.07
202,D,A,D202A,2.18
202,D,R,D202R,-0.4
202,D,N,D202N,1.98
202,D,E,D202E,0.07
202,D,Q,D202Q,-0.97
202,D,G,D202G,4.89
202,D,H,D202H,1.6
202,D,I,D202I,-1.44
202,D,L,D202L,0.15
202,D,K,D202K,1.06
202,D,M,D202M,-3.66
202,D,F,D202F,-1.26
202,D,P,D202P,11
202,D,S,D202S,3.81
202,D,T,D202T,2.37
202,D,W,D202W,3.61
202,D,Y,D202Y,-2.51
202,D,V,D202V,-1.72
203,V,A,V203A,0.32
203,V,R,V203R,0.85
203,V,N,V203N,0.11
203,V,D,V203D,2.6
203,V,E,V203E,0.79
203,V,Q,V203Q,2.01
203,V,G,V203G,4.31
203,V,H,V203H,-1.11
203,V,I,V203I,7.21
203,V,L,V203L,2.31
203,V,K,V203K,1.34
203,V,M,V203M,-3.05
203,V,F,V203F,0.38
203,V,P,V203P,11
203,V,S,V203S,2.34
203,V,T,V203T,2.52
203,V,W,V203W,6.59
203,V,Y,V203Y,-1.19
204,K,A,K204A,-3.23
204,K,R,K204R,11
204,K,N,K204N,-0.44
204,K,D,K204D,1.37
204,K,E,K204E,3.95
204,K,Q,K204Q,1.48
204,K,G,K204G,0.92
204,K,H,K204H,4.33
204,K,I,K204I,-3.18
204,K,L,K204L,1.61
204,K,M,K204M,-5.51
204,K,F,K204F,11
204,K,P,K204P,-0.35
204,K,S,K204S,-3.55
204,K,T,K204T,-2.48
204,K,W,K204W,11
204,K,Y,K204Y,11
204,K,V,K204V,-3.73
205,M,A,M205A,3.43
205,M,R,M205R,11
205,M,N,M205N,6.1
205,M,D,M205D,7.7
205,M,E,M205E,11
205,M,Q,M205Q,11
205,M,G,M205G,7.07
205,M,H,M205H,11
205,M,I,M205I,6.17
205,M,L,M205L,9.21
205,M,K,M205K,11
205,M,F,M205F,11
205,M,P,M205P,11
205,M,S,M205S,6.72
205,M,T,M205T,5.46
205,M,W,M205W,11
205,M,Y,M205Y,11
205,M,V,M205V,1.47
206,M,A,M206A,4.55
206,M,R,M206R,2.58
206,M,N,M206N,6.02
206,M,D,M206D,6.96
206,M,E,M206E,4.16
206,M,Q,M206Q,5.5
206,M,G,M206G,7.07
206,M,H,M206H,6.66
206,M,I,M206I,2.48
206,M,L,M206L,5.31
206,M,K,M206K,6.03
206,M,F,M206F,5.03
206,M,P,M206P,11
206,M,S,M206S,4.47
206,M,T,M206T,1.98
206,M,W,M206W,11
206,M,Y,M206Y,5.37
206,M,V,M206V,1.6
207,E,A,E207A,-1.9
207,E,R,E207R,0.72
207,E,N,E207N,2.85
207,E,D,E207D,2.82
207,E,Q,E207Q,-0.43
207,E,G,E207G,0.84
207,E,H,E207H,2.7
207,E,I,E207I,2.55
207,E,L,E207L,1.37
207,E,K,E207K,1.02
207,E,M,E207M,-2.95
207,E,F,E207F,1.4
207,E,P,E207P,11
207,E,S,E207S,0.63
207,E,T,E207T,-0.62
207,E,W,E207W,8.02
207,E,Y,E207Y,0.3
207,E,V,E207V,0.93
208,R,A,R208A,3.39
208,R,N,R208N,2.13
208,R,D,R208D,4.25
208,R,E,R208E,2.92
208,R,Q,R208Q,0.88
208,R,G,R208G,4.85
208,R,H,R208H,1.97
208,R,I,R208I,1.36
208,R,L,R208L,-3.47
208,R,K,R208K,8.74
208,R,M,R208M,-2.32
208,R,F,R208F,1.74
208,R,P,R208P,11
208,R,S,R208S,4.19
208,R,T,R208T,4.1
208,R,W,R208W,11
208,R,Y,R208Y,6.61
208,R,V,R208V,3.77
209,V,A,V209A,-12.45
209,V,R,V209R,11
209,V,N,V209N,4.77
209,V,D,V209D,6.31
209,V,E,V209E,11
209,V,Q,V209Q,11
209,V,G,V209G,-9.03
209,V,H,V209H,11
209,V,I,V209I,7.13
209,V,L,V209L,11
209,V,K,V209K,11
209,V,M,V209M,-0.66
209,V,F,V209F,11
209,V,P,V209P,8.96
209,V,S,V209S,-11.1
209,V,T,V209T,-6.67
209,V,W,V209W,11
209,V,Y,V209Y,11
210,V,A,V210A,2.55
210,V,R,V210R,1.17
210,V,N,V210N,2.42
210,V,D,V210D,2.51
210,V,E,V210E,1.57
210,V,Q,V210Q,0.71
210,V,G,V210G,5.04
210,V,H,V210H,1.19
210,V,I,V210I,-0.14
210,V,L,V210L,-0.46
210,V,K,V210K,4.71
210,V,M,V210M,-0.7
210,V,F,V210F,0.91
210,V,P,V210P,11
210,V,S,V210S,1.57
210,V,T,V210T,1.18
210,V,W,V210W,5.04
210,V,Y,V210Y,-1.06
211,E,A,E211A,1.59
211,E,R,E211R,-1.4
211,E,N,E211N,-2.12
211,E,D,E211D,-1.83
211,E,Q,E211Q,-0.32
211,E,G,E211G,4.48
211,E,H,E211H,-0.41
211,E,I,E211I,-2.31
211,E,L,E211L,-3.91
211,E,K,E211K,0.54
211,E,M,E211M,-4.18
211,E,F,E211F,-1.34
211,E,P,E211P,11
211,E,S,E211S,1.69
211,E,T,E211T,-0.74
211,E,W,E211W,1.59
211,E,Y,E211Y,-2.85
211,E,V,E211V,-2.73
212,Q,A,Q212A,0.11
212,Q,R,Q212R,8.37
212,Q,N,Q212N,3.54
212,Q,D,Q212D,7.43
212,Q,E,Q212E,2.86
212,Q,G,Q212G,5.59
212,Q,H,Q212H,3.18
212,Q,I,Q212I,4.46
212,Q,L,Q212L,5.92
212,Q,K,Q212K,11
212,Q,M,Q212M,-0.22
212,Q,F,Q212F,9.54
212,Q,P,Q212P,11
212,Q,S,Q212S,4.29
212,Q,T,Q212T,2.13
212,Q,W,Q212W,11
212,Q,Y,Q212Y,10
212,Q,V,Q212V,1.62
213,M,A,M213A,6.14
213,M,R,M213R,5.98
213,M,N,M213N,5.46
213,M,D,M213D,8.14
213,M,E,M213E,3.59
213,M,Q,M213Q,5.85
213,M,G,M213G,9.8
213,M,H,M213H,4.15
213,M,I,M213I,9.73
213,M,L,M213L,5.91
213,M,K,M213K,5.83
213,M,F,M213F,3.27
213,M,P,M213P,11
213,M,S,M213S,9.09
213,M,T,M213T,6.78
213,M,W,M213W,4.19
213,M,Y,M213Y,0.78
213,M,V,M213V,8.43
215,I,A,I215A,4.7
215,I,R,I215R,0.99
215,I,N,I215N,6.34
215,I,D,I215D,5.37
215,I,E,I215E,5.78
215,I,Q,I215Q,4.49
215,I,G,I215G,7.16
215,I,H,I215H,4.38
215,I,L,I215L,2.19
215,I,K,I215K,6.1
215,I,M,I215M,1.28
215,I,F,I215F,3.37
215,I,P,I215P,11
215,I,S,I215S,4.54
215,I,T,I215T,4.23
215,I,W,I215W,8.69
215,I,Y,I215Y,1.85
215,I,V,I215V,3.06
216,T,A,T216A,1.93
216,T,R,T216R,0.83
216,T,N,T216N,1.23
216,T,D,T216D,2.52
216,T,E,T216E,0.74
216,T,Q,T216Q,0.85
216,T,G,T216G,5.71
216,T,H,T216H,2.97
216,T,I,T216I,0.92
216,T,L,T216L,0.17
216,T,K,T216K,3.56
216,T,M,T216M,-1.8
216,T,F,T216F,2.99
216,T,P,T216P,11
216,T,S,T216S,4.77
216,T,W,T216W,9.38
216,T,Y,T216Y,1.44
216,T,V,T216V,-0.06
217,Q,A,Q217A,0.31
217,Q,R,Q217R,-2.21
217,Q,N,Q217N,-1.18
217,Q,D,Q217D,1.45
217,Q,E,Q217E,-0.79
217,Q,G,Q217G,3.64
217,Q,H,Q217H,-2.46
217,Q,I,Q217I,6.81
217,Q,L,Q217L,-3.49
217,Q,K,Q217K,-1.1
217,Q,M,Q217M,-4.15
217,Q,F,Q217F,-3.58
217,Q,P,Q217P,11
217,Q,S,Q217S,0.6
217,Q,T,Q217T,-0.24
217,Q,W,Q217W,1.43
217,Q,Y,Q217Y,-7.02
217,Q,V,Q217V,4.71
218,Y,A,Y218A,2.8
218,Y,R,Y218R,0.19
218,Y,N,Y218N,3.63
218,Y,D,Y218D,3.25
218,Y,E,Y218E,1.82
218,Y,Q,Y218Q,2.94
218,Y,G,Y218G,4.47
218,Y,H,Y218H,3.81
218,Y,I,Y218I,1.69
218,Y,L,Y218L,0.23
218,Y,K,Y218K,3.47
218,Y,M,Y218M,-0.62
218,Y,F,Y218F,3.35
218,Y,P,Y218P,11
218,Y,S,Y218S,2.73
218,Y,T,Y218T,1.97
218,Y,W,Y218W,8.49
218,Y,V,Y218V,0.7
219,E,A,E219A,-1.13
219,E,R,E219R,-0.6
219,E,N,E219N,-0.42
219,E,D,E219D,0.18
219,E,Q,E219Q,0.39
219,E,G,E219G,1.13
219,E,H,E219H,-0.56
219,E,I,E219I,-0.01
219,E,L,E219L,-3.2
219,E,K,E219K,-0.55
219,E,M,E219M,-3.3
219,E,F,E219F,0.1
219,E,P,E219P,11
219,E,S,E219S,-0.52
219,E,T,E219T,0.15
219,E,W,E219W,3.46
219,E,Y,E219Y,-2.6
219,E,V,E219V,0.43
220,R,A,R220A,-1.79
220,R,N,R220N,-1.85
220,R,D,R220D,-0.01
220,R,E,R220E,-2.13
220,R,Q,R220Q,-2.42
220,R,G,R220G,0.26
220,R,H,R220H,0.65
220,R,I,R220I,-1.37
220,R,L,R220L,-2.36
220,R,K,R220K,0.13
220,R,M,R220M,-4.55
220,R,F,R220F,0.09
220,R,P,R220P,11
220,R,S,R220S,-0.44
220,R,T,R220T,1.24
220,R,W,R220W,4.09
220,R,Y,R220Y,-1.54
220,R,V,R220V,-1.49
221,E,A,E221A,-0.28
221,E,R,E221R,-1.63
221,E,N,E221N,-1.23
221,E,D,E221D,-0.51
221,E,Q,E221Q,0.84
221,E,G,E221G,1.87
221,E,H,E221H,-0.44
221,E,I,E221I,-0.19
221,E,L,E221L,-1.49
221,E,K,E221K,0.99
221,E,M,E221M,-4.14
221,E,F,E221F,-0.35
221,E,P,E221P,2.88
221,E,S,E221S,1.31
221,E,T,E221T,-2.22
221,E,W,E221W,3.6
221,E,Y,E221Y,-3.37
221,E,V,E221V,-0.47
222,S,A,S222A,-0.87
222,S,R,S222R,-0.45
222,S,N,S222N,-1.52
222,S,D,S222D,2.16
222,S,E,S222E,0.86
222,S,Q,S222Q,-0.6
222,S,G,S222G,1.32
222,S,H,S222H,0.37
222,S,I,S222I,-1.31
222,S,L,S222L,0.76
222,S,K,S222K,1.4
222,S,M,S222M,-2.08
222,S,F,S222F,1.82
222,S,P,S222P,4.07
222,S,T,S222T,-0.33
222,S,W,S222W,4.94
222,S,Y,S222Y,-1.3
222,S,V,S222V,-0.07
223,Q,A,Q223A,-1.79
223,Q,R,Q223R,-1.4
223,Q,N,Q223N,-3.31
223,Q,D,Q223D,-3.56
223,Q,E,Q223E,-0.78
223,Q,G,Q223G,0.06
223,Q,H,Q223H,0.88
223,Q,I,Q223I,-2.26
223,Q,L,Q223L,-2.37
223,Q,K,Q223K,0.17
223,Q,M,Q223M,-2.93
223,Q,F,Q223F,1.72
223,Q,P,Q223P,11
223,Q,S,Q223S,-0.65
223,Q,T,Q223T,-0.4
223,Q,W,Q223W,5.96
223,Q,Y,Q223Y,-0.14
223,Q,V,Q223V,-1.8
224,A,R,A224R,-0.71
224,A,N,A224N,0.07
224,A,D,A224D,1.06
224,A,E,A224E,1.13
224,A,Q,A224Q,0.69
224,A,G,A224G,1.39
224,A,H,A224H,-0.28
224,A,I,A224I,-1.7
224,A,L,A224L,-1.37
224,A,K,A224K,2.17
224,A,M,A224M,-3.03
224,A,F,A224F,-0.41
224,A,P,A224P,1.82
224,A,S,A224S,1.3
224,A,T,A224T,0.38
224,A,W,A224W,2.68
224,A,Y,A224Y,-2.25
224,A,V,A224V,-1.56
225,Y,A,Y225A,2.25
225,Y,R,Y225R,1.54
225,Y,N,Y225N,2.31
225,Y,D,Y225D,3.3
225,Y,E,Y225E,3.37
225,Y,Q,Y225Q,2.94
225,Y,G,Y225G,3.63
225,Y,H,Y225H,1.96
225,Y,I,Y225I,0.54
225,Y,L,Y225L,0.88
225,Y,K,Y225K,4.41
225,Y,M,Y225M,-0.78
225,Y,F,Y225F,1.84
225,Y,P,Y225P,4.07
225,Y,S,Y225S,3.54
225,Y,T,Y225T,2.63
225,Y,W,Y225W,4.93
225,Y,V,Y225V,0.69
226,Y,A,Y226A,2.25
226,Y,R,Y226R,1.54
226,Y,N,Y226N,2.31
226,Y,D,Y226D,3.3
226,Y,E,Y226E,3.37
226,Y,Q,Y226Q,2.94
226,Y,G,Y226G,3.63
226,Y,H,Y226H,1.96
226,Y,I,Y226I,0.54
226,Y,L,Y226L,0.88
226,Y,K,Y226K,4.41
226,Y,M,Y226M,-0.78
226,Y,F,Y226F,1.84
226,Y,P,Y226P,4.07
226,Y,S,Y226S,3.54
226,Y,T,Y226T,2.63
226,Y,W,Y226W,4.93
226,Y,V,Y226V,0.69
227,Q,A,Q227A,-0.69
227,Q,R,Q227R,-1.4
227,Q,N,Q227N,-0.63
227,Q,D,Q227D,0.36
227,Q,E,Q227E,0.43
227,Q,G,Q227G,0.69
227,Q,H,Q227H,-0.98
227,Q,I,Q227I,-2.4
227,Q,L,Q227L,-2.06
227,Q,K,Q227K,1.47
227,Q,M,Q227M,-3.72
227,Q,F,Q227F,-1.1
227,Q,P,Q227P,1.13
227,Q,S,Q227S,0.6
227,Q,T,Q227T,-0.31
227,Q,W,Q227W,1.99
227,Q,Y,Q227Y,-2.94
227,Q,V,Q227V,-2.25
228,R,A,R228A,0.71
228,R,N,R228N,0.77
228,R,D,R228D,1.76
228,R,E,R228E,1.83
228,R,Q,R228Q,1.4
228,R,G,R228G,2.1
228,R,H,R228H,0.42
228,R,I,R228I,-0.99
228,R,L,R228L,-0.66
228,R,K,R228K,2.88
228,R,M,R228M,-2.32
228,R,F,R228F,0.3
228,R,P,R228P,2.53
228,R,S,R228S,2
228,R,T,R228T,1.09
228,R,W,R228W,3.39
228,R,Y,R228Y,-1.54
228,R,V,R228V,-0.85