jobID,erisID,pdbID,residueNo,PrPresidue,wild-type,mutation,erisID,mutID,ddG
51577,L1A,1QM2,1,125,L,A,L1A,L125A,-0.15
51578,L1R,1QM2,1,125,L,R,L1R,L125R,2.17
51579,L1N,1QM2,1,125,L,N,L1N,L125N,1.35
51580,L1D,1QM2,1,125,L,D,L1D,L125D,0.7
51581,L1E,1QM2,1,125,L,E,L1E,L125E,-1.01
51582,L1Q,1QM2,1,125,L,Q,L1Q,L125Q,0.77
51583,L1G,1QM2,1,125,L,G,L1G,L125G,2.16
51584,L1H,1QM2,1,125,L,H,L1H,L125H,0.26
51585,L1I,1QM2,1,125,L,I,L1I,L125I,-3.22
51586,L1K,1QM2,1,125,L,K,L1K,L125K,3.47
51587,L1M,1QM2,1,125,L,M,L1M,L125M,-1.59
51588,L1F,1QM2,1,125,L,F,L1F,L125F,0.51
51589,L1P,1QM2,1,125,L,P,L1P,L125P,5.11
51590,L1S,1QM2,1,125,L,S,L1S,L125S,1.15
51591,L1T,1QM2,1,125,L,T,L1T,L125T,-0.98
51592,L1W,1QM2,1,125,L,W,L1W,L125W,8.84
51593,L1Y,1QM2,1,125,L,Y,L1Y,L125Y,2.19
51594,L1V,1QM2,1,125,L,V,L1V,L125V,-1.5
51605,G2A,1QM2,2,126,G,A,G2A,G126A,-0.01
51606,G2R,1QM2,2,126,G,R,G2R,G126R,2.27
51607,G2N,1QM2,2,126,G,N,G2N,G126N,-0.81
51608,G2D,1QM2,2,126,G,D,G2D,G126D,-0.2
51609,G2E,1QM2,2,126,G,E,G2E,G126E,-1.35
51610,G2Q,1QM2,2,126,G,Q,G2Q,G126Q,-0.69
51611,G2H,1QM2,2,126,G,H,G2H,G126H,-1.67
51612,G2I,1QM2,2,126,G,I,G2I,G126I,-3.09
51613,G2L,1QM2,2,126,G,L,G2L,G126L,-1.66
51614,G2K,1QM2,2,126,G,K,G2K,G126K,4.07
51615,G2M,1QM2,2,126,G,M,G2M,G126M,-4.42
51616,G2F,1QM2,2,126,G,F,G2F,G126F,-1.8
51617,G2P,1QM2,2,126,G,P,G2P,G126P,0.43
51618,G2S,1QM2,2,126,G,S,G2S,G126S,0.75
51619,G2T,1QM2,2,126,G,T,G2T,G126T,0.82
51620,G2W,1QM2,2,126,G,W,G2W,G126W,1.29
51621,G2Y,1QM2,2,126,G,Y,G2Y,G126Y,-3.63
51622,G2V,1QM2,2,126,G,V,G2V,G126V,-2.04
51623,G3A,1QM2,3,127,G,A,G3A,G127A,-1.98
51624,G3R,1QM2,3,127,G,R,G3R,G127R,-3.26
51625,G3N,1QM2,3,127,G,N,G3N,G127N,-2.81
51626,G3D,1QM2,3,127,G,D,G3D,G127D,-3.51
51627,G3E,1QM2,3,127,G,E,G3E,G127E,-2.36
51628,G3Q,1QM2,3,127,G,Q,G3Q,G127Q,-0.86
51629,G3H,1QM2,3,127,G,H,G3H,G127H,-3.07
51630,G3I,1QM2,3,127,G,I,G3I,G127I,1.53
51631,G3L,1QM2,3,127,G,L,G3L,G127L,-5.03
51632,G3K,1QM2,3,127,G,K,G3K,G127K,0.01
51633,G3M,1QM2,3,127,G,M,G3M,G127M,-4.42
51634,G3F,1QM2,3,127,G,F,G3F,G127F,-2.94
51635,G3P,1QM2,3,127,G,P,G3P,G127P,5.01
51636,G3S,1QM2,3,127,G,S,G3S,G127S,-2.21
51637,G3T,1QM2,3,127,G,T,G3T,G127T,-2.67
51638,G3W,1QM2,3,127,G,W,G3W,G127W,5.87
51639,G3Y,1QM2,3,127,G,Y,G3Y,G127Y,-3.88
51640,G3V,1QM2,3,127,G,V,G3V,G127V,-0.61
51641,Y4A,1QM2,4,128,Y,A,Y4A,Y128A,1.85
51642,Y4R,1QM2,4,128,Y,R,Y4R,Y128R,0.35
51643,Y4N,1QM2,4,128,Y,N,Y4N,Y128N,0.27
51644,Y4D,1QM2,4,128,Y,D,Y4D,Y128D,0.99
51645,Y4E,1QM2,4,128,Y,E,Y4E,Y128E,-0.38
51646,Y4Q,1QM2,4,128,Y,Q,Y4Q,Y128Q,0.87
51647,Y4G,1QM2,4,128,Y,G,Y4G,Y128G,4.6
51648,Y4H,1QM2,4,128,Y,H,Y4H,Y128H,2.18
51649,Y4I,1QM2,4,128,Y,I,Y4I,Y128I,1.61
51651,Y4L,1QM2,4,128,Y,L,Y4L,Y128L,0.88
51650,Y4K,1QM2,4,128,Y,K,Y4K,Y128K,2.91
51652,Y4M,1QM2,4,128,Y,M,Y4M,Y128M,-1.58
51653,Y4F,1QM2,4,128,Y,F,Y4F,Y128F,1.9
51654,Y4P,1QM2,4,128,Y,P,Y4P,Y128P,6.61
51655,Y4S,1QM2,4,128,Y,S,Y4S,Y128S,2.54
51656,Y4T,1QM2,4,128,Y,T,Y4T,Y128T,0.63
51657,Y4W,1QM2,4,128,Y,W,Y4W,Y128W,7.8
51658,Y4V,1QM2,4,128,Y,V,Y4V,Y128V,-0.89
51661,M5A,1QM2,5,129,M,A,M5A,M129A,4.42
51662,M5R,1QM2,5,129,M,R,M5R,M129R,4.52
51663,M5N,1QM2,5,129,M,N,M5N,M129N,2.41
51664,M5D,1QM2,5,129,M,D,M5D,M129D,1.57
51665,M5E,1QM2,5,129,M,E,M5E,M129E,3.98
51666,M5Q,1QM2,5,129,M,Q,M5Q,M129Q,4.9
51667,M5G,1QM2,5,129,M,G,M5G,M129G,5.04
51668,M5H,1QM2,5,129,M,H,M5H,M129H,3.1
51669,M5I,1QM2,5,129,M,I,M5I,M129I,3.39
51670,M5L,1QM2,5,129,M,L,M5L,M129L,1.37
51671,M5K,1QM2,5,129,M,K,M5K,M129K,4.51
51672,M5F,1QM2,5,129,M,F,M5F,M129F,5.83
51673,M5P,1QM2,5,129,M,P,M5P,M129P,7.93
51674,M5S,1QM2,5,129,M,S,M5S,M129S,4.33
51675,M5T,1QM2,5,129,M,T,M5T,M129T,5.63
51676,M5W,1QM2,5,129,M,W,M5W,M129W,6.22
51677,M5Y,1QM2,5,129,M,Y,M5Y,M129Y,6.33
51678,M5V,1QM2,5,129,M,V,M5V,M129V,5.75
51706,L6A,1QM2,6,130,L,A,L6A,L130A,1.37
51707,L6R,1QM2,6,130,L,R,L6R,L130R,1.18
51708,L6N,1QM2,6,130,L,N,L6N,L130N,2.14
51709,L6D,1QM2,6,130,L,D,L6D,L130D,1.78
51710,L6E,1QM2,6,130,L,E,L6E,L130E,1.07
51711,L6Q,1QM2,6,130,L,Q,L6Q,L130Q,2.42
51712,L6G,1QM2,6,130,L,G,L6G,L130G,3.76
51713,L6H,1QM2,6,130,L,H,L6H,L130H,2.62
51714,L6I,1QM2,6,130,L,I,L6I,L130I,-0.61
51715,L6K,1QM2,6,130,L,K,L6K,L130K,4.43
51716,L6M,1QM2,6,130,L,M,L6M,L130M,0.01
51717,L6F,1QM2,6,130,L,F,L6F,L130F,0.73
51718,L6P,1QM2,6,130,L,P,L6P,L130P,6.06
51719,L6S,1QM2,6,130,L,S,L6S,L130S,3.67
51720,L6T,1QM2,6,130,L,T,L6T,L130T,1.64
51721,L6W,1QM2,6,130,L,W,L6W,L130W,7.19
51722,L6Y,1QM2,6,130,L,Y,L6Y,L130Y,-0.42
51723,L6V,1QM2,6,130,L,V,L6V,L130V,-1.91
51724,G7A,1QM2,7,131,G,A,G7A,G131A,-1.69
51725,G7R,1QM2,7,131,G,R,G7R,G131R,-0.78
51726,G7N,1QM2,7,131,G,N,G7N,G131N,-1.53
51727,G7D,1QM2,7,131,G,D,G7D,G131D,0.69
51728,G7E,1QM2,7,131,G,E,G7E,G131E,-1.47
51729,G7Q,1QM2,7,131,G,Q,G7Q,G131Q,-0.88
51730,G7H,1QM2,7,131,G,H,G7H,G131H,-1.18
51731,G7I,1QM2,7,131,G,I,G7I,G131I,-2.74
51732,G7L,1QM2,7,131,G,L,G7L,G131L,-0.36
51733,G7K,1QM2,7,131,G,K,G7K,G131K,1.09
51734,G7M,1QM2,7,131,G,M,G7M,G131M,-4.42
51735,G7F,1QM2,7,131,G,F,G7F,G131F,1.12
51736,G7P,1QM2,7,131,G,P,G7P,G131P,4.42
51737,G7S,1QM2,7,131,G,S,G7S,G131S,-1.13
51738,G7T,1QM2,7,131,G,T,G7T,G131T,-1.43
51739,G7W,1QM2,7,131,G,W,G7W,G131W,4.08
51740,G7Y,1QM2,7,131,G,Y,G7Y,G131Y,2.79
51741,G7V,1QM2,7,131,G,V,G7V,G131V,-2.18
51742,S8A,1QM2,8,132,S,A,S8A,S132A,-0.88
51743,S8R,1QM2,8,132,S,R,S8R,S132R,1.66
51744,S8N,1QM2,8,132,S,N,S8N,S132N,-0.13
51745,S8D,1QM2,8,132,S,D,S8D,S132D,-0.97
51746,S8E,1QM2,8,132,S,E,S8E,S132E,-0.22
51747,S8Q,1QM2,8,132,S,Q,S8Q,S132Q,1.05
51748,S8G,1QM2,8,132,S,G,S8G,S132G,1.28
51749,S8H,1QM2,8,132,S,H,S8H,S132H,-1.29
51750,S8I,1QM2,8,132,S,I,S8I,S132I,-1.05
51751,S8L,1QM2,8,132,S,L,S8L,S132L,1.08
51752,S8K,1QM2,8,132,S,K,S8K,S132K,2.09
51753,S8M,1QM2,8,132,S,M,S8M,S132M,-1.91
51754,S8F,1QM2,8,132,S,F,S8F,S132F,2.65
51755,S8P,1QM2,8,132,S,P,S8P,S132P,2.61
51756,S8T,1QM2,8,132,S,T,S8T,S132T,1.08
51757,S8W,1QM2,8,132,S,W,S8W,S132W,3.37
51758,S8Y,1QM2,8,132,S,Y,S8Y,S132Y,-0.28
51759,S8V,1QM2,8,132,S,V,S8V,S132V,-0.63
51762,A9R,1QM2,9,133,A,R,A9R,A133R,-0.71
51763,A9N,1QM2,9,133,A,N,A9N,A133N,2.08
51764,A9D,1QM2,9,133,A,D,A9D,A133D,4.49
51765,A9E,1QM2,9,133,A,E,A9E,A133E,1.75
51766,A9Q,1QM2,9,133,A,Q,A9Q,A133Q,2.78
51767,A9G,1QM2,9,133,A,G,A9G,A133G,4.02
51768,A9H,1QM2,9,133,A,H,A9H,A133H,6.68
51769,A9I,1QM2,9,133,A,I,A9I,A133I,0.29
51770,A9L,1QM2,9,133,A,L,A9L,A133L,1.86
51771,A9K,1QM2,9,133,A,K,A9K,A133K,7.19
51772,A9M,1QM2,9,133,A,M,A9M,A133M,0.71
51773,A9F,1QM2,9,133,A,F,A9F,A133F,11
51774,A9P,1QM2,9,133,A,P,A9P,A133P,2.23
51775,A9S,1QM2,9,133,A,S,A9S,A133S,2.6
51776,A9T,1QM2,9,133,A,T,A9T,A133T,3.1
51777,A9W,1QM2,9,133,A,W,A9W,A133W,11
51778,A9Y,1QM2,9,133,A,Y,A9Y,A133Y,11
51779,A9V,1QM2,9,133,A,V,A9V,A133V,0.06
51780,M10A,1QM2,10,134,M,A,M10A,M134A,5.69
51781,M10R,1QM2,10,134,M,R,M10R,M134R,5.93
51782,M10N,1QM2,10,134,M,N,M10N,M134N,8.49
51783,M10D,1QM2,10,134,M,D,M10D,M134D,11
51784,M10E,1QM2,10,134,M,E,M10E,M134E,7.53
51785,M10Q,1QM2,10,134,M,Q,M10Q,M134Q,6.56
51786,M10G,1QM2,10,134,M,G,M10G,M134G,6.37
51787,M10H,1QM2,10,134,M,H,M10H,M134H,9.16
51788,M10I,1QM2,10,134,M,I,M10I,M134I,8.32
51789,M10L,1QM2,10,134,M,L,M10L,M134L,8.34
51790,M10K,1QM2,10,134,M,K,M10K,M134K,9.22
51791,M10F,1QM2,10,134,M,F,M10F,M134F,6.1
51792,M10P,1QM2,10,134,M,P,M10P,M134P,4.85
51793,M10S,1QM2,10,134,M,S,M10S,M134S,6.31
51794,M10T,1QM2,10,134,M,T,M10T,M134T,8.4
51795,M10W,1QM2,10,134,M,W,M10W,M134W,5.89
51796,M10Y,1QM2,10,134,M,Y,M10Y,M134Y,6.68
51797,M10V,1QM2,10,134,M,V,M10V,M134V,7.85
51798,S11A,1QM2,11,135,S,A,S11A,S135A,3.14
51799,S11R,1QM2,11,135,S,R,S11R,S135R,0.8
51800,S11N,1QM2,11,135,S,N,S11N,S135N,0.68
51801,S11D,1QM2,11,135,S,D,S11D,S135D,1.7
51802,S11E,1QM2,11,135,S,E,S11E,S135E,1.7
51803,S11Q,1QM2,11,135,S,Q,S11Q,S135Q,1
51804,S11G,1QM2,11,135,S,G,S11G,S135G,4.56
51805,S11H,1QM2,11,135,S,H,S11H,S135H,-0.99
51806,S11I,1QM2,11,135,S,I,S11I,S135I,-3
51807,S11L,1QM2,11,135,S,L,S11L,S135L,-1.5
51808,S11K,1QM2,11,135,S,K,S11K,S135K,3
51809,S11M,1QM2,11,135,S,M,S11M,S135M,-2.36
51810,S11F,1QM2,11,135,S,F,S11F,S135F,1.05
51811,S11P,1QM2,11,135,S,P,S11P,S135P,1.8
51812,S11T,1QM2,11,135,S,T,S11T,S135T,1.67
51813,S11W,1QM2,11,135,S,W,S11W,S135W,5.89
51814,S11Y,1QM2,11,135,S,Y,S11Y,S135Y,-1.1
51815,S11V,1QM2,11,135,S,V,S11V,S135V,-1.96
51816,R12A,1QM2,12,136,R,A,R12A,R136A,1.86
51817,R12N,1QM2,12,136,R,N,R12N,R136N,1.86
51818,R12D,1QM2,12,136,R,D,R12D,R136D,3.66
51819,R12E,1QM2,12,136,R,E,R12E,R136E,3.64
51820,R12Q,1QM2,12,136,R,Q,R12Q,R136Q,3.97
51821,R12G,1QM2,12,136,R,G,R12G,R136G,5.28
51822,R12H,1QM2,12,136,R,H,R12H,R136H,2.2
51823,R12I,1QM2,12,136,R,I,R12I,R136I,-0.99
51824,R12L,1QM2,12,136,R,L,R12L,R136L,4.17
51825,R12K,1QM2,12,136,R,K,R12K,R136K,4.35
51826,R12M,1QM2,12,136,R,M,R12M,R136M,-0.44
51827,R12F,1QM2,12,136,R,F,R12F,R136F,6.39
51828,R12P,1QM2,12,136,R,P,R12P,R136P,6.05
51829,R12S,1QM2,12,136,R,S,R12S,R136S,4.88
51830,R12T,1QM2,12,136,R,T,R12T,R136T,2
51831,R12W,1QM2,12,136,R,W,R12W,R136W,8
51832,R12Y,1QM2,12,136,R,Y,R12Y,R136Y,3.6
51833,R12V,1QM2,12,136,R,V,R12V,R136V,1.13
52064,P13A,1QM2,13,137,P,A,P13A,P137A,-0.83
52065,P13R,1QM2,13,137,P,R,P13R,P137R,-0.19
52066,P13N,1QM2,13,137,P,N,P13N,P137N,-0.94
52067,P13D,1QM2,13,137,P,D,P13D,P137D,-1.17
52068,P13E,1QM2,13,137,P,E,P13E,P137E,-0.79
52069,P13Q,1QM2,13,137,P,Q,P13Q,P137Q,0.09
52070,P13G,1QM2,13,137,P,G,P13G,P137G,2
52071,P13H,1QM2,13,137,P,H,P13H,P137H,-2.1
52072,P13I,1QM2,13,137,P,I,P13I,P137I,-0.94
52073,P13L,1QM2,13,137,P,L,P13L,P137L,-1.32
52074,P13K,1QM2,13,137,P,K,P13K,P137K,0.3
52075,P13M,1QM2,13,137,P,M,P13M,P137M,-2.36
52076,P13F,1QM2,13,137,P,F,P13F,P137F,2.26
52077,P13S,1QM2,13,137,P,S,P13S,P137S,0.34
52078,P13T,1QM2,13,137,P,T,P13T,P137T,0.12
52079,P13W,1QM2,13,137,P,W,P13W,P137W,5.87
52080,P13Y,1QM2,13,137,P,Y,P13Y,P137Y,-0.19
52081,P13V,1QM2,13,137,P,V,P13V,P137V,-2.21
52082,I14A,1QM2,14,138,I,A,I14A,I138A,4.93
52083,I14R,1QM2,14,138,I,R,I14R,I138R,1.91
52084,I14N,1QM2,14,138,I,N,I14N,I138N,2.96
52085,I14D,1QM2,14,138,I,D,I14D,I138D,0.16
52086,I14E,1QM2,14,138,I,E,I14E,I138E,1.68
52087,I14Q,1QM2,14,138,I,Q,I14Q,I138Q,2.28
52088,I14G,1QM2,14,138,I,G,I14G,I138G,4.36
52089,I14H,1QM2,14,138,I,H,I14H,I138H,2.27
52090,I14L,1QM2,14,138,I,L,I14L,I138L,1.97
52091,I14K,1QM2,14,138,I,K,I14K,I138K,5.71
52092,I14M,1QM2,14,138,I,M,I14M,I138M,-1.65
52093,I14F,1QM2,14,138,I,F,I14F,I138F,1.29
52094,I14P,1QM2,14,138,I,P,I14P,I138P,8.81
52095,I14S,1QM2,14,138,I,S,I14S,I138S,3.14
52096,I14T,1QM2,14,138,I,T,I14T,I138T,3.95
52097,I14W,1QM2,14,138,I,W,I14W,I138W,6.17
52098,I14Y,1QM2,14,138,I,Y,I14Y,I138Y,-0.48
52099,I14V,1QM2,14,138,I,V,I14V,I138V,1.36
52100,I15A,1QM2,15,139,I,A,I15A,I139A,2.19
52101,I15R,1QM2,15,139,I,R,I15R,I139R,0.27
52102,I15N,1QM2,15,139,I,N,I15N,I139N,0.62
52103,I15D,1QM2,15,139,I,D,I15D,I139D,1.92
52104,I15E,1QM2,15,139,I,E,I15E,I139E,1
52105,I15Q,1QM2,15,139,I,Q,I15Q,I139Q,2.14
52106,I15G,1QM2,15,139,I,G,I15G,I139G,4.3
52107,I15H,1QM2,15,139,I,H,I15H,I139H,4.2
52108,I15L,1QM2,15,139,I,L,I15L,I139L,0.79
52109,I15K,1QM2,15,139,I,K,I15K,I139K,3.23
52110,I15M,1QM2,15,139,I,M,I15M,I139M,0.33
52111,I15F,1QM2,15,139,I,F,I15F,I139F,4.64
52112,I15P,1QM2,15,139,I,P,I15P,I139P,4.97
52113,I15S,1QM2,15,139,I,S,I15S,I139S,3
52114,I15T,1QM2,15,139,I,T,I15T,I139T,3.68
52115,I15W,1QM2,15,139,I,W,I15W,I139W,9.03
52116,I15Y,1QM2,15,139,I,Y,I15Y,I139Y,2.08
52117,I15V,1QM2,15,139,I,V,I15V,I139V,3.96
52118,H16A,1QM2,16,140,H,A,H16A,H140A,3.98
52119,H16R,1QM2,16,140,H,R,H16R,H140R,1.23
52120,H16N,1QM2,16,140,H,N,H16N,H140N,3.05
52121,H16D,1QM2,16,140,H,D,H16D,H140D,1.34
52122,H16E,1QM2,16,140,H,E,H16E,H140E,1.06
52123,H16Q,1QM2,16,140,H,Q,H16Q,H140Q,3.15
52124,H16G,1QM2,16,140,H,G,H16G,H140G,4.96
52125,H16I,1QM2,16,140,H,I,H16I,H140I,4.1
52126,H16L,1QM2,16,140,H,L,H16L,H140L,3.03
52127,H16K,1QM2,16,140,H,K,H16K,H140K,4.84
52128,H16M,1QM2,16,140,H,M,H16M,H140M,0.31
52129,H16F,1QM2,16,140,H,F,H16F,H140F,5.78
52130,H16P,1QM2,16,140,H,P,H16P,H140P,5.64
52131,H16S,1QM2,16,140,H,S,H16S,H140S,3.82
52132,H16T,1QM2,16,140,H,T,H16T,H140T,3.69
52133,H16W,1QM2,16,140,H,W,H16W,H140W,9.42
52134,H16Y,1QM2,16,140,H,Y,H16Y,H140Y,3.55
52135,H16V,1QM2,16,140,H,V,H16V,H140V,3.39
52136,F17A,1QM2,17,141,F,A,F17A,F141A,-0.79
52137,F17R,1QM2,17,141,F,R,F17R,F141R,-0.57
52138,F17N,1QM2,17,141,F,N,F17N,F141N,0.38
52139,F17D,1QM2,17,141,F,D,F17D,F141D,0.87
52140,F17E,1QM2,17,141,F,E,F17E,F141E,-0.92
52141,F17Q,1QM2,17,141,F,Q,F17Q,F141Q,2.65
52142,F17G,1QM2,17,141,F,G,F17G,F141G,2.73
52143,F17H,1QM2,17,141,F,H,F17H,F141H,1.21
52144,F17I,1QM2,17,141,F,I,F17I,F141I,-0.29
52145,F17L,1QM2,17,141,F,L,F17L,F141L,-1.02
52146,F17K,1QM2,17,141,F,K,F17K,F141K,2.06
52147,F17M,1QM2,17,141,F,M,F17M,F141M,-1.07
52148,F17F,1QM2,17,141,F,F,F17F,F141F,1.47
52149,F17P,1QM2,17,141,F,P,F17P,F141P,8.83
52150,F17S,1QM2,17,141,F,S,F17S,F141S,-0.4
52151,F17T,1QM2,17,141,F,T,F17T,F141T,0.91
52152,F17W,1QM2,17,141,F,W,F17W,F141W,4.57
52153,F17Y,1QM2,17,141,F,Y,F17Y,F141Y,-1.84
52154,F17V,1QM2,17,141,F,V,F17V,F141V,-1.35
52155,G18A,1QM2,18,142,G,A,G18A,G142A,-0.15
52156,G18R,1QM2,18,142,G,R,G18R,G142R,-0.02
52157,G18N,1QM2,18,142,G,N,G18N,G142N,-1.53
52158,G18D,1QM2,18,142,G,D,G18D,G142D,-0.76
52159,G18E,1QM2,18,142,G,E,G18E,G142E,-0.26
52160,G18Q,1QM2,18,142,G,Q,G18Q,G142Q,-0.01
52161,G18H,1QM2,18,142,G,H,G18H,G142H,0.51
52162,G18I,1QM2,18,142,G,I,G18I,G142I,1.75
52163,G18L,1QM2,18,142,G,L,G18L,G142L,-2.3
52164,G18K,1QM2,18,142,G,K,G18K,G142K,-0.97
52165,G18M,1QM2,18,142,G,M,G18M,G142M,-4.7
52166,G18F,1QM2,18,142,G,F,G18F,G142F,-2.67
52167,G18P,1QM2,18,142,G,P,G18P,G142P,7.74
52168,G18S,1QM2,18,142,G,S,G18S,G142S,1.54
52169,G18T,1QM2,18,142,G,T,G18T,G142T,-1.03
52170,G18W,1QM2,18,142,G,W,G18W,G142W,3.17
52171,G18Y,1QM2,18,142,G,Y,G18Y,G142Y,-3.63
52172,G18V,1QM2,18,142,G,V,G18V,G142V,1.01
52173,S19A,1QM2,19,143,S,A,S19A,S143A,-0.16
52174,S19R,1QM2,19,143,S,R,S19R,S143R,-0.42
52175,S19N,1QM2,19,143,S,N,S19N,S143N,0.07
52176,S19D,1QM2,19,143,S,D,S19D,S143D,-0.24
52177,S19E,1QM2,19,143,S,E,S19E,S143E,-0.71
52178,S19Q,1QM2,19,143,S,Q,S19Q,S143Q,1.94
52179,S19G,1QM2,19,143,S,G,S19G,S143G,2.63
52180,S19H,1QM2,19,143,S,H,S19H,S143H,6.18
52181,S19I,1QM2,19,143,S,I,S19I,S143I,-3.47
52182,S19L,1QM2,19,143,S,L,S19L,S143L,0.4
52183,S19K,1QM2,19,143,S,K,S19K,S143K,1.19
52184,S19M,1QM2,19,143,S,M,S19M,S143M,-2.09
52185,S19F,1QM2,19,143,S,F,S19F,S143F,4.91
52186,S19P,1QM2,19,143,S,P,S19P,S143P,11
52187,S19T,1QM2,19,143,S,T,S19T,S143T,4.64
52188,S19W,1QM2,19,143,S,W,S19W,S143W,9.54
52189,S19Y,1QM2,19,143,S,Y,S19Y,S143Y,3.72
52190,S19V,1QM2,19,143,S,V,S19V,S143V,-1.92
52191,D20A,1QM2,20,144,D,A,D20A,D144A,-2.64
52192,D20R,1QM2,20,144,D,R,D20R,D144R,-1.76
52193,D20N,1QM2,20,144,D,N,D20N,D144N,-1.93
52194,D20E,1QM2,20,144,D,E,D20E,D144E,-2.97
52195,D20Q,1QM2,20,144,D,Q,D20Q,D144Q,-0.52
52196,D20G,1QM2,20,144,D,G,D20G,D144G,0.76
52197,D20H,1QM2,20,144,D,H,D20H,D144H,-0.43
52198,D20I,1QM2,20,144,D,I,D20I,D144I,-3.34
52199,D20L,1QM2,20,144,D,L,D20L,D144L,-1.34
52200,D20K,1QM2,20,144,D,K,D20K,D144K,-0.08
52201,D20M,1QM2,20,144,D,M,D20M,D144M,-2.98
52202,D20F,1QM2,20,144,D,F,D20F,D144F,0.83
52203,D20P,1QM2,20,144,D,P,D20P,D144P,11
52204,D20S,1QM2,20,144,D,S,D20S,D144S,-0.92
52205,D20T,1QM2,20,144,D,T,D20T,D144T,-1.41
52206,D20W,1QM2,20,144,D,W,D20W,D144W,4.53
52207,D20Y,1QM2,20,144,D,Y,D20Y,D144Y,-1.01
52208,D20V,1QM2,20,144,D,V,D20V,D144V,-3.63
52210,Y21A,1QM2,21,145,Y,A,Y21A,Y145A,2.3
52211,Y21R,1QM2,21,145,Y,R,Y21R,Y145R,0.5
52212,Y21N,1QM2,21,145,Y,N,Y21N,Y145N,2.81
52213,Y21D,1QM2,21,145,Y,D,Y21D,Y145D,3.6
52214,Y21E,1QM2,21,145,Y,E,Y21E,Y145E,2.95
52215,Y21Q,1QM2,21,145,Y,Q,Y21Q,Y145Q,3.36
52216,Y21G,1QM2,21,145,Y,G,Y21G,Y145G,5.83
52217,Y21H,1QM2,21,145,Y,H,Y21H,Y145H,2.17
52218,Y21I,1QM2,21,145,Y,I,Y21I,Y145I,2.84
52219,Y21L,1QM2,21,145,Y,L,Y21L,Y145L,0.33
52220,Y21K,1QM2,21,145,Y,K,Y21K,Y145K,3.43
52221,Y21M,1QM2,21,145,Y,M,Y21M,Y145M,0.45
52222,Y21F,1QM2,21,145,Y,F,Y21F,Y145F,2.95
52223,Y21P,1QM2,21,145,Y,P,Y21P,Y145P,11
52224,Y21S,1QM2,21,145,Y,S,Y21S,Y145S,5.46
52225,Y21T,1QM2,21,145,Y,T,Y21T,Y145T,4.8
52226,Y21W,1QM2,21,145,Y,W,Y21W,Y145W,5.89
52227,Y21V,1QM2,21,145,Y,V,Y21V,Y145V,4.32
52228,E22A,1QM2,22,146,E,A,E22A,E146A,-2.61
52229,E22R,1QM2,22,146,E,R,E22R,E146R,-5.23
52230,E22N,1QM2,22,146,E,N,E22N,E146N,-2.27
52231,E22D,1QM2,22,146,E,D,E22D,E146D,-0.95
52232,E22Q,1QM2,22,146,E,Q,E22Q,E146Q,-1.72
52233,E22G,1QM2,22,146,E,G,E22G,E146G,0.94
52234,E22H,1QM2,22,146,E,H,E22H,E146H,-3.52
52235,E22I,1QM2,22,146,E,I,E22I,E146I,0.13
52236,E22L,1QM2,22,146,E,L,E22L,E146L,-5.39
52237,E22K,1QM2,22,146,E,K,E22K,E146K,-2.52
52238,E22M,1QM2,22,146,E,M,E22M,E146M,-10.04
52239,E22F,1QM2,22,146,E,F,E22F,E146F,-4.77
52240,E22P,1QM2,22,146,E,P,E22P,E146P,11
52241,E22S,1QM2,22,146,E,S,E22S,E146S,-2.24
52242,E22T,1QM2,22,146,E,T,E22T,E146T,-4.91
52243,E22W,1QM2,22,146,E,W,E22W,E146W,-2.53
52244,E22Y,1QM2,22,146,E,Y,E22Y,E146Y,-3.37
52245,E22V,1QM2,22,146,E,V,E22V,E146V,-2.19
52246,D23A,1QM2,23,147,D,A,D23A,D147A,1.49
52247,D23R,1QM2,23,147,D,R,D23R,D147R,-1.76
52248,D23N,1QM2,23,147,D,N,D23N,D147N,1.79
52249,D23E,1QM2,23,147,D,E,D23E,D147E,1.34
52250,D23Q,1QM2,23,147,D,Q,D23Q,D147Q,1.5
52251,D23G,1QM2,23,147,D,G,D23G,D147G,4.51
52252,D23H,1QM2,23,147,D,H,D23H,D147H,-0.23
52253,D23I,1QM2,23,147,D,I,D23I,D147I,4.66
52254,D23L,1QM2,23,147,D,L,D23L,D147L,-0.54
52255,D23K,1QM2,23,147,D,K,D23K,D147K,1.84
52256,D23M,1QM2,23,147,D,M,D23M,D147M,-1.56
52257,D23F,1QM2,23,147,D,F,D23F,D147F,1.03
52258,D23P,1QM2,23,147,D,P,D23P,D147P,11
52259,D23S,1QM2,23,147,D,S,D23S,D147S,1.27
52260,D23T,1QM2,23,147,D,T,D23T,D147T,1.94
52261,D23W,1QM2,23,147,D,W,D23W,D147W,5.15
52262,D23Y,1QM2,23,147,D,Y,D23Y,D147Y,-1.7
52263,D23V,1QM2,23,147,D,V,D23V,D147V,1.8
52264,R24A,1QM2,24,148,R,A,R24A,R148A,3.96
52265,R24N,1QM2,24,148,R,N,R24N,R148N,2.12
52266,R24D,1QM2,24,148,R,D,R24D,R148D,1.19
52267,R24E,1QM2,24,148,R,E,R24E,R148E,1.83
52268,R24Q,1QM2,24,148,R,Q,R24Q,R148Q,4.05
52269,R24G,1QM2,24,148,R,G,R24G,R148G,7.18
52270,R24H,1QM2,24,148,R,H,R24H,R148H,2.28
52271,R24I,1QM2,24,148,R,I,R24I,R148I,3.53
52272,R24L,1QM2,24,148,R,L,R24L,R148L,3.15
52273,R24K,1QM2,24,148,R,K,R24K,R148K,6.28
52274,R24M,1QM2,24,148,R,M,R24M,R148M,1.22
52275,R24F,1QM2,24,148,R,F,R24F,R148F,5.61
52276,R24P,1QM2,24,148,R,P,R24P,R148P,11
52277,R24S,1QM2,24,148,R,S,R24S,R148S,5.46
52278,R24T,1QM2,24,148,R,T,R24T,R148T,5.67
52279,R24W,1QM2,24,148,R,W,R24W,R148W,9.15
52280,R24Y,1QM2,24,148,R,Y,R24Y,R148Y,2.25
52281,R24V,1QM2,24,148,R,V,R24V,R148V,5.5
52282,Y25A,1QM2,25,149,Y,A,Y25A,Y149A,5.1
52283,Y25R,1QM2,25,149,Y,R,Y25R,Y149R,4.22
52284,Y25N,1QM2,25,149,Y,N,Y25N,Y149N,2.31
52285,Y25D,1QM2,25,149,Y,D,Y25D,Y149D,6.62
52286,Y25E,1QM2,25,149,Y,E,Y25E,Y149E,7.72
52287,Y25Q,1QM2,25,149,Y,Q,Y25Q,Y149Q,5.63
52288,Y25G,1QM2,25,149,Y,G,Y25G,Y149G,9.02
52289,Y25H,1QM2,25,149,Y,H,Y25H,Y149H,5.17
52290,Y25I,1QM2,25,149,Y,I,Y25I,Y149I,11
52291,Y25L,1QM2,25,149,Y,L,Y25L,Y149L,3.88
52292,Y25K,1QM2,25,149,Y,K,Y25K,Y149K,7.01
52293,Y25M,1QM2,25,149,Y,M,Y25M,Y149M,4.13
52294,Y25F,1QM2,25,149,Y,F,Y25F,Y149F,6.42
52295,Y25P,1QM2,25,149,Y,P,Y25P,Y149P,11
52296,Y25S,1QM2,25,149,Y,S,Y25S,Y149S,7.34
52297,Y25T,1QM2,25,149,Y,T,Y25T,Y149T,7.22
52298,Y25W,1QM2,25,149,Y,W,Y25W,Y149W,11
52299,Y25V,1QM2,25,149,Y,V,Y25V,Y149V,11
52300,Y26A,1QM2,26,150,Y,A,Y26A,Y150A,1.25
52301,Y26R,1QM2,26,150,Y,R,Y26R,Y150R,0.52
52302,Y26N,1QM2,26,150,Y,N,Y26N,Y150N,3.09
52303,Y26D,1QM2,26,150,Y,D,Y26D,Y150D,4.63
52304,Y26E,1QM2,26,150,Y,E,Y26E,Y150E,1.55
52305,Y26Q,1QM2,26,150,Y,Q,Y26Q,Y150Q,2.93
52306,Y26G,1QM2,26,150,Y,G,Y26G,Y150G,5.3
52307,Y26H,1QM2,26,150,Y,H,Y26H,Y150H,2.21
52308,Y26I,1QM2,26,150,Y,I,Y26I,Y150I,9.2
52309,Y26L,1QM2,26,150,Y,L,Y26L,Y150L,11
52310,Y26K,1QM2,26,150,Y,K,Y26K,Y150K,2.69
52311,Y26M,1QM2,26,150,Y,M,Y26M,Y150M,-0.78
52312,Y26F,1QM2,26,150,Y,F,Y26F,Y150F,3.67
52313,Y26P,1QM2,26,150,Y,P,Y26P,Y150P,11
52314,Y26S,1QM2,26,150,Y,S,Y26S,Y150S,2.79
52315,Y26T,1QM2,26,150,Y,T,Y26T,Y150T,6.05
52316,Y26W,1QM2,26,150,Y,W,Y26W,Y150W,4.6
52317,Y26V,1QM2,26,150,Y,V,Y26V,Y150V,3.87
52318,R27A,1QM2,27,151,R,A,R27A,R151A,-2.68
52319,R27N,1QM2,27,151,R,N,R27N,R151N,-0.37
52320,R27D,1QM2,27,151,R,D,R27D,R151D,-0.06
52321,R27E,1QM2,27,151,R,E,R27E,R151E,-0.01
52322,R27Q,1QM2,27,151,R,Q,R27Q,R151Q,1.49
52323,R27G,1QM2,27,151,R,G,R27G,R151G,1.3
52324,R27H,1QM2,27,151,R,H,R27H,R151H,0.42
52325,R27I,1QM2,27,151,R,I,R27I,R151I,-1.25
52326,R27L,1QM2,27,151,R,L,R27L,R151L,-0.33
52327,R27K,1QM2,27,151,R,K,R27K,R151K,1.14
52328,R27M,1QM2,27,151,R,M,R27M,R151M,-2.39
52329,R27F,1QM2,27,151,R,F,R27F,R151F,1.64
52330,R27P,1QM2,27,151,R,P,R27P,R151P,8.34
52331,R27S,1QM2,27,151,R,S,R27S,R151S,-0.5
52332,R27T,1QM2,27,151,R,T,R27T,R151T,0.1
52333,R27W,1QM2,27,151,R,W,R27W,R151W,6.5
52334,R27Y,1QM2,27,151,R,Y,R27Y,R151Y,-1.38
52335,R27V,1QM2,27,151,R,V,R27V,R151V,-0.69
52336,E28A,1QM2,28,152,E,A,E28A,E152A,-1.52
52337,E28R,1QM2,28,152,E,R,E28R,E152R,-1.83
52338,E28N,1QM2,28,152,E,N,E28N,E152N,-1.5
52339,E28D,1QM2,28,152,E,D,E28D,E152D,-0.54
52340,E28Q,1QM2,28,152,E,Q,E28Q,E152Q,-0.25
52341,E28G,1QM2,28,152,E,G,E28G,E152G,1.2
52342,E28H,1QM2,28,152,E,H,E28H,E152H,-1.33
52343,E28I,1QM2,28,152,E,I,E28I,E152I,-1.96
52344,E28L,1QM2,28,152,E,L,E28L,E152L,-2.57
52345,E28K,1QM2,28,152,E,K,E28K,E152K,1.07
52346,E28M,1QM2,28,152,E,M,E28M,E152M,-6.57
52347,E28F,1QM2,28,152,E,F,E28F,E152F,0.02
52348,E28P,1QM2,28,152,E,P,E28P,E152P,11
52349,E28S,1QM2,28,152,E,S,E28S,E152S,-1.01
52350,E28T,1QM2,28,152,E,T,E28T,E152T,-1.69
52351,E28W,1QM2,28,152,E,W,E28W,E152W,3.25
52352,E28Y,1QM2,28,152,E,Y,E28Y,E152Y,-2.06
52353,E28V,1QM2,28,152,E,V,E28V,E152V,-3.06
52354,N29A,1QM2,29,153,N,A,N29A,N153A,1.8
52355,N29R,1QM2,29,153,N,R,N29R,N153R,2.22
52356,N29D,1QM2,29,153,N,D,N29D,N153D,7.09
52357,N29E,1QM2,29,153,N,E,N29E,N153E,6.92
52358,N29Q,1QM2,29,153,N,Q,N29Q,N153Q,6.73
52359,N29G,1QM2,29,153,N,G,N29G,N153G,2.37
52360,N29H,1QM2,29,153,N,H,N29H,N153H,2.37
52361,N29I,1QM2,29,153,N,I,N29I,N153I,5.21
52362,N29L,1QM2,29,153,N,L,N29L,N153L,11
52363,N29K,1QM2,29,153,N,K,N29K,N153K,5.78
52364,N29M,1QM2,29,153,N,M,N29M,N153M,-0.58
52365,N29F,1QM2,29,153,N,F,N29F,N153F,-2.33
52366,N29P,1QM2,29,153,N,P,N29P,N153P,11
52367,N29S,1QM2,29,153,N,S,N29S,N153S,1.98
52368,N29T,1QM2,29,153,N,T,N29T,N153T,3.6
52369,N29W,1QM2,29,153,N,W,N29W,N153W,4.04
52370,N29Y,1QM2,29,153,N,Y,N29Y,N153Y,-2.31
52371,N29V,1QM2,29,153,N,V,N29V,N153V,6.32
52372,M30A,1QM2,30,154,M,A,M30A,M154A,1.29
52373,M30R,1QM2,30,154,M,R,M30R,M154R,4.24
52374,M30N,1QM2,30,154,M,N,M30N,M154N,6.94
52375,M30D,1QM2,30,154,M,D,M30D,M154D,7.83
52376,M30E,1QM2,30,154,M,E,M30E,M154E,4.08
52377,M30Q,1QM2,30,154,M,Q,M30Q,M154Q,6.18
52378,M30G,1QM2,30,154,M,G,M30G,M154G,4.39
52379,M30H,1QM2,30,154,M,H,M30H,M154H,7.8
52380,M30I,1QM2,30,154,M,I,M30I,M154I,6.2
52381,M30L,1QM2,30,154,M,L,M30L,M154L,7.42
52382,M30K,1QM2,30,154,M,K,M30K,M154K,5.33
52383,M30F,1QM2,30,154,M,F,M30F,M154F,8.4
52384,M30P,1QM2,30,154,M,P,M30P,M154P,4.85
52385,M30S,1QM2,30,154,M,S,M30S,M154S,4.42
52386,M30T,1QM2,30,154,M,T,M30T,M154T,5.27
52387,M30W,1QM2,30,154,M,W,M30W,M154W,11
52388,M30Y,1QM2,30,154,M,Y,M30Y,M154Y,9.81
52389,M30V,1QM2,30,154,M,V,M30V,M154V,5.89
52390,H31A,1QM2,31,155,H,A,H31A,H155A,0.13
52391,H31R,1QM2,31,155,H,R,H31R,H155R,-0.99
52392,H31N,1QM2,31,155,H,N,H31N,H155N,0.35
52393,H31D,1QM2,31,155,H,D,H31D,H155D,4.87
52394,H31E,1QM2,31,155,H,E,H31E,H155E,1.53
52395,H31Q,1QM2,31,155,H,Q,H31Q,H155Q,2.96
52396,H31G,1QM2,31,155,H,G,H31G,H155G,2.13
52397,H31I,1QM2,31,155,H,I,H31I,H155I,4.42
52398,H31L,1QM2,31,155,H,L,H31L,H155L,1.37
52399,H31K,1QM2,31,155,H,K,H31K,H155K,1.61
52400,H31M,1QM2,31,155,H,M,H31M,H155M,-2.62
52401,H31F,1QM2,31,155,H,F,H31F,H155F,2.04
52402,H31P,1QM2,31,155,H,P,H31P,H155P,6.75
52403,H31S,1QM2,31,155,H,S,H31S,H155S,2.05
52404,H31T,1QM2,31,155,H,T,H31T,H155T,2.79
52405,H31W,1QM2,31,155,H,W,H31W,H155W,8.33
52406,H31Y,1QM2,31,155,H,Y,H31Y,H155Y,0.22
52407,H31V,1QM2,31,155,H,V,H31V,H155V,11
52408,R32A,1QM2,32,156,R,A,R32A,R156A,-0.02
52409,R32N,1QM2,32,156,R,N,R32N,R156N,-1.05
52410,R32D,1QM2,32,156,R,D,R32D,R156D,1.85
52411,R32E,1QM2,32,156,R,E,R32E,R156E,1.75
52412,R32Q,1QM2,32,156,R,Q,R32Q,R156Q,1.4
52413,R32G,1QM2,32,156,R,G,R32G,R156G,4.16
52414,R32H,1QM2,32,156,R,H,R32H,R156H,-1.16
52415,R32I,1QM2,32,156,R,I,R32I,R156I,-2.24
52416,R32L,1QM2,32,156,R,L,R32L,R156L,-1.18
52417,R32K,1QM2,32,156,R,K,R32K,R156K,2.22
52418,R32M,1QM2,32,156,R,M,R32M,R156M,-0.56
52419,R32F,1QM2,32,156,R,F,R32F,R156F,-1.09
52420,R32P,1QM2,32,156,R,P,R32P,R156P,4.62
52421,R32S,1QM2,32,156,R,S,R32S,R156S,1.32
52422,R32T,1QM2,32,156,R,T,R32T,R156T,0.75
52423,R32W,1QM2,32,156,R,W,R32W,R156W,5.02
52424,R32Y,1QM2,32,156,R,Y,R32Y,R156Y,-3.62
52425,R32V,1QM2,32,156,R,V,R32V,R156V,-1.73
52426,Y33A,1QM2,33,157,Y,A,Y33A,Y157A,3.64
52427,Y33R,1QM2,33,157,Y,R,Y33R,Y157R,11
52428,Y33N,1QM2,33,157,Y,N,Y33N,Y157N,7.08
52429,Y33D,1QM2,33,157,Y,D,Y33D,Y157D,11
52430,Y33E,1QM2,33,157,Y,E,Y33E,Y157E,11
52431,Y33Q,1QM2,33,157,Y,Q,Y33Q,Y157Q,11
52432,Y33G,1QM2,33,157,Y,G,Y33G,Y157G,8.73
52433,Y33H,1QM2,33,157,Y,H,Y33H,Y157H,11
52434,Y33I,1QM2,33,157,Y,I,Y33I,Y157I,7.57
52435,Y33L,1QM2,33,157,Y,L,Y33L,Y157L,11
52436,Y33K,1QM2,33,157,Y,K,Y33K,Y157K,11
52437,Y33M,1QM2,33,157,Y,M,Y33M,Y157M,11
52438,Y33F,1QM2,33,157,Y,F,Y33F,Y157F,11
52439,Y33P,1QM2,33,157,Y,P,Y33P,Y157P,4.26
52440,Y33S,1QM2,33,157,Y,S,Y33S,Y157S,7.12
52441,Y33T,1QM2,33,157,Y,T,Y33T,Y157T,5.54
52442,Y33W,1QM2,33,157,Y,W,Y33W,Y157W,11
52443,Y33V,1QM2,33,157,Y,V,Y33V,Y157V,0.69
52444,P34A,1QM2,34,158,P,A,P34A,P158A,-3.02
52445,P34R,1QM2,34,158,P,R,P34R,P158R,-5.52
52446,P34N,1QM2,34,158,P,N,P34N,P158N,-3.89
52447,P34D,1QM2,34,158,P,D,P34D,P158D,-3.63
52448,P34E,1QM2,34,158,P,E,P34E,P158E,-1.08
52449,P34Q,1QM2,34,158,P,Q,P34Q,P158Q,-0.43
52450,P34G,1QM2,34,158,P,G,P34G,P158G,0.12
52451,P34H,1QM2,34,158,P,H,P34H,P158H,-2.58
52452,P34I,1QM2,34,158,P,I,P34I,P158I,-3.86
52453,P34L,1QM2,34,158,P,L,P34L,P158L,-5.27
52454,P34K,1QM2,34,158,P,K,P34K,P158K,0.76
52455,P34M,1QM2,34,158,P,M,P34M,P158M,-5.65
52456,P34F,1QM2,34,158,P,F,P34F,P158F,-3.29
52457,P34S,1QM2,34,158,P,S,P34S,P158S,0.57
52458,P34T,1QM2,34,158,P,T,P34T,P158T,-1
52459,P34W,1QM2,34,158,P,W,P34W,P158W,0.12
52460,P34Y,1QM2,34,158,P,Y,P34Y,P158Y,-4.07
52461,P34V,1QM2,34,158,P,V,P34V,P158V,-4.83
52462,N35A,1QM2,35,159,N,A,N35A,N159A,5.17
52463,N35R,1QM2,35,159,N,R,N35R,N159R,4.43
52464,N35D,1QM2,35,159,N,D,N35D,N159D,5.04
52465,N35E,1QM2,35,159,N,E,N35E,N159E,5.48
52466,N35Q,1QM2,35,159,N,Q,N35Q,N159Q,4.47
52467,N35G,1QM2,35,159,N,G,N35G,N159G,7.03
52468,N35H,1QM2,35,159,N,H,N35H,N159H,1.93
52469,N35I,1QM2,35,159,N,I,N35I,N159I,3.08
52470,N35L,1QM2,35,159,N,L,N35L,N159L,1.7
52471,N35K,1QM2,35,159,N,K,N35K,N159K,4.22
52472,N35M,1QM2,35,159,N,M,N35M,N159M,0.38
52473,N35F,1QM2,35,159,N,F,N35F,N159F,3.56
52474,N35P,1QM2,35,159,N,P,N35P,N159P,4.73
52475,N35S,1QM2,35,159,N,S,N35S,N159S,6.07
52476,N35T,1QM2,35,159,N,T,N35T,N159T,4.5
52477,N35W,1QM2,35,159,N,W,N35W,N159W,7.49
52478,N35Y,1QM2,35,159,N,Y,N35Y,N159Y,-2.31
52479,N35V,1QM2,35,159,N,V,N35V,N159V,4.25
52480,Q36A,1QM2,36,160,Q,A,Q36A,Q160A,0.68
52481,Q36R,1QM2,36,160,Q,R,Q36R,Q160R,-1.4
52482,Q36N,1QM2,36,160,Q,N,Q36N,Q160N,0.19
52483,Q36D,1QM2,36,160,Q,D,Q36D,Q160D,2.67
52484,Q36E,1QM2,36,160,Q,E,Q36E,Q160E,2.65
52485,Q36G,1QM2,36,160,Q,G,Q36G,Q160G,1.55
52486,Q36H,1QM2,36,160,Q,H,Q36H,Q160H,-1.69
52487,Q36I,1QM2,36,160,Q,I,Q36I,Q160I,-4.18
52488,Q36L,1QM2,36,160,Q,L,Q36L,Q160L,-3.34
52489,Q36K,1QM2,36,160,Q,K,Q36K,Q160K,0.16
52490,Q36M,1QM2,36,160,Q,M,Q36M,Q160M,-2.63
52491,Q36F,1QM2,36,160,Q,F,Q36F,Q160F,-0.83
52492,Q36P,1QM2,36,160,Q,P,Q36P,Q160P,5.34
52493,Q36S,1QM2,36,160,Q,S,Q36S,Q160S,1.71
52494,Q36T,1QM2,36,160,Q,T,Q36T,Q160T,-1.02
52495,Q36W,1QM2,36,160,Q,W,Q36W,Q160W,1.47
52496,Q36Y,1QM2,36,160,Q,Y,Q36Y,Q160Y,0.57
52497,Q36V,1QM2,36,160,Q,V,Q36V,Q160V,-3.51
52498,V37A,1QM2,37,161,V,A,V37A,V161A,1.84
52499,V37R,1QM2,37,161,V,R,V37R,V161R,2.46
52500,V37N,1QM2,37,161,V,N,V37N,V161N,3.29
52501,V37D,1QM2,37,161,V,D,V37D,V161D,3.96
52502,V37E,1QM2,37,161,V,E,V37E,V161E,3.14
52503,V37Q,1QM2,37,161,V,Q,V37Q,V161Q,0.97
52504,V37G,1QM2,37,161,V,G,V37G,V161G,3.29
52505,V37H,1QM2,37,161,V,H,V37H,V161H,1.96
52506,V37I,1QM2,37,161,V,I,V37I,V161I,1.14
52507,V37L,1QM2,37,161,V,L,V37L,V161L,1.51
52508,V37K,1QM2,37,161,V,K,V37K,V161K,4.71
52509,V37M,1QM2,37,161,V,M,V37M,V161M,-0.56
52510,V37F,1QM2,37,161,V,F,V37F,V161F,2.85
52511,V37P,1QM2,37,161,V,P,V37P,V161P,3.38
52512,V37S,1QM2,37,161,V,S,V37S,V161S,2.38
52513,V37T,1QM2,37,161,V,T,V37T,V161T,2.3
52514,V37W,1QM2,37,161,V,W,V37W,V161W,5.15
52515,V37Y,1QM2,37,161,V,Y,V37Y,V161Y,-0.21
52516,Y38A,1QM2,38,162,Y,A,Y38A,Y162A,4.1
52517,Y38R,1QM2,38,162,Y,R,Y38R,Y162R,0.88
52518,Y38N,1QM2,38,162,Y,N,Y38N,Y162N,-0.4
52519,Y38D,1QM2,38,162,Y,D,Y38D,Y162D,2.37
52520,Y38E,1QM2,38,162,Y,E,Y38E,Y162E,2.99
52521,Y38Q,1QM2,38,162,Y,Q,Y38Q,Y162Q,3.34
52522,Y38G,1QM2,38,162,Y,G,Y38G,Y162G,3.36
52523,Y38H,1QM2,38,162,Y,H,Y38H,Y162H,1.83
52524,Y38I,1QM2,38,162,Y,I,Y38I,Y162I,0.88
52525,Y38L,1QM2,38,162,Y,L,Y38L,Y162L,2.22
52526,Y38K,1QM2,38,162,Y,K,Y38K,Y162K,2.89
52527,Y38M,1QM2,38,162,Y,M,Y38M,Y162M,-0.78
52528,Y38F,1QM2,38,162,Y,F,Y38F,Y162F,3.74
52529,Y38P,1QM2,38,162,Y,P,Y38P,Y162P,7.48
52530,Y38S,1QM2,38,162,Y,S,Y38S,Y162S,3.72
52531,Y38T,1QM2,38,162,Y,T,Y38T,Y162T,2.71
52532,Y38W,1QM2,38,162,Y,W,Y38W,Y162W,11
52533,Y38V,1QM2,38,162,Y,V,Y38V,Y162V,3.42
52534,Y39A,1QM2,39,163,Y,A,Y39A,Y163A,3.87
52535,Y39R,1QM2,39,163,Y,R,Y39R,Y163R,3.47
52536,Y39N,1QM2,39,163,Y,N,Y39N,Y163N,2.43
52537,Y39D,1QM2,39,163,Y,D,Y39D,Y163D,3.3
52538,Y39E,1QM2,39,163,Y,E,Y39E,Y163E,4.04
52539,Y39Q,1QM2,39,163,Y,Q,Y39Q,Y163Q,4.23
52540,Y39G,1QM2,39,163,Y,G,Y39G,Y163G,7.96
52541,Y39H,1QM2,39,163,Y,H,Y39H,Y163H,5.07
52542,Y39I,1QM2,39,163,Y,I,Y39I,Y163I,2.16
52543,Y39L,1QM2,39,163,Y,L,Y39L,Y163L,3.42
52544,Y39K,1QM2,39,163,Y,K,Y39K,Y163K,5.52
52545,Y39M,1QM2,39,163,Y,M,Y39M,Y163M,1.2
52546,Y39F,1QM2,39,163,Y,F,Y39F,Y163F,7.05
52547,Y39P,1QM2,39,163,Y,P,Y39P,Y163P,11
52548,Y39S,1QM2,39,163,Y,S,Y39S,Y163S,4.28
52549,Y39T,1QM2,39,163,Y,T,Y39T,Y163T,4.49
52550,Y39W,1QM2,39,163,Y,W,Y39W,Y163W,8.54
52551,Y39V,1QM2,39,163,Y,V,Y39V,Y163V,2.25
52552,R40A,1QM2,40,164,R,A,R40A,R164A,1.99
52553,R40N,1QM2,40,164,R,N,R40N,R164N,4.09
52554,R40D,1QM2,40,164,R,D,R40D,R164D,3.33
52555,R40E,1QM2,40,164,R,E,R40E,R164E,1.83
52556,R40Q,1QM2,40,164,R,Q,R40Q,R164Q,2.64
52557,R40G,1QM2,40,164,R,G,R40G,R164G,4.1
52558,R40H,1QM2,40,164,R,H,R40H,R164H,3.24
52559,R40I,1QM2,40,164,R,I,R40I,R164I,3.81
52560,R40L,1QM2,40,164,R,L,R40L,R164L,1.66
52561,R40K,1QM2,40,164,R,K,R40K,R164K,3.72
52562,R40M,1QM2,40,164,R,M,R40M,R164M,-0.23
52563,R40F,1QM2,40,164,R,F,R40F,R164F,4.36
52564,R40P,1QM2,40,164,R,P,R40P,R164P,9.82
52565,R40S,1QM2,40,164,R,S,R40S,R164S,3.55
52566,R40T,1QM2,40,164,R,T,R40T,R164T,2
52567,R40W,1QM2,40,164,R,W,R40W,R164W,8.09
52568,R40Y,1QM2,40,164,R,Y,R40Y,R164Y,1.84
52569,R40V,1QM2,40,164,R,V,R40V,R164V,1.51
52570,P41A,1QM2,41,165,P,A,P41A,P165A,-3.44
52571,P41R,1QM2,41,165,P,R,P41R,P165R,-3.93
52572,P41N,1QM2,41,165,P,N,P41N,P165N,-4.52
52573,P41D,1QM2,41,165,P,D,P41D,P165D,-2.38
52574,P41E,1QM2,41,165,P,E,P41E,P165E,-4.3
52575,P41Q,1QM2,41,165,P,Q,P41Q,P165Q,-2.46
52576,P41G,1QM2,41,165,P,G,P41G,P165G,-1.6
52577,P41H,1QM2,41,165,P,H,P41H,P165H,-2.65
52578,P41I,1QM2,41,165,P,I,P41I,P165I,-3.8
52579,P41L,1QM2,41,165,P,L,P41L,P165L,-2.88
52580,P41K,1QM2,41,165,P,K,P41K,P165K,-1.86
52581,P41M,1QM2,41,165,P,M,P41M,P165M,-5.8
52582,P41F,1QM2,41,165,P,F,P41F,P165F,-0.7
52583,P41S,1QM2,41,165,P,S,P41S,P165S,-3.11
52584,P41T,1QM2,41,165,P,T,P41T,P165T,-1.85
52585,P41W,1QM2,41,165,P,W,P41W,P165W,3.91
52586,P41Y,1QM2,41,165,P,Y,P41Y,P165Y,-4.07
52587,P41V,1QM2,41,165,P,V,P41V,P165V,-3.85
52588,M42A,1QM2,42,166,M,A,M42A,M166A,3.21
52589,M42R,1QM2,42,166,M,R,M42R,M166R,0.15
52590,M42N,1QM2,42,166,M,N,M42N,M166N,2.83
52591,M42D,1QM2,42,166,M,D,M42D,M166D,2.86
52592,M42E,1QM2,42,166,M,E,M42E,M166E,2.04
52593,M42Q,1QM2,42,166,M,Q,M42Q,M166Q,2.76
52594,M42G,1QM2,42,166,M,G,M42G,M166G,5.86
52595,M42H,1QM2,42,166,M,H,M42H,M166H,3.79
52596,M42I,1QM2,42,166,M,I,M42I,M166I,0.95
52597,M42L,1QM2,42,166,M,L,M42L,M166L,1.45
52598,M42K,1QM2,42,166,M,K,M42K,M166K,4.01
52599,M42F,1QM2,42,166,M,F,M42F,M166F,5.72
52600,M42P,1QM2,42,166,M,P,M42P,M166P,11
52601,M42S,1QM2,42,166,M,S,M42S,M166S,4.33
52602,M42T,1QM2,42,166,M,T,M42T,M166T,3.66
52603,M42W,1QM2,42,166,M,W,M42W,M166W,6.99
52604,M42Y,1QM2,42,166,M,Y,M42Y,M166Y,2.84
52605,M42V,1QM2,42,166,M,V,M42V,M166V,2.38
52606,D43A,1QM2,43,167,D,A,D43A,D167A,0.53
52607,D43R,1QM2,43,167,D,R,D43R,D167R,11
52608,D43N,1QM2,43,167,D,N,D43N,D167N,-0.99
52609,D43E,1QM2,43,167,D,E,D43E,D167E,-0.61
52610,D43Q,1QM2,43,167,D,Q,D43Q,D167Q,11
52611,D43G,1QM2,43,167,D,G,D43G,D167G,2.2
52612,D43H,1QM2,43,167,D,H,D43H,D167H,0.76
52613,D43I,1QM2,43,167,D,I,D43I,D167I,-1.31
52614,D43L,1QM2,43,167,D,L,D43L,D167L,1.29
52615,D43K,1QM2,43,167,D,K,D43K,D167K,2.04
52616,D43M,1QM2,43,167,D,M,D43M,D167M,-2.96
52617,D43F,1QM2,43,167,D,F,D43F,D167F,11
52618,D43P,1QM2,43,167,D,P,D43P,D167P,2.21
52619,D43S,1QM2,43,167,D,S,D43S,D167S,1.28
52620,D43T,1QM2,43,167,D,T,D43T,D167T,6.65
52621,D43W,1QM2,43,167,D,W,D43W,D167W,11
52622,D43Y,1QM2,43,167,D,Y,D43Y,D167Y,4.67
52623,D43V,1QM2,43,167,D,V,D43V,D167V,-1.17
52624,E44A,1QM2,44,168,E,A,E44A,E168A,-2.81
52625,E44R,1QM2,44,168,E,R,E44R,E168R,-2.06
52626,E44N,1QM2,44,168,E,N,E44N,E168N,-1.97
52627,E44D,1QM2,44,168,E,D,E44D,E168D,-1.27
52628,E44Q,1QM2,44,168,E,Q,E44Q,E168Q,-0.43
52629,E44G,1QM2,44,168,E,G,E44G,E168G,-1.42
52630,E44H,1QM2,44,168,E,H,E44H,E168H,-3.56
52631,E44I,1QM2,44,168,E,I,E44I,E168I,-2.02
52632,E44L,1QM2,44,168,E,L,E44L,E168L,-3.04
52633,E44K,1QM2,44,168,E,K,E44K,E168K,-1.73
52634,E44M,1QM2,44,168,E,M,E44M,E168M,-3.77
52635,E44F,1QM2,44,168,E,F,E44F,E168F,-1.25
52636,E44P,1QM2,44,168,E,P,E44P,E168P,5.49
52637,E44S,1QM2,44,168,E,S,E44S,E168S,1.4
52638,E44T,1QM2,44,168,E,T,E44T,E168T,-2.19
52639,E44W,1QM2,44,168,E,W,E44W,E168W,0.99
52640,E44Y,1QM2,44,168,E,Y,E44Y,E168Y,-2.75
52641,E44V,1QM2,44,168,E,V,E44V,E168V,-2.18
52642,Y45A,1QM2,45,169,Y,A,Y45A,Y169A,0.61
52643,Y45R,1QM2,45,169,Y,R,Y45R,Y169R,-1.62
52644,Y45N,1QM2,45,169,Y,N,Y45N,Y169N,2.31
52645,Y45D,1QM2,45,169,Y,D,Y45D,Y169D,4.23
52646,Y45E,1QM2,45,169,Y,E,Y45E,Y169E,1.46
52647,Y45Q,1QM2,45,169,Y,Q,Y45Q,Y169Q,2.85
52648,Y45G,1QM2,45,169,Y,G,Y45G,Y169G,2.79
52649,Y45H,1QM2,45,169,Y,H,Y45H,Y169H,1.45
52650,Y45I,1QM2,45,169,Y,I,Y45I,Y169I,2.67
52651,Y45L,1QM2,45,169,Y,L,Y45L,Y169L,1.72
52652,Y45K,1QM2,45,169,Y,K,Y45K,Y169K,2.85
52653,Y45M,1QM2,45,169,Y,M,Y45M,Y169M,-0.82
52654,Y45F,1QM2,45,169,Y,F,Y45F,Y169F,2.97
52655,Y45P,1QM2,45,169,Y,P,Y45P,Y169P,6.97
52656,Y45S,1QM2,45,169,Y,S,Y45S,Y169S,2.72
52657,Y45T,1QM2,45,169,Y,T,Y45T,Y169T,1.19
52658,Y45W,1QM2,45,169,Y,W,Y45W,Y169W,8.73
52659,Y45V,1QM2,45,169,Y,V,Y45V,Y169V,2.44
52660,S46A,1QM2,46,170,S,A,S46A,S170A,-0.91
52661,S46R,1QM2,46,170,S,R,S46R,S170R,-2.72
52662,S46N,1QM2,46,170,S,N,S46N,S170N,-1.23
52663,S46D,1QM2,46,170,S,D,S46D,S170D,-1.4
52664,S46E,1QM2,46,170,S,E,S46E,S170E,-1.39
52665,S46Q,1QM2,46,170,S,Q,S46Q,S170Q,-1.8
52666,S46G,1QM2,46,170,S,G,S46G,S170G,-0.03
52667,S46H,1QM2,46,170,S,H,S46H,S170H,2.63
52668,S46I,1QM2,46,170,S,I,S46I,S170I,0.37
52669,S46L,1QM2,46,170,S,L,S46L,S170L,-0.56
52670,S46K,1QM2,46,170,S,K,S46K,S170K,0.62
52671,S46M,1QM2,46,170,S,M,S46M,S170M,-5.26
52672,S46F,1QM2,46,170,S,F,S46F,S170F,2
52673,S46P,1QM2,46,170,S,P,S46P,S170P,9.82
52674,S46T,1QM2,46,170,S,T,S46T,S170T,0.54
52675,S46W,1QM2,46,170,S,W,S46W,S170W,4.88
52676,S46Y,1QM2,46,170,S,Y,S46Y,S170Y,-2.6
52677,S46V,1QM2,46,170,S,V,S46V,S170V,0.33
52678,N47A,1QM2,47,171,N,A,N47A,N171A,4.9
52679,N47R,1QM2,47,171,N,R,N47R,N171R,4.21
52680,N47D,1QM2,47,171,N,D,N47D,N171D,7.54
52681,N47E,1QM2,47,171,N,E,N47E,N171E,6.55
52682,N47Q,1QM2,47,171,N,Q,N47Q,N171Q,5.22
52683,N47G,1QM2,47,171,N,G,N47G,N171G,8.3
52684,N47H,1QM2,47,171,N,H,N47H,N171H,2.86
52685,N47I,1QM2,47,171,N,I,N47I,N171I,9.06
52686,N47L,1QM2,47,171,N,L,N47L,N171L,3.83
52687,N47K,1QM2,47,171,N,K,N47K,N171K,3.87
52688,N47M,1QM2,47,171,N,M,N47M,N171M,0.16
52689,N47F,1QM2,47,171,N,F,N47F,N171F,-0.48
52690,N47P,1QM2,47,171,N,P,N47P,N171P,1.7
52691,N47S,1QM2,47,171,N,S,N47S,N171S,7.19
52692,N47T,1QM2,47,171,N,T,N47T,N171T,8.81
52693,N47W,1QM2,47,171,N,W,N47W,N171W,4.43
52694,N47Y,1QM2,47,171,N,Y,N47Y,N171Y,-2.21
52695,N47V,1QM2,47,171,N,V,N47V,N171V,9.55
52696,Q48A,1QM2,48,172,Q,A,Q48A,Q172A,3.86
52697,Q48R,1QM2,48,172,Q,R,Q48R,Q172R,-0.54
52698,Q48N,1QM2,48,172,Q,N,Q48N,Q172N,3.63
52699,Q48D,1QM2,48,172,Q,D,Q48D,Q172D,2.09
52700,Q48E,1QM2,48,172,Q,E,Q48E,Q172E,2.97
52701,Q48G,1QM2,48,172,Q,G,Q48G,Q172G,6.76
52702,Q48H,1QM2,48,172,Q,H,Q48H,Q172H,7.08
52703,Q48I,1QM2,48,172,Q,I,Q48I,Q172I,-1.06
52704,Q48L,1QM2,48,172,Q,L,Q48L,Q172L,1.79
52705,Q48K,1QM2,48,172,Q,K,Q48K,Q172K,1.68
52706,Q48M,1QM2,48,172,Q,M,Q48M,Q172M,-2.33
52707,Q48F,1QM2,48,172,Q,F,Q48F,Q172F,11
52708,Q48P,1QM2,48,172,Q,P,Q48P,Q172P,11
52709,Q48S,1QM2,48,172,Q,S,Q48S,Q172S,2.13
52710,Q48T,1QM2,48,172,Q,T,Q48T,Q172T,-0.58
52711,Q48W,1QM2,48,172,Q,W,Q48W,Q172W,11
52712,Q48Y,1QM2,48,172,Q,Y,Q48Y,Q172Y,11
52713,Q48V,1QM2,48,172,Q,V,Q48V,Q172V,-2.25
52714,N49A,1QM2,49,173,N,A,N49A,N173A,-0.24
52715,N49R,1QM2,49,173,N,R,N49R,N173R,-3.68
52716,N49D,1QM2,49,173,N,D,N49D,N173D,2.27
52717,N49E,1QM2,49,173,N,E,N49E,N173E,-0.73
52718,N49Q,1QM2,49,173,N,Q,N49Q,N173Q,-0.41
52719,N49G,1QM2,49,173,N,G,N49G,N173G,2.42
52720,N49H,1QM2,49,173,N,H,N49H,N173H,-0.35
52721,N49I,1QM2,49,173,N,I,N49I,N173I,3.93
52722,N49L,1QM2,49,173,N,L,N49L,N173L,-0.84
52723,N49K,1QM2,49,173,N,K,N49K,N173K,1.61
52724,N49M,1QM2,49,173,N,M,N49M,N173M,-3.45
52725,N49F,1QM2,49,173,N,F,N49F,N173F,3.15
52726,N49P,1QM2,49,173,N,P,N49P,N173P,11
52727,N49S,1QM2,49,173,N,S,N49S,N173S,-0.98
52728,N49T,1QM2,49,173,N,T,N49T,N173T,-0.79
52729,N49W,1QM2,49,173,N,W,N49W,N173W,7.39
52730,N49Y,1QM2,49,173,N,Y,N49Y,N173Y,-1.38
52731,N49V,1QM2,49,173,N,V,N49V,N173V,0.05
52732,N50A,1QM2,50,174,N,A,N50A,N174A,3.59
52733,N50R,1QM2,50,174,N,R,N50R,N174R,0.71
52734,N50D,1QM2,50,174,N,D,N50D,N174D,0.99
52735,N50E,1QM2,50,174,N,E,N50E,N174E,0.77
52736,N50Q,1QM2,50,174,N,Q,N50Q,N174Q,3.11
52737,N50G,1QM2,50,174,N,G,N50G,N174G,7.06
52738,N50H,1QM2,50,174,N,H,N50H,N174H,2.43
52739,N50I,1QM2,50,174,N,I,N50I,N174I,2.58
52740,N50L,1QM2,50,174,N,L,N50L,N174L,1.35
52741,N50K,1QM2,50,174,N,K,N50K,N174K,3.86
52742,N50M,1QM2,50,174,N,M,N50M,N174M,0
52743,N50F,1QM2,50,174,N,F,N50F,N174F,4.52
52744,N50P,1QM2,50,174,N,P,N50P,N174P,2.55
52745,N50S,1QM2,50,174,N,S,N50S,N174S,4.44
52746,N50T,1QM2,50,174,N,T,N50T,N174T,2.13
52747,N50W,1QM2,50,174,N,W,N50W,N174W,5.43
52748,N50Y,1QM2,50,174,N,Y,N50Y,N174Y,2.07
52749,N50V,1QM2,50,174,N,V,N50V,N174V,1.03
52750,F51A,1QM2,51,175,F,A,F51A,F175A,-13.57
52751,F51R,1QM2,51,175,F,R,F51R,F175R,-0.45
52752,F51N,1QM2,51,175,F,N,F51N,F175N,-12.07
52753,F51D,1QM2,51,175,F,D,F51D,F175D,-13.19
52754,F51E,1QM2,51,175,F,E,F51E,F175E,-4.95
52755,F51Q,1QM2,51,175,F,Q,F51Q,F175Q,-5.72
52756,F51G,1QM2,51,175,F,G,F51G,F175G,-10.83
52757,F51H,1QM2,51,175,F,H,F51H,F175H,-6.11
52758,F51I,1QM2,51,175,F,I,F51I,F175I,-9.93
52759,F51L,1QM2,51,175,F,L,F51L,F175L,-15.4
52760,F51K,1QM2,51,175,F,K,F51K,F175K,-7.63
52761,F51M,1QM2,51,175,F,M,F51M,F175M,-16.35
52762,F51F,1QM2,51,175,F,F,F51F,F175F,5.34
52763,F51P,1QM2,51,175,F,P,F51P,F175P,-0.82
52764,F51S,1QM2,51,175,F,S,F51S,F175S,-13.93
52765,F51T,1QM2,51,175,F,T,F51T,F175T,-10.01
52766,F51W,1QM2,51,175,F,W,F51W,F175W,11
52767,F51Y,1QM2,51,175,F,Y,F51Y,F175Y,11
52768,F51V,1QM2,51,175,F,V,F51V,F175V,-10.78
52769,V52A,1QM2,52,176,V,A,V52A,V176A,-2.12
52770,V52R,1QM2,52,176,V,R,V52R,V176R,-2.11
52771,V52N,1QM2,52,176,V,N,V52N,V176N,4.64
52772,V52D,1QM2,52,176,V,D,V52D,V176D,5.37
52773,V52E,1QM2,52,176,V,E,V52E,V176E,2.33
52774,V52Q,1QM2,52,176,V,Q,V52Q,V176Q,2.31
52775,V52G,1QM2,52,176,V,G,V52G,V176G,2.11
52776,V52H,1QM2,52,176,V,H,V52H,V176H,11
52777,V52I,1QM2,52,176,V,I,V52I,V176I,3.3
52778,V52L,1QM2,52,176,V,L,V52L,V176L,-2.74
52779,V52K,1QM2,52,176,V,K,V52K,V176K,0.58
52780,V52M,1QM2,52,176,V,M,V52M,V176M,-2.95
52781,V52F,1QM2,52,176,V,F,V52F,V176F,11
52782,V52P,1QM2,52,176,V,P,V52P,V176P,11
52783,V52S,1QM2,52,176,V,S,V52S,V176S,-2.23
52784,V52T,1QM2,52,176,V,T,V52T,V176T,-1.26
52785,V52W,1QM2,52,176,V,W,V52W,V176W,11
52786,V52Y,1QM2,52,176,V,Y,V52Y,V176Y,11
52787,H53A,1QM2,53,177,H,A,H53A,H177A,2.19
52788,H53R,1QM2,53,177,H,R,H53R,H177R,1.4
52789,H53N,1QM2,53,177,H,N,H53N,H177N,0.35
52790,H53D,1QM2,53,177,H,D,H53D,H177D,1.86
52791,H53E,1QM2,53,177,H,E,H53E,H177E,1.66
52792,H53Q,1QM2,53,177,H,Q,H53Q,H177Q,3.17
52793,H53G,1QM2,53,177,H,G,H53G,H177G,5.58
52794,H53I,1QM2,53,177,H,I,H53I,H177I,1.84
52795,H53L,1QM2,53,177,H,L,H53L,H177L,1.36
52796,H53K,1QM2,53,177,H,K,H53K,H177K,2.82
52797,H53M,1QM2,53,177,H,M,H53M,H177M,-2.06
52798,H53F,1QM2,53,177,H,F,H53F,H177F,4.7
52799,H53P,1QM2,53,177,H,P,H53P,H177P,11
52800,H53S,1QM2,53,177,H,S,H53S,H177S,1.26
52801,H53T,1QM2,53,177,H,T,H53T,H177T,1.94
52802,H53W,1QM2,53,177,H,W,H53W,H177W,7.35
52803,H53Y,1QM2,53,177,H,Y,H53Y,H177Y,0.05
52804,H53V,1QM2,53,177,H,V,H53V,H177V,0.82
52805,D54A,1QM2,54,178,D,A,D54A,D178A,0.85
52806,D54R,1QM2,54,178,D,R,D54R,D178R,3.46
52807,D54N,1QM2,54,178,D,N,D54N,D178N,0.95
52808,D54E,1QM2,54,178,D,E,D54E,D178E,2.49
52809,D54Q,1QM2,54,178,D,Q,D54Q,D178Q,2.77
52810,D54G,1QM2,54,178,D,G,D54G,D178G,5.27
52811,D54H,1QM2,54,178,D,H,D54H,D178H,-0.54
52812,D54I,1QM2,54,178,D,I,D54I,D178I,-2.76
52813,D54L,1QM2,54,178,D,L,D54L,D178L,-2.6
52814,D54K,1QM2,54,178,D,K,D54K,D178K,3.32
52815,D54M,1QM2,54,178,D,M,D54M,D178M,-2.14
52816,D54F,1QM2,54,178,D,F,D54F,D178F,0.85
52817,D54P,1QM2,54,178,D,P,D54P,D178P,2.05
52818,D54S,1QM2,54,178,D,S,D54S,D178S,2.98
52819,D54T,1QM2,54,178,D,T,D54T,D178T,0.03
52820,D54W,1QM2,54,178,D,W,D54W,D178W,4.13
52821,D54Y,1QM2,54,178,D,Y,D54Y,D178Y,-0.82
52822,D54V,1QM2,54,178,D,V,D54V,D178V,-1.69
52823,V56A,1QM2,56,180,V,A,V56A,V180A,2.18
52824,V56R,1QM2,56,180,V,R,V56R,V180R,-0.91
52825,V56N,1QM2,56,180,V,N,V56N,V180N,0.45
52826,V56D,1QM2,56,180,V,D,V56D,V180D,3.02
52827,V56E,1QM2,56,180,V,E,V56E,V180E,1.55
52828,V56Q,1QM2,56,180,V,Q,V56Q,V180Q,-0.97
52829,V56G,1QM2,56,180,V,G,V56G,V180G,3.22
52830,V56H,1QM2,56,180,V,H,V56H,V180H,6.26
52831,V56I,1QM2,56,180,V,I,V56I,V180I,-0.14
52832,V56L,1QM2,56,180,V,L,V56L,V180L,-5.83
52833,V56K,1QM2,56,180,V,K,V56K,V180K,1.76
52834,V56M,1QM2,56,180,V,M,V56M,V180M,-1.25
52835,V56F,1QM2,56,180,V,F,V56F,V180F,11
52836,V56P,1QM2,56,180,V,P,V56P,V180P,11
52837,V56S,1QM2,56,180,V,S,V56S,V180S,2.83
52838,V56T,1QM2,56,180,V,T,V56T,V180T,0.71
52839,V56W,1QM2,56,180,V,W,V56W,V180W,11
52840,V56Y,1QM2,56,180,V,Y,V56Y,V180Y,11
52841,N57A,1QM2,57,181,N,A,N57A,N181A,-0.54
52842,N57R,1QM2,57,181,N,R,N57R,N181R,-0.57
52843,N57D,1QM2,57,181,N,D,N57D,N181D,1.23
52844,N57E,1QM2,57,181,N,E,N57E,N181E,1.42
52845,N57Q,1QM2,57,181,N,Q,N57Q,N181Q,1.5
52846,N57G,1QM2,57,181,N,G,N57G,N181G,1.9
52847,N57H,1QM2,57,181,N,H,N57H,N181H,2.63
52848,N57I,1QM2,57,181,N,I,N57I,N181I,2.52
52849,N57L,1QM2,57,181,N,L,N57L,N181L,0.79
52850,N57K,1QM2,57,181,N,K,N57K,N181K,2.1
52851,N57M,1QM2,57,181,N,M,N57M,N181M,-1.14
52852,N57F,1QM2,57,181,N,F,N57F,N181F,2.87
52853,N57P,1QM2,57,181,N,P,N57P,N181P,11
52854,N57S,1QM2,57,181,N,S,N57S,N181S,3.48
52855,N57T,1QM2,57,181,N,T,N57T,N181T,3.83
52856,N57W,1QM2,57,181,N,W,N57W,N181W,8.37
52857,N57Y,1QM2,57,181,N,Y,N57Y,N181Y,1.39
52858,N57V,1QM2,57,181,N,V,N57V,N181V,1.32
52859,I58A,1QM2,58,182,I,A,I58A,I182A,-0.02
52860,I58R,1QM2,58,182,I,R,I58R,I182R,1.69
52861,I58N,1QM2,58,182,I,N,I58N,I182N,1.45
52862,I58D,1QM2,58,182,I,D,I58D,I182D,2.33
52863,I58E,1QM2,58,182,I,E,I58E,I182E,1.78
52864,I58Q,1QM2,58,182,I,Q,I58Q,I182Q,2.4
52865,I58G,1QM2,58,182,I,G,I58G,I182G,4.36
52866,I58H,1QM2,58,182,I,H,I58H,I182H,1.73
52867,I58L,1QM2,58,182,I,L,I58L,I182L,0.98
52868,I58K,1QM2,58,182,I,K,I58K,I182K,1.62
52869,I58M,1QM2,58,182,I,M,I58M,I182M,-1.65
52870,I58F,1QM2,58,182,I,F,I58F,I182F,3.62
52871,I58P,1QM2,58,182,I,P,I58P,I182P,11
52872,I58S,1QM2,58,182,I,S,I58S,I182S,1.92
52873,I58T,1QM2,58,182,I,T,I58T,I182T,2.02
52874,I58W,1QM2,58,182,I,W,I58W,I182W,11
52875,I58Y,1QM2,58,182,I,Y,I58Y,I182Y,0.68
52876,I58V,1QM2,58,182,I,V,I58V,I182V,-1.13
52877,T59A,1QM2,59,183,T,A,T59A,T183A,-3.22
52878,T59R,1QM2,59,183,T,R,T59R,T183R,-4.07
52879,T59N,1QM2,59,183,T,N,T59N,T183N,-4.48
52880,T59D,1QM2,59,183,T,D,T59D,T183D,-1.68
52881,T59E,1QM2,59,183,T,E,T59E,T183E,-3.4
52882,T59Q,1QM2,59,183,T,Q,T59Q,T183Q,-3.07
52883,T59G,1QM2,59,183,T,G,T59G,T183G,-1.94
52884,T59H,1QM2,59,183,T,H,T59H,T183H,-0.67
52885,T59I,1QM2,59,183,T,I,T59I,T183I,-2.95
52886,T59L,1QM2,59,183,T,L,T59L,T183L,-4
52887,T59K,1QM2,59,183,T,K,T59K,T183K,-1.89
52888,T59M,1QM2,59,183,T,M,T59M,T183M,-7.83
52889,T59F,1QM2,59,183,T,F,T59F,T183F,5.28
52890,T59P,1QM2,59,183,T,P,T59P,T183P,11
52891,T59S,1QM2,59,183,T,S,T59S,T183S,-3.69
52892,T59W,1QM2,59,183,T,W,T59W,T183W,11
52893,T59Y,1QM2,59,183,T,Y,T59Y,T183Y,3.45
52894,T59V,1QM2,59,183,T,V,T59V,T183V,-3.19
52895,I60A,1QM2,60,184,I,A,I60A,I184A,2.41
52896,I60R,1QM2,60,184,I,R,I60R,I184R,2.07
52897,I60N,1QM2,60,184,I,N,I60N,I184N,4.71
52898,I60D,1QM2,60,184,I,D,I60D,I184D,5.7
52899,I60E,1QM2,60,184,I,E,I60E,I184E,2.91
52900,I60Q,1QM2,60,184,I,Q,I60Q,I184Q,3.71
52901,I60G,1QM2,60,184,I,G,I60G,I184G,5.28
52902,I60H,1QM2,60,184,I,H,I60H,I184H,4.89
52903,I60L,1QM2,60,184,I,L,I60L,I184L,0.06
52904,I60K,1QM2,60,184,I,K,I60K,I184K,3.51
52905,I60M,1QM2,60,184,I,M,I60M,I184M,-0.74
52906,I60F,1QM2,60,184,I,F,I60F,I184F,2.18
52907,I60P,1QM2,60,184,I,P,I60P,I184P,11
52908,I60S,1QM2,60,184,I,S,I60S,I184S,4.34
52909,I60T,1QM2,60,184,I,T,I60T,I184T,2.09
52910,I60W,1QM2,60,184,I,W,I60W,I184W,8.3
52911,I60Y,1QM2,60,184,I,Y,I60Y,I184Y,0.64
52912,I60V,1QM2,60,184,I,V,I60V,I184V,2.7
52913,K61A,1QM2,61,185,K,A,K61A,K185A,-1.69
52914,K61R,1QM2,61,185,K,R,K61R,K185R,-3.91
52915,K61N,1QM2,61,185,K,N,K61N,K185N,-0.88
52916,K61D,1QM2,61,185,K,D,K61D,K185D,0.35
52917,K61E,1QM2,61,185,K,E,K61E,K185E,-1.05
52918,K61Q,1QM2,61,185,K,Q,K61Q,K185Q,-0.08
52919,K61G,1QM2,61,185,K,G,K61G,K185G,1.55
52920,K61H,1QM2,61,185,K,H,K61H,K185H,0.22
52921,K61I,1QM2,61,185,K,I,K61I,K185I,-3.61
52922,K61L,1QM2,61,185,K,L,K61L,K185L,-3.49
52923,K61M,1QM2,61,185,K,M,K61M,K185M,-4.57
52924,K61F,1QM2,61,185,K,F,K61F,K185F,-0.61
52925,K61P,1QM2,61,185,K,P,K61P,K185P,11
52926,K61S,1QM2,61,185,K,S,K61S,K185S,-1.91
52927,K61T,1QM2,61,185,K,T,K61T,K185T,-3.05
52928,K61W,1QM2,61,185,K,W,K61W,K185W,3.05
52929,K61Y,1QM2,61,185,K,Y,K61Y,K185Y,-2.67
52930,K61V,1QM2,61,185,K,V,K61V,K185V,-3.73
52931,Q62A,1QM2,62,186,Q,A,Q62A,Q186A,-1.51
52932,Q62R,1QM2,62,186,Q,R,Q62R,Q186R,-0.87
52933,Q62N,1QM2,62,186,Q,N,Q62N,Q186N,-3.7
52934,Q62D,1QM2,62,186,Q,D,Q62D,Q186D,-0.35
52935,Q62E,1QM2,62,186,Q,E,Q62E,Q186E,-1.89
52936,Q62G,1QM2,62,186,Q,G,Q62G,Q186G,1.44
52937,Q62H,1QM2,62,186,Q,H,Q62H,Q186H,1.7
52938,Q62I,1QM2,62,186,Q,I,Q62I,Q186I,-1.16
52939,Q62L,1QM2,62,186,Q,L,Q62L,Q186L,-3.15
52940,Q62K,1QM2,62,186,Q,K,Q62K,Q186K,-0.1
52941,Q62M,1QM2,62,186,Q,M,Q62M,Q186M,-5.98
52942,Q62F,1QM2,62,186,Q,F,Q62F,Q186F,0.04
52943,Q62P,1QM2,62,186,Q,P,Q62P,Q186P,5.73
52944,Q62S,1QM2,62,186,Q,S,Q62S,Q186S,0.86
52945,Q62T,1QM2,62,186,Q,T,Q62T,Q186T,-0.31
52946,Q62W,1QM2,62,186,Q,W,Q62W,Q186W,6.43
52947,Q62Y,1QM2,62,186,Q,Y,Q62Y,Q186Y,-2.45
52948,Q62V,1QM2,62,186,Q,V,Q62V,Q186V,-3.44
52949,H63A,1QM2,63,187,H,A,H63A,H187A,-4.14
52950,H63R,1QM2,63,187,H,R,H63R,H187R,9.5
52951,H63N,1QM2,63,187,H,N,H63N,H187N,0.02
52952,H63D,1QM2,63,187,H,D,H63D,H187D,3.99
52953,H63E,1QM2,63,187,H,E,H63E,H187E,-0.86
52954,H63Q,1QM2,63,187,H,Q,H63Q,H187Q,0.14
52955,H63G,1QM2,63,187,H,G,H63G,H187G,-2.8
52956,H63I,1QM2,63,187,H,I,H63I,H187I,11
52957,H63L,1QM2,63,187,H,L,H63L,H187L,5.97
52958,H63K,1QM2,63,187,H,K,H63K,H187K,3.05
52959,H63M,1QM2,63,187,H,M,H63M,H187M,-4.2
52960,H63F,1QM2,63,187,H,F,H63F,H187F,2.25
52961,H63P,1QM2,63,187,H,P,H63P,H187P,11
52962,H63S,1QM2,63,187,H,S,H63S,H187S,-1.79
52963,H63T,1QM2,63,187,H,T,H63T,H187T,0.67
52964,H63W,1QM2,63,187,H,W,H63W,H187W,6.23
52965,H63Y,1QM2,63,187,H,Y,H63Y,H187Y,-0.04
52966,H63V,1QM2,63,187,H,V,H63V,H187V,11
52967,T64A,1QM2,64,188,T,A,T64A,T188A,1.42
52968,T64R,1QM2,64,188,T,R,T64R,T188R,0.05
52969,T64N,1QM2,64,188,T,N,T64N,T188N,1.76
52970,T64D,1QM2,64,188,T,D,T64D,T188D,1.73
52971,T64E,1QM2,64,188,T,E,T64E,T188E,1.98
52972,T64Q,1QM2,64,188,T,Q,T64Q,T188Q,1.88
52973,T64G,1QM2,64,188,T,G,T64G,T188G,2.96
52974,T64H,1QM2,64,188,T,H,T64H,T188H,1.17
52975,T64I,1QM2,64,188,T,I,T64I,T188I,0.77
52976,T64L,1QM2,64,188,T,L,T64L,T188L,-0.77
52977,T64K,1QM2,64,188,T,K,T64K,T188K,0.61
52978,T64M,1QM2,64,188,T,M,T64M,T188M,-1.97
52979,T64F,1QM2,64,188,T,F,T64F,T188F,-0.91
52980,T64P,1QM2,64,188,T,P,T64P,T188P,11
52981,T64S,1QM2,64,188,T,S,T64S,T188S,-0.65
52982,T64W,1QM2,64,188,T,W,T64W,T188W,4.27
52983,T64Y,1QM2,64,188,T,Y,T64Y,T188Y,-2.12
52984,T64V,1QM2,64,188,T,V,T64V,T188V,-1.1
52985,V65A,1QM2,65,189,V,A,V65A,V189A,1.86
52986,V65R,1QM2,65,189,V,R,V65R,V189R,1.95
52987,V65N,1QM2,65,189,V,N,V65N,V189N,2.36
52988,V65D,1QM2,65,189,V,D,V65D,V189D,1.7
52989,V65E,1QM2,65,189,V,E,V65E,V189E,3.12
52990,V65Q,1QM2,65,189,V,Q,V65Q,V189Q,3.8
52991,V65G,1QM2,65,189,V,G,V65G,V189G,4.57
52992,V65H,1QM2,65,189,V,H,V65H,V189H,2.61
52993,V65I,1QM2,65,189,V,I,V65I,V189I,2.59
52994,V65L,1QM2,65,189,V,L,V65L,V189L,1.55
52995,V65K,1QM2,65,189,V,K,V65K,V189K,4.2
52996,V65M,1QM2,65,189,V,M,V65M,V189M,0.15
52997,V65F,1QM2,65,189,V,F,V65F,V189F,3.44
52998,V65P,1QM2,65,189,V,P,V65P,V189P,6.96
53000,V65S,1QM2,65,189,V,S,V65S,V189S,1.24
53001,V65T,1QM2,65,189,V,T,V65T,V189T,1.94
53002,V65W,1QM2,65,189,V,W,V65W,V189W,8.45
53003,V65Y,1QM2,65,189,V,Y,V65Y,V189Y,-0.26
53004,T66A,1QM2,66,190,T,A,T66A,T190A,-2.46
53005,T66R,1QM2,66,190,T,R,T66R,T190R,-1.16
53006,T66N,1QM2,66,190,T,N,T66N,T190N,-1.57
53007,T66D,1QM2,66,190,T,D,T66D,T190D,-0.06
53008,T66E,1QM2,66,190,T,E,T66E,T190E,-1.82
53009,T66Q,1QM2,66,190,T,Q,T66Q,T190Q,0.18
53010,T66G,1QM2,66,190,T,G,T66G,T190G,1.79
53011,T66H,1QM2,66,190,T,H,T66H,T190H,1.55
53012,T66I,1QM2,66,190,T,I,T66I,T190I,-0.7
53013,T66L,1QM2,66,190,T,L,T66L,T190L,-1.39
53014,T66K,1QM2,66,190,T,K,T66K,T190K,1.78
53015,T66M,1QM2,66,190,T,M,T66M,T190M,-3.24
53016,T66F,1QM2,66,190,T,F,T66F,T190F,1.36
53017,T66P,1QM2,66,190,T,P,T66P,T190P,3.77
53018,T66S,1QM2,66,190,T,S,T66S,T190S,-0.96
53019,T66W,1QM2,66,190,T,W,T66W,T190W,7.45
53020,T66Y,1QM2,66,190,T,Y,T66Y,T190Y,-0.05
53021,T66V,1QM2,66,190,T,V,T66V,T190V,-2.26
53022,T67A,1QM2,67,191,T,A,T67A,T191A,0.03
53023,T67R,1QM2,67,191,T,R,T67R,T191R,0.52
53024,T67N,1QM2,67,191,T,N,T67N,T191N,0.92
53025,T67D,1QM2,67,191,T,D,T67D,T191D,0.09
53026,T67E,1QM2,67,191,T,E,T67E,T191E,0.74
53027,T67Q,1QM2,67,191,T,Q,T67Q,T191Q,0.59
53028,T67G,1QM2,67,191,T,G,T67G,T191G,0
53029,T67H,1QM2,67,191,T,H,T67H,T191H,-0.04
53030,T67I,1QM2,67,191,T,I,T67I,T191I,5.98
53031,T67L,1QM2,67,191,T,L,T67L,T191L,-1.74
53032,T67K,1QM2,67,191,T,K,T67K,T191K,0.59
53033,T67M,1QM2,67,191,T,M,T67M,T191M,-2.53
53034,T67F,1QM2,67,191,T,F,T67F,T191F,1.65
53035,T67P,1QM2,67,191,T,P,T67P,T191P,5.53
53036,T67S,1QM2,67,191,T,S,T67S,T191S,1.01
53037,T67W,1QM2,67,191,T,W,T67W,T191W,3.76
53038,T67Y,1QM2,67,191,T,Y,T67Y,T191Y,-1.88
53039,T67V,1QM2,67,191,T,V,T67V,T191V,6.82
53040,T68A,1QM2,68,192,T,A,T68A,T192A,-0.18
53041,T68R,1QM2,68,192,T,R,T68R,T192R,0.28
53042,T68N,1QM2,68,192,T,N,T68N,T192N,-0.32
53043,T68D,1QM2,68,192,T,D,T68D,T192D,-0.23
53044,T68E,1QM2,68,192,T,E,T68E,T192E,0.87
53045,T68Q,1QM2,68,192,T,Q,T68Q,T192Q,-0.11
53046,T68G,1QM2,68,192,T,G,T68G,T192G,2.66
53047,T68H,1QM2,68,192,T,H,T68H,T192H,2.86
53048,T68I,1QM2,68,192,T,I,T68I,T192I,0.4
53049,T68L,1QM2,68,192,T,L,T68L,T192L,0.77
53050,T68K,1QM2,68,192,T,K,T68K,T192K,1.14
53051,T68M,1QM2,68,192,T,M,T68M,T192M,-2.86
53052,T68F,1QM2,68,192,T,F,T68F,T192F,2.25
53053,T68P,1QM2,68,192,T,P,T68P,T192P,4.83
53054,T68S,1QM2,68,192,T,S,T68S,T192S,1.42
53055,T68W,1QM2,68,192,T,W,T68W,T192W,6.8
53056,T68Y,1QM2,68,192,T,Y,T68Y,T192Y,-0.09
53057,T68V,1QM2,68,192,T,V,T68V,T192V,0.13
53058,T69A,1QM2,69,193,T,A,T69A,T193A,-2.63
53059,T69R,1QM2,69,193,T,R,T69R,T193R,-8.85
53060,T69N,1QM2,69,193,T,N,T69N,T193N,-4.26
53061,T69D,1QM2,69,193,T,D,T69D,T193D,-3.96
53062,T69E,1QM2,69,193,T,E,T69E,T193E,-5.17
53063,T69Q,1QM2,69,193,T,Q,T69Q,T193Q,-2.79
53064,T69G,1QM2,69,193,T,G,T69G,T193G,-0.02
53065,T69H,1QM2,69,193,T,H,T69H,T193H,-2.02
53066,T69I,1QM2,69,193,T,I,T69I,T193I,-5.79
53067,T69L,1QM2,69,193,T,L,T69L,T193L,-6.79
53068,T69K,1QM2,69,193,T,K,T69K,T193K,-2.88
53069,T69M,1QM2,69,193,T,M,T69M,T193M,-8.84
53070,T69F,1QM2,69,193,T,F,T69F,T193F,-0.79
53071,T69P,1QM2,69,193,T,P,T69P,T193P,2.36
53072,T69S,1QM2,69,193,T,S,T69S,T193S,-3.27
53073,T69W,1QM2,69,193,T,W,T69W,T193W,8.26
53074,T69Y,1QM2,69,193,T,Y,T69Y,T193Y,3.58
53075,T69V,1QM2,69,193,T,V,T69V,T193V,-7.22
53076,K70A,1QM2,70,194,K,A,K70A,K194A,2.31
53077,K70R,1QM2,70,194,K,R,K70R,K194R,-0.15
53078,K70N,1QM2,70,194,K,N,K70N,K194N,1.24
53079,K70D,1QM2,70,194,K,D,K70D,K194D,1.18
53080,K70E,1QM2,70,194,K,E,K70E,K194E,0.55
53081,K70Q,1QM2,70,194,K,Q,K70Q,K194Q,0.01
53082,K70G,1QM2,70,194,K,G,K70G,K194G,3.29
53083,K70H,1QM2,70,194,K,H,K70H,K194H,1.97
53084,K70I,1QM2,70,194,K,I,K70I,K194I,-0.16
53085,K70L,1QM2,70,194,K,L,K70L,K194L,0.8
53086,K70M,1QM2,70,194,K,M,K70M,K194M,-1.31
53087,K70F,1QM2,70,194,K,F,K70F,K194F,3.63
53088,K70P,1QM2,70,194,K,P,K70P,K194P,11
53089,K70S,1QM2,70,194,K,S,K70S,K194S,-0.25
53090,K70T,1QM2,70,194,K,T,K70T,K194T,-1.78
53091,K70W,1QM2,70,194,K,W,K70W,K194W,1.78
53092,K70Y,1QM2,70,194,K,Y,K70Y,K194Y,-0.22
53093,K70V,1QM2,70,194,K,V,K70V,K194V,-0.26
53094,G71A,1QM2,71,195,G,A,G71A,G195A,-0.44
53095,G71R,1QM2,71,195,G,R,G71R,G195R,0.41
53096,G71N,1QM2,71,195,G,N,G71N,G195N,0.45
53097,G71D,1QM2,71,195,G,D,G71D,G195D,0.22
53098,G71E,1QM2,71,195,G,E,G71E,G195E,-0.26
53099,G71Q,1QM2,71,195,G,Q,G71Q,G195Q,0.84
53100,G71H,1QM2,71,195,G,H,G71H,G195H,1.38
53101,G71I,1QM2,71,195,G,I,G71I,G195I,-1.12
53102,G71L,1QM2,71,195,G,L,G71L,G195L,-1.85
53103,G71K,1QM2,71,195,G,K,G71K,G195K,1.94
53104,G71M,1QM2,71,195,G,M,G71M,G195M,-0.88
53105,G71F,1QM2,71,195,G,F,G71F,G195F,1.31
53106,G71P,1QM2,71,195,G,P,G71P,G195P,4.06
53107,G71S,1QM2,71,195,G,S,G71S,G195S,0.87
53108,G71T,1QM2,71,195,G,T,G71T,G195T,0.53
53109,G71W,1QM2,71,195,G,W,G71W,G195W,5.56
53110,G71Y,1QM2,71,195,G,Y,G71Y,G195Y,-2.35
53111,G71V,1QM2,71,195,G,V,G71V,G195V,-2.2
53112,E72A,1QM2,72,196,E,A,E72A,E196A,-0.97
53113,E72R,1QM2,72,196,E,R,E72R,E196R,-2.49
53114,E72N,1QM2,72,196,E,N,E72N,E196N,-2.59
53115,E72D,1QM2,72,196,E,D,E72D,E196D,-0.25
53116,E72Q,1QM2,72,196,E,Q,E72Q,E196Q,-1.8
53117,E72G,1QM2,72,196,E,G,E72G,E196G,3.21
53118,E72H,1QM2,72,196,E,H,E72H,E196H,1.05
53119,E72I,1QM2,72,196,E,I,E72I,E196I,-2.31
53120,E72L,1QM2,72,196,E,L,E72L,E196L,-3.73
53121,E72K,1QM2,72,196,E,K,E72K,E196K,-0.79
53122,E72M,1QM2,72,196,E,M,E72M,E196M,-5.39
53123,E72F,1QM2,72,196,E,F,E72F,E196F,2.14
53124,E72P,1QM2,72,196,E,P,E72P,E196P,1.87
53125,E72S,1QM2,72,196,E,S,E72S,E196S,0
53126,E72T,1QM2,72,196,E,T,E72T,E196T,-0.74
53127,E72W,1QM2,72,196,E,W,E72W,E196W,3.05
53128,E72Y,1QM2,72,196,E,Y,E72Y,E196Y,-0.38
53129,E72V,1QM2,72,196,E,V,E72V,E196V,-3.07
53130,N73A,1QM2,73,197,N,A,N73A,N197A,4.47
53131,N73R,1QM2,73,197,N,R,N73R,N197R,3.68
53132,N73D,1QM2,73,197,N,D,N73D,N197D,0.99
53133,N73E,1QM2,73,197,N,E,N73E,N197E,2.71
53134,N73Q,1QM2,73,197,N,Q,N73Q,N197Q,3.83
53135,N73G,1QM2,73,197,N,G,N73G,N197G,7.25
53136,N73H,1QM2,73,197,N,H,N73H,N197H,1.5
53137,N73I,1QM2,73,197,N,I,N73I,N197I,7.14
53138,N73L,1QM2,73,197,N,L,N73L,N197L,2.38
53139,N73K,1QM2,73,197,N,K,N73K,N197K,5.34
53140,N73M,1QM2,73,197,N,M,N73M,N197M,-0.09
53141,N73F,1QM2,73,197,N,F,N73F,N197F,0.76
53142,N73P,1QM2,73,197,N,P,N73P,N197P,11
53143,N73S,1QM2,73,197,N,S,N73S,N197S,4.45
53144,N73T,1QM2,73,197,N,T,N73T,N197T,6.97
53145,N73W,1QM2,73,197,N,W,N73W,N197W,4.92
53146,N73Y,1QM2,73,197,N,Y,N73Y,N197Y,-3.23
53147,N73V,1QM2,73,197,N,V,N73V,N197V,5.88
53148,F74A,1QM2,74,198,F,A,F74A,F198A,2.78
53149,F74R,1QM2,74,198,F,R,F74R,F198R,-1.33
53150,F74N,1QM2,74,198,F,N,F74N,F198N,1.7
53151,F74D,1QM2,74,198,F,D,F74D,F198D,5.47
53152,F74E,1QM2,74,198,F,E,F74E,F198E,1.82
53153,F74Q,1QM2,74,198,F,Q,F74Q,F198Q,0.24
53154,F74G,1QM2,74,198,F,G,F74G,F198G,7.05
53155,F74H,1QM2,74,198,F,H,F74H,F198H,3.26
53156,F74I,1QM2,74,198,F,I,F74I,F198I,0.45
53157,F74L,1QM2,74,198,F,L,F74L,F198L,0.26
53158,F74K,1QM2,74,198,F,K,F74K,F198K,2.92
53159,F74M,1QM2,74,198,F,M,F74M,F198M,-1.29
53160,F74F,1QM2,74,198,F,F,F74F,F198F,5.88
53161,F74P,1QM2,74,198,F,P,F74P,F198P,11
53162,F74S,1QM2,74,198,F,S,F74S,F198S,4.73
53163,F74T,1QM2,74,198,F,T,F74T,F198T,1.55
53164,F74W,1QM2,74,198,F,W,F74W,F198W,7.23
53165,F74Y,1QM2,74,198,F,Y,F74Y,F198Y,4.56
53166,F74V,1QM2,74,198,F,V,F74V,F198V,-1.15
53167,T75A,1QM2,75,199,T,A,T75A,T199A,1.52
53168,T75R,1QM2,75,199,T,R,T75R,T199R,0.33
53169,T75N,1QM2,75,199,T,N,T75N,T199N,1.62
53170,T75D,1QM2,75,199,T,D,T75D,T199D,3.29
53171,T75E,1QM2,75,199,T,E,T75E,T199E,0.59
53172,T75Q,1QM2,75,199,T,Q,T75Q,T199Q,1.98
53173,T75G,1QM2,75,199,T,G,T75G,T199G,4.21
53174,T75H,1QM2,75,199,T,H,T75H,T199H,0.09
53175,T75I,1QM2,75,199,T,I,T75I,T199I,0.37
53176,T75L,1QM2,75,199,T,L,T75L,T199L,-0.21
53177,T75K,1QM2,75,199,T,K,T75K,T199K,1.78
53178,T75M,1QM2,75,199,T,M,T75M,T199M,-1.09
53179,T75F,1QM2,75,199,T,F,T75F,T199F,2.96
53180,T75P,1QM2,75,199,T,P,T75P,T199P,11
53181,T75S,1QM2,75,199,T,S,T75S,T199S,1.77
53182,T75W,1QM2,75,199,T,W,T75W,T199W,4.35
53183,T75Y,1QM2,75,199,T,Y,T75Y,T199Y,1.75
53184,T75V,1QM2,75,199,T,V,T75V,T199V,0.89
53185,E76A,1QM2,76,200,E,A,E76A,E200A,1.58
53186,E76R,1QM2,76,200,E,R,E76R,E200R,-3.62
53187,E76N,1QM2,76,200,E,N,E76N,E200N,0.3
53188,E76D,1QM2,76,200,E,D,E76D,E200D,4.11
53189,E76Q,1QM2,76,200,E,Q,E76Q,E200Q,-3.78
53190,E76G,1QM2,76,200,E,G,E76G,E200G,0.95
53191,E76H,1QM2,76,200,E,H,E76H,E200H,0.74
53192,E76I,1QM2,76,200,E,I,E76I,E200I,4.43
53193,E76L,1QM2,76,200,E,L,E76L,E200L,-3.9
53194,E76K,1QM2,76,200,E,K,E76K,E200K,2.49
53195,E76M,1QM2,76,200,E,M,E76M,E200M,-4.16
53196,E76F,1QM2,76,200,E,F,E76F,E200F,1.81
53197,E76P,1QM2,76,200,E,P,E76P,E200P,11
53198,E76S,1QM2,76,200,E,S,E76S,E200S,0.65
53199,E76T,1QM2,76,200,E,T,E76T,E200T,5.11
53200,E76W,1QM2,76,200,E,W,E76W,E200W,5.72
53201,E76Y,1QM2,76,200,E,Y,E76Y,E200Y,-3.22
53202,E76V,1QM2,76,200,E,V,E76V,E200V,5.02
53203,T77A,1QM2,77,201,T,A,T77A,T201A,-4.61
53204,T77R,1QM2,77,201,T,R,T77R,T201R,2.43
53205,T77N,1QM2,77,201,T,N,T77N,T201N,-2.95
53206,T77D,1QM2,77,201,T,D,T77D,T201D,-1.62
53207,T77E,1QM2,77,201,T,E,T77E,T201E,0.99
53208,T77Q,1QM2,77,201,T,Q,T77Q,T201Q,-0.2
53209,T77G,1QM2,77,201,T,G,T77G,T201G,-2.04
53210,T77H,1QM2,77,201,T,H,T77H,T201H,-3.04
53211,T77I,1QM2,77,201,T,I,T77I,T201I,-5.13
53212,T77L,1QM2,77,201,T,L,T77L,T201L,-1.69
53213,T77K,1QM2,77,201,T,K,T77K,T201K,2.33
53214,T77M,1QM2,77,201,T,M,T77M,T201M,-3.41
53215,T77F,1QM2,77,201,T,F,T77F,T201F,-0.71
53216,T77P,1QM2,77,201,T,P,T77P,T201P,7.67
53217,T77S,1QM2,77,201,T,S,T77S,T201S,-3.85
53218,T77W,1QM2,77,201,T,W,T77W,T201W,7.84
53219,T77Y,1QM2,77,201,T,Y,T77Y,T201Y,-4.61
53220,T77V,1QM2,77,201,T,V,T77V,T201V,-8.07
53221,D78A,1QM2,78,202,D,A,D78A,D202A,2.18
53222,D78R,1QM2,78,202,D,R,D78R,D202R,-0.4
53223,D78N,1QM2,78,202,D,N,D78N,D202N,1.98
53224,D78E,1QM2,78,202,D,E,D78E,D202E,0.07
53225,D78Q,1QM2,78,202,D,Q,D78Q,D202Q,-0.97
53226,D78G,1QM2,78,202,D,G,D78G,D202G,4.89
53227,D78H,1QM2,78,202,D,H,D78H,D202H,1.6
53228,D78I,1QM2,78,202,D,I,D78I,D202I,-1.44
53229,D78L,1QM2,78,202,D,L,D78L,D202L,0.15
53230,D78K,1QM2,78,202,D,K,D78K,D202K,1.06
53231,D78M,1QM2,78,202,D,M,D78M,D202M,-3.66
53232,D78F,1QM2,78,202,D,F,D78F,D202F,-1.26
53233,D78P,1QM2,78,202,D,P,D78P,D202P,11
53234,D78S,1QM2,78,202,D,S,D78S,D202S,3.81
53235,D78T,1QM2,78,202,D,T,D78T,D202T,2.37
53236,D78W,1QM2,78,202,D,W,D78W,D202W,3.61
53237,D78Y,1QM2,78,202,D,Y,D78Y,D202Y,-2.51
53238,D78V,1QM2,78,202,D,V,D78V,D202V,-1.72
53239,V79A,1QM2,79,203,V,A,V79A,V203A,0.32
53240,V79R,1QM2,79,203,V,R,V79R,V203R,0.85
53241,V79N,1QM2,79,203,V,N,V79N,V203N,0.11
53242,V79D,1QM2,79,203,V,D,V79D,V203D,2.6
53243,V79E,1QM2,79,203,V,E,V79E,V203E,0.79
53244,V79Q,1QM2,79,203,V,Q,V79Q,V203Q,2.01
53245,V79G,1QM2,79,203,V,G,V79G,V203G,4.31
53246,V79H,1QM2,79,203,V,H,V79H,V203H,-1.11
53247,V79I,1QM2,79,203,V,I,V79I,V203I,7.21
53248,V79L,1QM2,79,203,V,L,V79L,V203L,2.31
53249,V79K,1QM2,79,203,V,K,V79K,V203K,1.34
53250,V79M,1QM2,79,203,V,M,V79M,V203M,-3.05
53251,V79F,1QM2,79,203,V,F,V79F,V203F,0.38
53252,V79P,1QM2,79,203,V,P,V79P,V203P,11
53253,V79S,1QM2,79,203,V,S,V79S,V203S,2.34
53254,V79T,1QM2,79,203,V,T,V79T,V203T,2.52
53255,V79W,1QM2,79,203,V,W,V79W,V203W,6.59
53256,V79Y,1QM2,79,203,V,Y,V79Y,V203Y,-1.19
53257,K80A,1QM2,80,204,K,A,K80A,K204A,-3.23
53258,K80R,1QM2,80,204,K,R,K80R,K204R,11
53259,K80N,1QM2,80,204,K,N,K80N,K204N,-0.44
53260,K80D,1QM2,80,204,K,D,K80D,K204D,1.37
53261,K80E,1QM2,80,204,K,E,K80E,K204E,3.95
53262,K80Q,1QM2,80,204,K,Q,K80Q,K204Q,1.48
53263,K80G,1QM2,80,204,K,G,K80G,K204G,0.92
53264,K80H,1QM2,80,204,K,H,K80H,K204H,4.33
53265,K80I,1QM2,80,204,K,I,K80I,K204I,-3.18
53266,K80L,1QM2,80,204,K,L,K80L,K204L,1.61
53267,K80M,1QM2,80,204,K,M,K80M,K204M,-5.51
53268,K80F,1QM2,80,204,K,F,K80F,K204F,11
53269,K80P,1QM2,80,204,K,P,K80P,K204P,-0.35
53270,K80S,1QM2,80,204,K,S,K80S,K204S,-3.55
53271,K80T,1QM2,80,204,K,T,K80T,K204T,-2.48
53272,K80W,1QM2,80,204,K,W,K80W,K204W,11
53273,K80Y,1QM2,80,204,K,Y,K80Y,K204Y,11
53274,K80V,1QM2,80,204,K,V,K80V,K204V,-3.73
53275,M81A,1QM2,81,205,M,A,M81A,M205A,3.43
53276,M81R,1QM2,81,205,M,R,M81R,M205R,11
53277,M81N,1QM2,81,205,M,N,M81N,M205N,6.1
53278,M81D,1QM2,81,205,M,D,M81D,M205D,7.7
53279,M81E,1QM2,81,205,M,E,M81E,M205E,11
53280,M81Q,1QM2,81,205,M,Q,M81Q,M205Q,11
53281,M81G,1QM2,81,205,M,G,M81G,M205G,7.07
53282,M81H,1QM2,81,205,M,H,M81H,M205H,11
53283,M81I,1QM2,81,205,M,I,M81I,M205I,6.17
53284,M81L,1QM2,81,205,M,L,M81L,M205L,9.21
53285,M81K,1QM2,81,205,M,K,M81K,M205K,11
53286,M81F,1QM2,81,205,M,F,M81F,M205F,11
53287,M81P,1QM2,81,205,M,P,M81P,M205P,11
53288,M81S,1QM2,81,205,M,S,M81S,M205S,6.72
53289,M81T,1QM2,81,205,M,T,M81T,M205T,5.46
53290,M81W,1QM2,81,205,M,W,M81W,M205W,11
53291,M81Y,1QM2,81,205,M,Y,M81Y,M205Y,11
53292,M81V,1QM2,81,205,M,V,M81V,M205V,1.47
53293,M82A,1QM2,82,206,M,A,M82A,M206A,4.55
53294,M82R,1QM2,82,206,M,R,M82R,M206R,2.58
53295,M82N,1QM2,82,206,M,N,M82N,M206N,6.02
53296,M82D,1QM2,82,206,M,D,M82D,M206D,6.96
53297,M82E,1QM2,82,206,M,E,M82E,M206E,4.16
53298,M82Q,1QM2,82,206,M,Q,M82Q,M206Q,5.5
53299,M82G,1QM2,82,206,M,G,M82G,M206G,7.07
53300,M82H,1QM2,82,206,M,H,M82H,M206H,6.66
53301,M82I,1QM2,82,206,M,I,M82I,M206I,2.48
53302,M82L,1QM2,82,206,M,L,M82L,M206L,5.31
53303,M82K,1QM2,82,206,M,K,M82K,M206K,6.03
53304,M82F,1QM2,82,206,M,F,M82F,M206F,5.03
53305,M82P,1QM2,82,206,M,P,M82P,M206P,11
53306,M82S,1QM2,82,206,M,S,M82S,M206S,4.47
53307,M82T,1QM2,82,206,M,T,M82T,M206T,1.98
53308,M82W,1QM2,82,206,M,W,M82W,M206W,11
53309,M82Y,1QM2,82,206,M,Y,M82Y,M206Y,5.37
53310,M82V,1QM2,82,206,M,V,M82V,M206V,1.6
53311,E83A,1QM2,83,207,E,A,E83A,E207A,-1.9
53312,E83R,1QM2,83,207,E,R,E83R,E207R,0.72
53313,E83N,1QM2,83,207,E,N,E83N,E207N,2.85
53314,E83D,1QM2,83,207,E,D,E83D,E207D,2.82
53315,E83Q,1QM2,83,207,E,Q,E83Q,E207Q,-0.43
53316,E83G,1QM2,83,207,E,G,E83G,E207G,0.84
53317,E83H,1QM2,83,207,E,H,E83H,E207H,2.7
53318,E83I,1QM2,83,207,E,I,E83I,E207I,2.55
53319,E83L,1QM2,83,207,E,L,E83L,E207L,1.37
53320,E83K,1QM2,83,207,E,K,E83K,E207K,1.02
53321,E83M,1QM2,83,207,E,M,E83M,E207M,-2.95
53322,E83F,1QM2,83,207,E,F,E83F,E207F,1.4
53323,E83P,1QM2,83,207,E,P,E83P,E207P,11
53324,E83S,1QM2,83,207,E,S,E83S,E207S,0.63
53325,E83T,1QM2,83,207,E,T,E83T,E207T,-0.62
53326,E83W,1QM2,83,207,E,W,E83W,E207W,8.02
53327,E83Y,1QM2,83,207,E,Y,E83Y,E207Y,0.3
53328,E83V,1QM2,83,207,E,V,E83V,E207V,0.93
53329,R84A,1QM2,84,208,R,A,R84A,R208A,3.39
53330,R84N,1QM2,84,208,R,N,R84N,R208N,2.13
53331,R84D,1QM2,84,208,R,D,R84D,R208D,4.25
53332,R84E,1QM2,84,208,R,E,R84E,R208E,2.92
53333,R84Q,1QM2,84,208,R,Q,R84Q,R208Q,0.88
53334,R84G,1QM2,84,208,R,G,R84G,R208G,4.85
53335,R84H,1QM2,84,208,R,H,R84H,R208H,1.97
53336,R84I,1QM2,84,208,R,I,R84I,R208I,1.36
53337,R84L,1QM2,84,208,R,L,R84L,R208L,-3.47
53338,R84K,1QM2,84,208,R,K,R84K,R208K,8.74
53339,R84M,1QM2,84,208,R,M,R84M,R208M,-2.32
53340,R84F,1QM2,84,208,R,F,R84F,R208F,1.74
53341,R84P,1QM2,84,208,R,P,R84P,R208P,11
53342,R84S,1QM2,84,208,R,S,R84S,R208S,4.19
53343,R84T,1QM2,84,208,R,T,R84T,R208T,4.1
53344,R84W,1QM2,84,208,R,W,R84W,R208W,11
53345,R84Y,1QM2,84,208,R,Y,R84Y,R208Y,6.61
53346,R84V,1QM2,84,208,R,V,R84V,R208V,3.77
53347,V85A,1QM2,85,209,V,A,V85A,V209A,-12.45
53348,V85R,1QM2,85,209,V,R,V85R,V209R,11
53349,V85N,1QM2,85,209,V,N,V85N,V209N,4.77
53350,V85D,1QM2,85,209,V,D,V85D,V209D,6.31
53351,V85E,1QM2,85,209,V,E,V85E,V209E,11
53352,V85Q,1QM2,85,209,V,Q,V85Q,V209Q,11
53353,V85G,1QM2,85,209,V,G,V85G,V209G,-9.03
53354,V85H,1QM2,85,209,V,H,V85H,V209H,11
53355,V85I,1QM2,85,209,V,I,V85I,V209I,7.13
53356,V85L,1QM2,85,209,V,L,V85L,V209L,11
53357,V85K,1QM2,85,209,V,K,V85K,V209K,11
53358,V85M,1QM2,85,209,V,M,V85M,V209M,-0.66
53359,V85F,1QM2,85,209,V,F,V85F,V209F,11
53360,V85P,1QM2,85,209,V,P,V85P,V209P,8.96
53361,V85S,1QM2,85,209,V,S,V85S,V209S,-11.1
53362,V85T,1QM2,85,209,V,T,V85T,V209T,-6.67
53363,V85W,1QM2,85,209,V,W,V85W,V209W,11
53364,V85Y,1QM2,85,209,V,Y,V85Y,V209Y,11
53365,V86A,1QM2,86,210,V,A,V86A,V210A,2.55
53366,V86R,1QM2,86,210,V,R,V86R,V210R,1.17
53367,V86N,1QM2,86,210,V,N,V86N,V210N,2.42
53368,V86D,1QM2,86,210,V,D,V86D,V210D,2.51
53369,V86E,1QM2,86,210,V,E,V86E,V210E,1.57
53370,V86Q,1QM2,86,210,V,Q,V86Q,V210Q,0.71
53371,V86G,1QM2,86,210,V,G,V86G,V210G,5.04
53372,V86H,1QM2,86,210,V,H,V86H,V210H,1.19
53373,V86I,1QM2,86,210,V,I,V86I,V210I,-0.14
53374,V86L,1QM2,86,210,V,L,V86L,V210L,-0.46
53375,V86K,1QM2,86,210,V,K,V86K,V210K,4.71
53376,V86M,1QM2,86,210,V,M,V86M,V210M,-0.7
53377,V86F,1QM2,86,210,V,F,V86F,V210F,0.91
53378,V86P,1QM2,86,210,V,P,V86P,V210P,11
53379,V86S,1QM2,86,210,V,S,V86S,V210S,1.57
53380,V86T,1QM2,86,210,V,T,V86T,V210T,1.18
53381,V86W,1QM2,86,210,V,W,V86W,V210W,5.04
53382,V86Y,1QM2,86,210,V,Y,V86Y,V210Y,-1.06
53383,E87A,1QM2,87,211,E,A,E87A,E211A,1.59
53384,E87R,1QM2,87,211,E,R,E87R,E211R,-1.4
53385,E87N,1QM2,87,211,E,N,E87N,E211N,-2.12
53386,E87D,1QM2,87,211,E,D,E87D,E211D,-1.83
53387,E87Q,1QM2,87,211,E,Q,E87Q,E211Q,-0.32
53388,E87G,1QM2,87,211,E,G,E87G,E211G,4.48
53389,E87H,1QM2,87,211,E,H,E87H,E211H,-0.41
53390,E87I,1QM2,87,211,E,I,E87I,E211I,-2.31
53391,E87L,1QM2,87,211,E,L,E87L,E211L,-3.91
53392,E87K,1QM2,87,211,E,K,E87K,E211K,0.54
53393,E87M,1QM2,87,211,E,M,E87M,E211M,-4.18
53394,E87F,1QM2,87,211,E,F,E87F,E211F,-1.34
53395,E87P,1QM2,87,211,E,P,E87P,E211P,11
53396,E87S,1QM2,87,211,E,S,E87S,E211S,1.69
53397,E87T,1QM2,87,211,E,T,E87T,E211T,-0.74
53398,E87W,1QM2,87,211,E,W,E87W,E211W,1.59
53399,E87Y,1QM2,87,211,E,Y,E87Y,E211Y,-2.85
53400,E87V,1QM2,87,211,E,V,E87V,E211V,-2.73
53401,Q88A,1QM2,88,212,Q,A,Q88A,Q212A,0.11
53402,Q88R,1QM2,88,212,Q,R,Q88R,Q212R,8.37
53403,Q88N,1QM2,88,212,Q,N,Q88N,Q212N,3.54
53404,Q88D,1QM2,88,212,Q,D,Q88D,Q212D,7.43
53405,Q88E,1QM2,88,212,Q,E,Q88E,Q212E,2.86
53406,Q88G,1QM2,88,212,Q,G,Q88G,Q212G,5.59
53407,Q88H,1QM2,88,212,Q,H,Q88H,Q212H,3.18
53408,Q88I,1QM2,88,212,Q,I,Q88I,Q212I,4.46
53409,Q88L,1QM2,88,212,Q,L,Q88L,Q212L,5.92
53410,Q88K,1QM2,88,212,Q,K,Q88K,Q212K,11
53411,Q88M,1QM2,88,212,Q,M,Q88M,Q212M,-0.22
53412,Q88F,1QM2,88,212,Q,F,Q88F,Q212F,9.54
53413,Q88P,1QM2,88,212,Q,P,Q88P,Q212P,11
53414,Q88S,1QM2,88,212,Q,S,Q88S,Q212S,4.29
53415,Q88T,1QM2,88,212,Q,T,Q88T,Q212T,2.13
53416,Q88W,1QM2,88,212,Q,W,Q88W,Q212W,11
53417,Q88Y,1QM2,88,212,Q,Y,Q88Y,Q212Y,10
53418,Q88V,1QM2,88,212,Q,V,Q88V,Q212V,1.62
53419,M89A,1QM2,89,213,M,A,M89A,M213A,6.14
53420,M89R,1QM2,89,213,M,R,M89R,M213R,5.98
53421,M89N,1QM2,89,213,M,N,M89N,M213N,5.46
53422,M89D,1QM2,89,213,M,D,M89D,M213D,8.14
53423,M89E,1QM2,89,213,M,E,M89E,M213E,3.59
53424,M89Q,1QM2,89,213,M,Q,M89Q,M213Q,5.85
53425,M89G,1QM2,89,213,M,G,M89G,M213G,9.8
53426,M89H,1QM2,89,213,M,H,M89H,M213H,4.15
53427,M89I,1QM2,89,213,M,I,M89I,M213I,9.73
53428,M89L,1QM2,89,213,M,L,M89L,M213L,5.91
53429,M89K,1QM2,89,213,M,K,M89K,M213K,5.83
53430,M89F,1QM2,89,213,M,F,M89F,M213F,3.27
53431,M89P,1QM2,89,213,M,P,M89P,M213P,11
53432,M89S,1QM2,89,213,M,S,M89S,M213S,9.09
53433,M89T,1QM2,89,213,M,T,M89T,M213T,6.78
53434,M89W,1QM2,89,213,M,W,M89W,M213W,4.19
53435,M89Y,1QM2,89,213,M,Y,M89Y,M213Y,0.78
53436,M89V,1QM2,89,213,M,V,M89V,M213V,8.43
53437,I91A,1QM2,91,215,I,A,I91A,I215A,4.7
53438,I91R,1QM2,91,215,I,R,I91R,I215R,0.99
53439,I91N,1QM2,91,215,I,N,I91N,I215N,6.34
53440,I91D,1QM2,91,215,I,D,I91D,I215D,5.37
53441,I91E,1QM2,91,215,I,E,I91E,I215E,5.78
53442,I91Q,1QM2,91,215,I,Q,I91Q,I215Q,4.49
53443,I91G,1QM2,91,215,I,G,I91G,I215G,7.16
53444,I91H,1QM2,91,215,I,H,I91H,I215H,4.38
53445,I91L,1QM2,91,215,I,L,I91L,I215L,2.19
53446,I91K,1QM2,91,215,I,K,I91K,I215K,6.1
53447,I91M,1QM2,91,215,I,M,I91M,I215M,1.28
53448,I91F,1QM2,91,215,I,F,I91F,I215F,3.37
53449,I91P,1QM2,91,215,I,P,I91P,I215P,11
53450,I91S,1QM2,91,215,I,S,I91S,I215S,4.54
53451,I91T,1QM2,91,215,I,T,I91T,I215T,4.23
53452,I91W,1QM2,91,215,I,W,I91W,I215W,8.69
53453,I91Y,1QM2,91,215,I,Y,I91Y,I215Y,1.85
53454,I91V,1QM2,91,215,I,V,I91V,I215V,3.06
53455,T92A,1QM2,92,216,T,A,T92A,T216A,1.93
53456,T92R,1QM2,92,216,T,R,T92R,T216R,0.83
53457,T92N,1QM2,92,216,T,N,T92N,T216N,1.23
53458,T92D,1QM2,92,216,T,D,T92D,T216D,2.52
53459,T92E,1QM2,92,216,T,E,T92E,T216E,0.74
53460,T92Q,1QM2,92,216,T,Q,T92Q,T216Q,0.85
53461,T92G,1QM2,92,216,T,G,T92G,T216G,5.71
53462,T92H,1QM2,92,216,T,H,T92H,T216H,2.97
53463,T92I,1QM2,92,216,T,I,T92I,T216I,0.92
53464,T92L,1QM2,92,216,T,L,T92L,T216L,0.17
53465,T92K,1QM2,92,216,T,K,T92K,T216K,3.56
53466,T92M,1QM2,92,216,T,M,T92M,T216M,-1.8
53467,T92F,1QM2,92,216,T,F,T92F,T216F,2.99
53468,T92P,1QM2,92,216,T,P,T92P,T216P,11
53469,T92S,1QM2,92,216,T,S,T92S,T216S,4.77
53470,T92W,1QM2,92,216,T,W,T92W,T216W,9.38
53471,T92Y,1QM2,92,216,T,Y,T92Y,T216Y,1.44
53472,T92V,1QM2,92,216,T,V,T92V,T216V,-0.06
53473,Q93A,1QM2,93,217,Q,A,Q93A,Q217A,0.31
53474,Q93R,1QM2,93,217,Q,R,Q93R,Q217R,-2.21
53475,Q93N,1QM2,93,217,Q,N,Q93N,Q217N,-1.18
53476,Q93D,1QM2,93,217,Q,D,Q93D,Q217D,1.45
53477,Q93E,1QM2,93,217,Q,E,Q93E,Q217E,-0.79
53478,Q93G,1QM2,93,217,Q,G,Q93G,Q217G,3.64
53479,Q93H,1QM2,93,217,Q,H,Q93H,Q217H,-2.46
53480,Q93I,1QM2,93,217,Q,I,Q93I,Q217I,6.81
53481,Q93L,1QM2,93,217,Q,L,Q93L,Q217L,-3.49
53482,Q93K,1QM2,93,217,Q,K,Q93K,Q217K,-1.1
53483,Q93M,1QM2,93,217,Q,M,Q93M,Q217M,-4.15
53484,Q93F,1QM2,93,217,Q,F,Q93F,Q217F,-3.58
53485,Q93P,1QM2,93,217,Q,P,Q93P,Q217P,11
53486,Q93S,1QM2,93,217,Q,S,Q93S,Q217S,0.6
53487,Q93T,1QM2,93,217,Q,T,Q93T,Q217T,-0.24
53488,Q93W,1QM2,93,217,Q,W,Q93W,Q217W,1.43
53489,Q93Y,1QM2,93,217,Q,Y,Q93Y,Q217Y,-7.02
53490,Q93V,1QM2,93,217,Q,V,Q93V,Q217V,4.71
53491,Y94A,1QM2,94,218,Y,A,Y94A,Y218A,2.8
53492,Y94R,1QM2,94,218,Y,R,Y94R,Y218R,0.19
53493,Y94N,1QM2,94,218,Y,N,Y94N,Y218N,3.63
53494,Y94D,1QM2,94,218,Y,D,Y94D,Y218D,3.25
53495,Y94E,1QM2,94,218,Y,E,Y94E,Y218E,1.82
53496,Y94Q,1QM2,94,218,Y,Q,Y94Q,Y218Q,2.94
53497,Y94G,1QM2,94,218,Y,G,Y94G,Y218G,4.47
53498,Y94H,1QM2,94,218,Y,H,Y94H,Y218H,3.81
53499,Y94I,1QM2,94,218,Y,I,Y94I,Y218I,1.69
53500,Y94L,1QM2,94,218,Y,L,Y94L,Y218L,0.23
53501,Y94K,1QM2,94,218,Y,K,Y94K,Y218K,3.47
53502,Y94M,1QM2,94,218,Y,M,Y94M,Y218M,-0.62
53503,Y94F,1QM2,94,218,Y,F,Y94F,Y218F,3.35
53504,Y94P,1QM2,94,218,Y,P,Y94P,Y218P,11
53505,Y94S,1QM2,94,218,Y,S,Y94S,Y218S,2.73
53506,Y94T,1QM2,94,218,Y,T,Y94T,Y218T,1.97
53507,Y94W,1QM2,94,218,Y,W,Y94W,Y218W,8.49
53508,Y94V,1QM2,94,218,Y,V,Y94V,Y218V,0.7
53509,E95A,1QM2,95,219,E,A,E95A,E219A,-1.13
53510,E95R,1QM2,95,219,E,R,E95R,E219R,-0.6
53511,E95N,1QM2,95,219,E,N,E95N,E219N,-0.42
53512,E95D,1QM2,95,219,E,D,E95D,E219D,0.18
53513,E95Q,1QM2,95,219,E,Q,E95Q,E219Q,0.39
53514,E95G,1QM2,95,219,E,G,E95G,E219G,1.13
53515,E95H,1QM2,95,219,E,H,E95H,E219H,-0.56
53516,E95I,1QM2,95,219,E,I,E95I,E219I,-0.01
53517,E95L,1QM2,95,219,E,L,E95L,E219L,-3.2
53518,E95K,1QM2,95,219,E,K,E95K,E219K,-0.55
53519,E95M,1QM2,95,219,E,M,E95M,E219M,-3.3
53520,E95F,1QM2,95,219,E,F,E95F,E219F,0.1
53521,E95P,1QM2,95,219,E,P,E95P,E219P,11
53522,E95S,1QM2,95,219,E,S,E95S,E219S,-0.52
53523,E95T,1QM2,95,219,E,T,E95T,E219T,0.15
53524,E95W,1QM2,95,219,E,W,E95W,E219W,3.46
53525,E95Y,1QM2,95,219,E,Y,E95Y,E219Y,-2.6
53526,E95V,1QM2,95,219,E,V,E95V,E219V,0.43
53527,R96A,1QM2,96,220,R,A,R96A,R220A,-1.79
53528,R96N,1QM2,96,220,R,N,R96N,R220N,-1.85
53529,R96D,1QM2,96,220,R,D,R96D,R220D,-0.01
53530,R96E,1QM2,96,220,R,E,R96E,R220E,-2.13
53531,R96Q,1QM2,96,220,R,Q,R96Q,R220Q,-2.42
53532,R96G,1QM2,96,220,R,G,R96G,R220G,0.26
53533,R96H,1QM2,96,220,R,H,R96H,R220H,0.65
53534,R96I,1QM2,96,220,R,I,R96I,R220I,-1.37
53535,R96L,1QM2,96,220,R,L,R96L,R220L,-2.36
53536,R96K,1QM2,96,220,R,K,R96K,R220K,0.13
53537,R96M,1QM2,96,220,R,M,R96M,R220M,-4.55
53538,R96F,1QM2,96,220,R,F,R96F,R220F,0.09
53539,R96P,1QM2,96,220,R,P,R96P,R220P,11
53540,R96S,1QM2,96,220,R,S,R96S,R220S,-0.44
53541,R96T,1QM2,96,220,R,T,R96T,R220T,1.24
53542,R96W,1QM2,96,220,R,W,R96W,R220W,4.09
53543,R96Y,1QM2,96,220,R,Y,R96Y,R220Y,-1.54
53544,R96V,1QM2,96,220,R,V,R96V,R220V,-1.49
53545,E97A,1QM2,97,221,E,A,E97A,E221A,-0.28
53546,E97R,1QM2,97,221,E,R,E97R,E221R,-1.63
53547,E97N,1QM2,97,221,E,N,E97N,E221N,-1.23
53548,E97D,1QM2,97,221,E,D,E97D,E221D,-0.51
53549,E97Q,1QM2,97,221,E,Q,E97Q,E221Q,0.84
53550,E97G,1QM2,97,221,E,G,E97G,E221G,1.87
53551,E97H,1QM2,97,221,E,H,E97H,E221H,-0.44
53552,E97I,1QM2,97,221,E,I,E97I,E221I,-0.19
53553,E97L,1QM2,97,221,E,L,E97L,E221L,-1.49
53554,E97K,1QM2,97,221,E,K,E97K,E221K,0.99
53555,E97M,1QM2,97,221,E,M,E97M,E221M,-4.14
53556,E97F,1QM2,97,221,E,F,E97F,E221F,-0.35
53557,E97P,1QM2,97,221,E,P,E97P,E221P,2.88
53558,E97S,1QM2,97,221,E,S,E97S,E221S,1.31
53559,E97T,1QM2,97,221,E,T,E97T,E221T,-2.22
53560,E97W,1QM2,97,221,E,W,E97W,E221W,3.6
53561,E97Y,1QM2,97,221,E,Y,E97Y,E221Y,-3.37
53562,E97V,1QM2,97,221,E,V,E97V,E221V,-0.47
53563,S98A,1QM2,98,222,S,A,S98A,S222A,-0.87
53564,S98R,1QM2,98,222,S,R,S98R,S222R,-0.45
53565,S98N,1QM2,98,222,S,N,S98N,S222N,-1.52
53566,S98D,1QM2,98,222,S,D,S98D,S222D,2.16
53567,S98E,1QM2,98,222,S,E,S98E,S222E,0.86
53568,S98Q,1QM2,98,222,S,Q,S98Q,S222Q,-0.6
53569,S98G,1QM2,98,222,S,G,S98G,S222G,1.32
53570,S98H,1QM2,98,222,S,H,S98H,S222H,0.37
53571,S98I,1QM2,98,222,S,I,S98I,S222I,-1.31
53572,S98L,1QM2,98,222,S,L,S98L,S222L,0.76
53573,S98K,1QM2,98,222,S,K,S98K,S222K,1.4
53574,S98M,1QM2,98,222,S,M,S98M,S222M,-2.08
53575,S98F,1QM2,98,222,S,F,S98F,S222F,1.82
53576,S98P,1QM2,98,222,S,P,S98P,S222P,4.07
53577,S98T,1QM2,98,222,S,T,S98T,S222T,-0.33
53578,S98W,1QM2,98,222,S,W,S98W,S222W,4.94
53579,S98Y,1QM2,98,222,S,Y,S98Y,S222Y,-1.3
53580,S98V,1QM2,98,222,S,V,S98V,S222V,-0.07
53581,Q99A,1QM2,99,223,Q,A,Q99A,Q223A,-1.79
53582,Q99R,1QM2,99,223,Q,R,Q99R,Q223R,-1.4
53583,Q99N,1QM2,99,223,Q,N,Q99N,Q223N,-3.31
53584,Q99D,1QM2,99,223,Q,D,Q99D,Q223D,-3.56
53585,Q99E,1QM2,99,223,Q,E,Q99E,Q223E,-0.78
53586,Q99G,1QM2,99,223,Q,G,Q99G,Q223G,0.06
53587,Q99H,1QM2,99,223,Q,H,Q99H,Q223H,0.88
53588,Q99I,1QM2,99,223,Q,I,Q99I,Q223I,-2.26
53589,Q99L,1QM2,99,223,Q,L,Q99L,Q223L,-2.37
53590,Q99K,1QM2,99,223,Q,K,Q99K,Q223K,0.17
53591,Q99M,1QM2,99,223,Q,M,Q99M,Q223M,-2.93
53592,Q99F,1QM2,99,223,Q,F,Q99F,Q223F,1.72
53593,Q99P,1QM2,99,223,Q,P,Q99P,Q223P,11
53594,Q99S,1QM2,99,223,Q,S,Q99S,Q223S,-0.65
53595,Q99T,1QM2,99,223,Q,T,Q99T,Q223T,-0.4
53596,Q99W,1QM2,99,223,Q,W,Q99W,Q223W,5.96
53597,Q99Y,1QM2,99,223,Q,Y,Q99Y,Q223Y,-0.14
53598,Q99V,1QM2,99,223,Q,V,Q99V,Q223V,-1.8
53599,A100R,1QM2,100,224,A,R,A100R,A224R,-0.71
53600,A100N,1QM2,100,224,A,N,A100N,A224N,0.07
53601,A100D,1QM2,100,224,A,D,A100D,A224D,1.06
53602,A100E,1QM2,100,224,A,E,A100E,A224E,1.13
53603,A100Q,1QM2,100,224,A,Q,A100Q,A224Q,0.69
53604,A100G,1QM2,100,224,A,G,A100G,A224G,1.39
53605,A100H,1QM2,100,224,A,H,A100H,A224H,-0.28
53606,A100I,1QM2,100,224,A,I,A100I,A224I,-1.7
53607,A100L,1QM2,100,224,A,L,A100L,A224L,-1.37
53608,A100K,1QM2,100,224,A,K,A100K,A224K,2.17
53609,A100M,1QM2,100,224,A,M,A100M,A224M,-3.03
53610,A100F,1QM2,100,224,A,F,A100F,A224F,-0.41
53611,A100P,1QM2,100,224,A,P,A100P,A224P,1.82
53612,A100S,1QM2,100,224,A,S,A100S,A224S,1.3
53613,A100T,1QM2,100,224,A,T,A100T,A224T,0.38
53614,A100W,1QM2,100,224,A,W,A100W,A224W,2.68
53615,A100Y,1QM2,100,224,A,Y,A100Y,A224Y,-2.25
53616,A100V,1QM2,100,224,A,V,A100V,A224V,-1.56
53617,Y101A,1QM2,101,225,Y,A,Y101A,Y225A,2.25
53618,Y101R,1QM2,101,225,Y,R,Y101R,Y225R,1.54
53619,Y101N,1QM2,101,225,Y,N,Y101N,Y225N,2.31
53620,Y101D,1QM2,101,225,Y,D,Y101D,Y225D,3.3
53621,Y101E,1QM2,101,225,Y,E,Y101E,Y225E,3.37
53622,Y101Q,1QM2,101,225,Y,Q,Y101Q,Y225Q,2.94
53623,Y101G,1QM2,101,225,Y,G,Y101G,Y225G,3.63
53624,Y101H,1QM2,101,225,Y,H,Y101H,Y225H,1.96
53625,Y101I,1QM2,101,225,Y,I,Y101I,Y225I,0.54
53626,Y101L,1QM2,101,225,Y,L,Y101L,Y225L,0.88
53627,Y101K,1QM2,101,225,Y,K,Y101K,Y225K,4.41
53628,Y101M,1QM2,101,225,Y,M,Y101M,Y225M,-0.78
53629,Y101F,1QM2,101,225,Y,F,Y101F,Y225F,1.84
53630,Y101P,1QM2,101,225,Y,P,Y101P,Y225P,4.07
53631,Y101S,1QM2,101,225,Y,S,Y101S,Y225S,3.54
53632,Y101T,1QM2,101,225,Y,T,Y101T,Y225T,2.63
53633,Y101W,1QM2,101,225,Y,W,Y101W,Y225W,4.93
53634,Y101V,1QM2,101,225,Y,V,Y101V,Y225V,0.69
53635,Y102A,1QM2,102,226,Y,A,Y102A,Y226A,2.25
53636,Y102R,1QM2,102,226,Y,R,Y102R,Y226R,1.54
53637,Y102N,1QM2,102,226,Y,N,Y102N,Y226N,2.31
53638,Y102D,1QM2,102,226,Y,D,Y102D,Y226D,3.3
53639,Y102E,1QM2,102,226,Y,E,Y102E,Y226E,3.37
53640,Y102Q,1QM2,102,226,Y,Q,Y102Q,Y226Q,2.94
53641,Y102G,1QM2,102,226,Y,G,Y102G,Y226G,3.63
53642,Y102H,1QM2,102,226,Y,H,Y102H,Y226H,1.96
53643,Y102I,1QM2,102,226,Y,I,Y102I,Y226I,0.54
53644,Y102L,1QM2,102,226,Y,L,Y102L,Y226L,0.88
53645,Y102K,1QM2,102,226,Y,K,Y102K,Y226K,4.41
53646,Y102M,1QM2,102,226,Y,M,Y102M,Y226M,-0.78
53647,Y102F,1QM2,102,226,Y,F,Y102F,Y226F,1.84
53648,Y102P,1QM2,102,226,Y,P,Y102P,Y226P,4.07
53649,Y102S,1QM2,102,226,Y,S,Y102S,Y226S,3.54
53650,Y102T,1QM2,102,226,Y,T,Y102T,Y226T,2.63
53651,Y102W,1QM2,102,226,Y,W,Y102W,Y226W,4.93
53652,Y102V,1QM2,102,226,Y,V,Y102V,Y226V,0.69
53653,Q103A,1QM2,103,227,Q,A,Q103A,Q227A,-0.69
53654,Q103R,1QM2,103,227,Q,R,Q103R,Q227R,-1.4
53655,Q103N,1QM2,103,227,Q,N,Q103N,Q227N,-0.63
53656,Q103D,1QM2,103,227,Q,D,Q103D,Q227D,0.36
53657,Q103E,1QM2,103,227,Q,E,Q103E,Q227E,0.43
53658,Q103G,1QM2,103,227,Q,G,Q103G,Q227G,0.69
53659,Q103H,1QM2,103,227,Q,H,Q103H,Q227H,-0.98
53660,Q103I,1QM2,103,227,Q,I,Q103I,Q227I,-2.4
53661,Q103L,1QM2,103,227,Q,L,Q103L,Q227L,-2.06
53662,Q103K,1QM2,103,227,Q,K,Q103K,Q227K,1.47
53663,Q103M,1QM2,103,227,Q,M,Q103M,Q227M,-3.72
53664,Q103F,1QM2,103,227,Q,F,Q103F,Q227F,-1.1
53665,Q103P,1QM2,103,227,Q,P,Q103P,Q227P,1.13
53666,Q103S,1QM2,103,227,Q,S,Q103S,Q227S,0.6
53667,Q103T,1QM2,103,227,Q,T,Q103T,Q227T,-0.31
53668,Q103W,1QM2,103,227,Q,W,Q103W,Q227W,1.99
53669,Q103Y,1QM2,103,227,Q,Y,Q103Y,Q227Y,-2.94
53670,Q103V,1QM2,103,227,Q,V,Q103V,Q227V,-2.25
53671,R104A,1QM2,104,228,R,A,R104A,R228A,0.71
53672,R104N,1QM2,104,228,R,N,R104N,R228N,0.77
53673,R104D,1QM2,104,228,R,D,R104D,R228D,1.76
53674,R104E,1QM2,104,228,R,E,R104E,R228E,1.83
53675,R104Q,1QM2,104,228,R,Q,R104Q,R228Q,1.4
53676,R104G,1QM2,104,228,R,G,R104G,R228G,2.1
53677,R104H,1QM2,104,228,R,H,R104H,R228H,0.42
53678,R104I,1QM2,104,228,R,I,R104I,R228I,-0.99
53679,R104L,1QM2,104,228,R,L,R104L,R228L,-0.66
53680,R104K,1QM2,104,228,R,K,R104K,R228K,2.88
53681,R104M,1QM2,104,228,R,M,R104M,R228M,-2.32
53682,R104F,1QM2,104,228,R,F,R104F,R228F,0.3
53683,R104P,1QM2,104,228,R,P,R104P,R228P,2.53
53684,R104S,1QM2,104,228,R,S,R104S,R228S,2
53685,R104T,1QM2,104,228,R,T,R104T,R228T,1.09
53686,R104W,1QM2,104,228,R,W,R104W,R228W,3.39
53687,R104Y,1QM2,104,228,R,Y,R104Y,R228Y,-1.54
53688,R104V,1QM2,104,228,R,V,R104V,R228V,-0.85