pdbID,trialCode,mutID,ddG
1I4M,1,G127V,-2.24
1I4M,1,M129V,1.02
1I4M,1,G131V,-1.79
1I4M,1,S132I,-3
1I4M,1,A133V,-1.26
1I4M,1,I138M,-0.51
1I4M,1,G142S,2.6
1I4M,1,R148H,0.42
1I4M,1,D167N,-0.99
1I4M,1,N171S,4.63
1I4M,1,N173K,2.48
1I4M,1,V176G,8.42
1I4M,1,D178N,-0.87
1I4M,1,V180I,1.62
1I4M,1,T183A,1.12
1I4M,1,H187R,1.33
1I4M,1,T188K,2.34
1I4M,1,T188R,0.39
1I4M,1,T188A,-0.18
1I4M,1,V189I,3.03
1I4M,1,T193I,-2.74
1I4M,1,K194E,1.87
1I4M,1,E196K,1.04
1I4M,1,E196A,-1.13
1I4M,1,F198V,-0.82
1I4M,1,F198S,2.32
1I4M,1,E200K,0.55
1I4M,1,E200G,0.88
1I4M,1,D202N,-0.38
1I4M,1,D202G,1.35
1I4M,1,V203I,2.99
1I4M,1,V203G,5.29
1I4M,1,R208H,2.22
1I4M,1,V210I,-1.42
1I4M,1,E211Q,0.71
1I4M,1,E211D,0.89
1I4M,1,Q212H,0.46
1I4M,1,Q212P,1.06
1I4M,1,I215V,0.25
1I4M,1,Q217R,-3.4
1I4M,1,Y218N,-5.82
1I4M,1,E219K,1.04
1I4M,1,A224V,-1.56
1I4M,2,G127V,-1.53
1I4M,2,M129V,2.17
1I4M,2,G131V,-0.07
1I4M,2,S132I,-3
1I4M,2,A133V,-0.77
1I4M,2,I138M,-0.33
1I4M,2,G142S,4.95
1I4M,2,R148H,0.42
1I4M,2,D167N,-0.99
1I4M,2,N171S,6
1I4M,2,N173K,2.14
1I4M,2,V176G,9.55
1I4M,2,D178N,4.8
1I4M,2,V180I,1.04
1I4M,2,T183A,1.23
1I4M,2,H187R,-0.92
1I4M,2,T188K,2.79
1I4M,2,T188R,0.81
1I4M,2,T188A,2.06
1I4M,2,V189I,3.38
1I4M,2,T193I,-3.82
1I4M,2,K194E,2.18
1I4M,2,E196K,1.04
1I4M,2,E196A,-2.6
1I4M,2,F198V,0.09
1I4M,2,F198S,3.6
1I4M,2,E200K,0.54
1I4M,2,E200G,3.1
1I4M,2,D202N,-0.8
1I4M,2,D202G,1.7
1I4M,2,V203I,1.61
1I4M,2,V203G,6.87
1I4M,2,R208H,2.96
1I4M,2,V210I,-0.83
1I4M,2,E211Q,0.94
1I4M,2,E211D,1.19
1I4M,2,Q212H,2.08
1I4M,2,Q212P,2.55
1I4M,2,I215V,2.21
1I4M,2,Q217R,-2.93
1I4M,2,Y218N,-5.38
1I4M,2,E219K,1.04
1I4M,2,A224V,-1.56
1I4M,3,G127V,-0.25
1I4M,3,M129V,2.32
1I4M,3,G131V,0.22
1I4M,3,S132I,-2.15
1I4M,3,A133V,2.37
1I4M,3,I138M,2.22
1I4M,3,G142S,5.44
1I4M,3,R148H,0.64
1I4M,3,D167N,-0.84
1I4M,3,N171S,5.41
1I4M,3,N173K,4.94
1I4M,3,V176G,11
1I4M,3,D178N,-1.7
1I4M,3,V180I,3.12
1I4M,3,T183A,1.29
1I4M,3,H187R,4
1I4M,3,T188K,2.3
1I4M,3,T188R,2.16
1I4M,3,T188A,1.41
1I4M,3,V189I,5.44
1I4M,3,T193I,1.92
1I4M,3,K194E,3.08
1I4M,3,E196K,1.24
1I4M,3,E196A,0.31
1I4M,3,F198V,-3.37
1I4M,3,F198S,1.81
1I4M,3,E200K,2.97
1I4M,3,E200G,1.63
1I4M,3,D202N,-0.59
1I4M,3,D202G,2.61
1I4M,3,V203I,5.19
1I4M,3,V203G,5.88
1I4M,3,R208H,3.58
1I4M,3,V210I,0.42
1I4M,3,E211Q,2.65
1I4M,3,E211D,2.49
1I4M,3,Q212H,2.4
1I4M,3,Q212P,1.61
1I4M,3,I215V,-1.99
1I4M,3,Q217R,0.45
1I4M,3,Y218N,-5.2
1I4M,3,E219K,1.24
1I4M,3,A224V,-1.17
1I4M,4,G127V,-2.42
1I4M,4,M129V,-1.31
1I4M,4,G131V,-0.64
1I4M,4,S132I,-2.15
1I4M,4,A133V,-2.37
1I4M,4,I138M,-0.84
1I4M,4,G142S,3.9
1I4M,4,R148H,0.64
1I4M,4,D167N,-0.84
1I4M,4,N171S,3.02
1I4M,4,N173K,0.42
1I4M,4,V176G,8.4
1I4M,4,D178N,-1.7
1I4M,4,V180I,0.79
1I4M,4,T183A,-0.11
1I4M,4,H187R,0.18
1I4M,4,T188K,0.59
1I4M,4,T188R,0.78
1I4M,4,T188A,-0.11
1I4M,4,V189I,1.1
1I4M,4,T193I,-2.33
1I4M,4,K194E,1.37
1I4M,4,E196K,1.24
1I4M,4,E196A,-1.47
1I4M,4,F198V,-2.16
1I4M,4,F198S,1.11
1I4M,4,E200K,1.19
1I4M,4,E200G,-0.46
1I4M,4,D202N,-1.13
1I4M,4,D202G,0.23
1I4M,4,V203I,2.66
1I4M,4,V203G,3.11
1I4M,4,R208H,1.76
1I4M,4,V210I,-1.15
1I4M,4,E211Q,-0.49
1I4M,4,E211D,0.71
1I4M,4,Q212H,0.79
1I4M,4,Q212P,-0.36
1I4M,4,I215V,-1.85
1I4M,4,Q217R,-2.86
1I4M,4,Y218N,-5.44
1I4M,4,E219K,1.24
1I4M,4,A224V,-1.17
1QM2,1,G127V,-0.61
1QM2,1,M129V,5.75
1QM2,1,G131V,-2.18
1QM2,1,S132I,-1.05
1QM2,1,A133V,0.06
1QM2,1,I138M,-1.65
1QM2,1,G142S,1.54
1QM2,1,R148H,2.28
1QM2,1,D167N,-0.99
1QM2,1,N171S,7.19
1QM2,1,N173K,1.61
1QM2,1,V176G,2.11
1QM2,1,D178N,0.95
1QM2,1,V180I,-0.14
1QM2,1,T183A,-3.22
1QM2,1,H187R,9.50
1QM2,1,T188K,0.61
1QM2,1,T188R,0.05
1QM2,1,T188A,1.42
1QM2,1,V189I,2.59
1QM2,1,T193I,-5.79
1QM2,1,K194E,0.55
1QM2,1,E196K,-0.79
1QM2,1,E196A,-0.97
1QM2,1,F198V,-1.15
1QM2,1,F198S,4.73
1QM2,1,E200K,2.49
1QM2,1,E200G,0.95
1QM2,1,D202N,1.98
1QM2,1,D202G,4.89
1QM2,1,V203I,7.21
1QM2,1,V203G,4.31
1QM2,1,R208H,1.97
1QM2,1,V210I,-0.14
1QM2,1,E211Q,-0.32
1QM2,1,E211D,-1.83
1QM2,1,Q212H,3.18
1QM2,1,Q212P,11.00
1QM2,1,I215V,3.06
1QM2,1,Q217R,-2.21
1QM2,1,Y218N,3.63
1QM2,1,E219K,-0.55
1QM2,1,A224V,-1.56
1QM2,2,G127V,-3.13
1QM2,2,M129V,3.46
1QM2,2,G131V,-2.50
1QM2,2,S132I,-1.68
1QM2,2,A133V,1.58
1QM2,2,I138M,-0.98
1QM2,2,G142S,0.50
1QM2,2,R148H,3.82
1QM2,2,D167N,-0.99
1QM2,2,N171S,4.56
1QM2,2,N173K,2.11
1QM2,2,V176G,5.86
1QM2,2,D178N,1.28
1QM2,2,V180I,-0.14
1QM2,2,T183A,-1.22
1QM2,2,H187R,7.33
1QM2,2,T188K,1.92
1QM2,2,T188R,0.75
1QM2,2,T188A,0.50
1QM2,2,V189I,3.03
1QM2,2,T193I,-1.71
1QM2,2,K194E,1.05
1QM2,2,E196K,-0.19
1QM2,2,E196A,-1.04
1QM2,2,F198V,-1.15
1QM2,2,F198S,4.55
1QM2,2,E200K,1.97
1QM2,2,E200G,6.31
1QM2,2,D202N,-0.12
1QM2,2,D202G,4.73
1QM2,2,V203I,3.52
1QM2,2,V203G,3.88
1QM2,2,R208H,3.93
1QM2,2,V210I,-0.14
1QM2,2,E211Q,2.23
1QM2,2,E211D,-1.26
1QM2,2,Q212H,-1.86
1QM2,2,Q212P,11.00
1QM2,2,I215V,5.21
1QM2,2,Q217R,-2.16
1QM2,2,Y218N,2.06
1QM2,2,E219K,1.36
1QM2,2,A224V,-1.56
1QM2,3,G127V,-7.35
1QM2,3,M129V,3.13
1QM2,3,G131V,-2.28
1QM2,3,S132I,-0.94
1QM2,3,A133V,-0.08
1QM2,3,I138M,-3.09
1QM2,3,G142S,2.37
1QM2,3,R148H,-1.26
1QM2,3,D167N,-0.84
1QM2,3,N171S,2.08
1QM2,3,N173K,3.42
1QM2,3,V176G,3.35
1QM2,3,D178N,0.36
1QM2,3,V180I,-0.05
1QM2,3,T183A,-0.34
1QM2,3,H187R,0.99
1QM2,3,T188K,-2.37
1QM2,3,T188R,1.38
1QM2,3,T188A,-1.91
1QM2,3,V189I,3.66
1QM2,3,T193I,-1.78
1QM2,3,K194E,-0.37
1QM2,3,E196K,-0.19
1QM2,3,E196A,-1.51
1QM2,3,F198V,-0.43
1QM2,3,F198S,3.37
1QM2,3,E200K,2.64
1QM2,3,E200G,11.00
1QM2,3,D202N,0.04
1QM2,3,D202G,3.88
1QM2,3,V203I,-4.25
1QM2,3,V203G,1.87
1QM2,3,R208H,0.51
1QM2,3,V210I,-0.05
1QM2,3,E211Q,1.74
1QM2,3,E211D,0.79
1QM2,3,Q212H,-3.03
1QM2,3,Q212P,11.00
1QM2,3,I215V,3.78
1QM2,3,Q217R,-1.89
1QM2,3,Y218N,1.33
1QM2,3,E219K,0.25
1QM2,3,A224V,-1.17
1QM2,4,G127V,-2.62
1QM2,4,M129V,3.78
1QM2,4,G131V,0.63
1QM2,4,S132I,0.83
1QM2,4,A133V,1.97
1QM2,4,I138M,-1.87
1QM2,4,G142S,0.19
1QM2,4,R148H,3.12
1QM2,4,D167N,-0.84
1QM2,4,N171S,6.03
1QM2,4,N173K,2.92
1QM2,4,V176G,6.61
1QM2,4,D178N,-0.12
1QM2,4,V180I,-0.05
1QM2,4,T183A,0.26
1QM2,4,H187R,6.31
1QM2,4,T188K,2.07
1QM2,4,T188R,1.51
1QM2,4,T188A,0.72
1QM2,4,V189I,2.89
1QM2,4,T193I,-0.80
1QM2,4,K194E,0.04
1QM2,4,E196K,0.63
1QM2,4,E196A,-0.53
1QM2,4,F198V,-0.43
1QM2,4,F198S,5.10
1QM2,4,E200K,1.92
1QM2,4,E200G,5.52
1QM2,4,D202N,0.49
1QM2,4,D202G,3.65
1QM2,4,V203I,1.58
1QM2,4,V203G,3.73
1QM2,4,R208H,-3.46
1QM2,4,V210I,-0.05
1QM2,4,E211Q,1.23
1QM2,4,E211D,-0.11
1QM2,4,Q212H,-1.23
1QM2,4,Q212P,11.00
1QM2,4,I215V,4.90
1QM2,4,Q217R,-1.06
1QM2,4,Y218N,2.31
1QM2,4,E219K,1.45
1QM2,4,A224V,-1.17