resn,wt,mut,ID,ddG,Infectious
125,L,A,L125A,-0.15,0
125,L,R,L125R,2.17,0
125,L,N,L125N,1.35,0
125,L,D,L125D,0.7,0
125,L,E,L125E,-1.01,0
125,L,Q,L125Q,0.77,0
125,L,G,L125G,2.16,0
125,L,H,L125H,0.26,0
125,L,I,L125I,-3.22,0
125,L,K,L125K,3.47,0
125,L,M,L125M,-1.59,0
125,L,F,L125F,0.51,0
125,L,P,L125P,5.11,0
125,L,S,L125S,1.15,0
125,L,T,L125T,-0.98,0
125,L,W,L125W,8.84,0
125,L,Y,L125Y,2.19,0
125,L,V,L125V,-1.5,0
126,G,A,G126A,-0.01,0
126,G,R,G126R,2.27,0
126,G,N,G126N,-0.81,0
126,G,D,G126D,-0.2,0
126,G,E,G126E,-1.35,0
126,G,Q,G126Q,-0.69,0
126,G,H,G126H,-1.67,0
126,G,I,G126I,-3.09,0
126,G,L,G126L,-1.66,0
126,G,K,G126K,4.07,0
126,G,M,G126M,-4.42,0
126,G,F,G126F,-1.8,0
126,G,P,G126P,0.43,0
126,G,S,G126S,0.75,0
126,G,T,G126T,0.82,0
126,G,W,G126W,1.29,0
126,G,Y,G126Y,-3.63,0
126,G,V,G126V,-2.04,0
127,G,A,G127A,-1.98,0
127,G,R,G127R,-3.26,0
127,G,N,G127N,-2.81,0
127,G,D,G127D,-3.51,0
127,G,E,G127E,-2.36,0
127,G,Q,G127Q,-0.86,0
127,G,H,G127H,-3.07,0
127,G,I,G127I,1.53,0
127,G,L,G127L,-5.03,0
127,G,K,G127K,0.01,0
127,G,M,G127M,-4.42,0
127,G,F,G127F,-2.94,0
127,G,P,G127P,5.01,0
127,G,S,G127S,-2.21,0
127,G,T,G127T,-2.67,0
127,G,W,G127W,5.87,0
127,G,Y,G127Y,-3.88,0
127,G,V,G127V,-0.61,1
128,Y,A,Y128A,1.85,0
128,Y,R,Y128R,0.35,0
128,Y,N,Y128N,0.27,0
128,Y,D,Y128D,0.99,0
128,Y,E,Y128E,-0.38,0
128,Y,Q,Y128Q,0.87,0
128,Y,G,Y128G,4.6,0
128,Y,H,Y128H,2.18,0
128,Y,I,Y128I,1.61,0
128,Y,L,Y128L,0.88,0
128,Y,K,Y128K,2.91,0
128,Y,M,Y128M,-1.58,0
128,Y,F,Y128F,1.9,0
128,Y,P,Y128P,6.61,0
128,Y,S,Y128S,2.54,0
128,Y,T,Y128T,0.63,0
128,Y,W,Y128W,7.8,0
128,Y,V,Y128V,-0.89,0
129,M,A,M129A,4.42,0
129,M,R,M129R,4.52,0
129,M,N,M129N,2.41,0
129,M,D,M129D,1.57,0
129,M,E,M129E,3.98,0
129,M,Q,M129Q,4.9,0
129,M,G,M129G,5.04,0
129,M,H,M129H,3.1,0
129,M,I,M129I,3.39,0
129,M,L,M129L,1.37,0
129,M,K,M129K,4.51,0
129,M,F,M129F,5.83,0
129,M,P,M129P,7.93,0
129,M,S,M129S,4.33,0
129,M,T,M129T,5.63,0
129,M,W,M129W,6.22,0
129,M,Y,M129Y,6.33,0
129,M,V,M129V,5.75,1
130,L,A,L130A,1.37,0
130,L,R,L130R,1.18,0
130,L,N,L130N,2.14,0
130,L,D,L130D,1.78,0
130,L,E,L130E,1.07,0
130,L,Q,L130Q,2.42,0
130,L,G,L130G,3.76,0
130,L,H,L130H,2.62,0
130,L,I,L130I,-0.61,0
130,L,K,L130K,4.43,0
130,L,M,L130M,0.01,0
130,L,F,L130F,0.73,0
130,L,P,L130P,6.06,0
130,L,S,L130S,3.67,0
130,L,T,L130T,1.64,0
130,L,W,L130W,7.19,0
130,L,Y,L130Y,-0.42,0
130,L,V,L130V,-1.91,0
131,G,A,G131A,-1.69,0
131,G,R,G131R,-0.78,0
131,G,N,G131N,-1.53,0
131,G,D,G131D,0.69,0
131,G,E,G131E,-1.47,0
131,G,Q,G131Q,-0.88,0
131,G,H,G131H,-1.18,0
131,G,I,G131I,-2.74,0
131,G,L,G131L,-0.36,0
131,G,K,G131K,1.09,0
131,G,M,G131M,-4.42,0
131,G,F,G131F,1.12,0
131,G,P,G131P,4.42,0
131,G,S,G131S,-1.13,0
131,G,T,G131T,-1.43,0
131,G,W,G131W,4.08,0
131,G,Y,G131Y,2.79,0
131,G,V,G131V,-2.18,1
132,S,A,S132A,-0.88,0
132,S,R,S132R,1.66,0
132,S,N,S132N,-0.13,0
132,S,D,S132D,-0.97,0
132,S,E,S132E,-0.22,0
132,S,Q,S132Q,1.05,0
132,S,G,S132G,1.28,0
132,S,H,S132H,-1.29,0
132,S,I,S132I,-1.05,1
132,S,L,S132L,1.08,0
132,S,K,S132K,2.09,0
132,S,M,S132M,-1.91,0
132,S,F,S132F,2.65,0
132,S,P,S132P,2.61,0
132,S,T,S132T,1.08,0
132,S,W,S132W,3.37,0
132,S,Y,S132Y,-0.28,0
132,S,V,S132V,-0.63,0
133,A,R,A133R,-0.71,0
133,A,N,A133N,2.08,0
133,A,D,A133D,4.49,0
133,A,E,A133E,1.75,0
133,A,Q,A133Q,2.78,0
133,A,G,A133G,4.02,0
133,A,H,A133H,6.68,0
133,A,I,A133I,0.29,0
133,A,L,A133L,1.86,0
133,A,K,A133K,7.19,0
133,A,M,A133M,0.71,0
133,A,F,A133F,>10,0
133,A,P,A133P,2.23,0
133,A,S,A133S,2.6,0
133,A,T,A133T,3.1,0
133,A,W,A133W,>10,0
133,A,Y,A133Y,>10,0
133,A,V,A133V,0.06,1
134,M,A,M134A,5.69,0
134,M,R,M134R,5.93,0
134,M,N,M134N,8.49,0
134,M,D,M134D,>10,0
134,M,E,M134E,7.53,0
134,M,Q,M134Q,6.56,0
134,M,G,M134G,6.37,0
134,M,H,M134H,9.16,0
134,M,I,M134I,8.32,0
134,M,L,M134L,8.34,0
134,M,K,M134K,9.22,0
134,M,F,M134F,6.1,0
134,M,P,M134P,4.85,0
134,M,S,M134S,6.31,0
134,M,T,M134T,8.4,0
134,M,W,M134W,5.89,0
134,M,Y,M134Y,6.68,0
134,M,V,M134V,7.85,0
135,S,A,S135A,3.14,0
135,S,R,S135R,0.8,0
135,S,N,S135N,0.68,0
135,S,D,S135D,1.7,0
135,S,E,S135E,1.7,0
135,S,Q,S135Q,1,0
135,S,G,S135G,4.56,0
135,S,H,S135H,-0.99,0
135,S,I,S135I,-3,0
135,S,L,S135L,-1.5,0
135,S,K,S135K,3,0
135,S,M,S135M,-2.36,0
135,S,F,S135F,1.05,0
135,S,P,S135P,1.8,0
135,S,T,S135T,1.67,0
135,S,W,S135W,5.89,0
135,S,Y,S135Y,-1.1,0
135,S,V,S135V,-1.96,0
136,R,A,R136A,1.86,0
136,R,N,R136N,1.86,0
136,R,D,R136D,3.66,0
136,R,E,R136E,3.64,0
136,R,Q,R136Q,3.97,0
136,R,G,R136G,5.28,0
136,R,H,R136H,2.2,0
136,R,I,R136I,-0.99,0
136,R,L,R136L,4.17,0
136,R,K,R136K,4.35,0
136,R,M,R136M,-0.44,0
136,R,F,R136F,6.39,0
136,R,P,R136P,6.05,0
136,R,S,R136S,4.88,0
136,R,T,R136T,2,0
136,R,W,R136W,8,0
136,R,Y,R136Y,3.6,0
136,R,V,R136V,1.13,0
137,P,A,P137A,-0.83,0
137,P,R,P137R,-0.19,0
137,P,N,P137N,-0.94,0
137,P,D,P137D,-1.17,0
137,P,E,P137E,-0.79,0
137,P,Q,P137Q,0.09,0
137,P,G,P137G,2,0
137,P,H,P137H,-2.1,0
137,P,I,P137I,-0.94,0
137,P,L,P137L,-1.32,0
137,P,K,P137K,0.3,0
137,P,M,P137M,-2.36,0
137,P,F,P137F,2.26,0
137,P,S,P137S,0.34,0
137,P,T,P137T,0.12,0
137,P,W,P137W,5.87,0
137,P,Y,P137Y,-0.19,0
137,P,V,P137V,-2.21,0
138,I,A,I138A,4.93,0
138,I,R,I138R,1.91,0
138,I,N,I138N,2.96,0
138,I,D,I138D,0.16,0
138,I,E,I138E,1.68,0
138,I,Q,I138Q,2.28,0
138,I,G,I138G,4.36,0
138,I,H,I138H,2.27,0
138,I,L,I138L,1.97,0
138,I,K,I138K,5.71,0
138,I,M,I138M,-1.65,1
138,I,F,I138F,1.29,0
138,I,P,I138P,8.81,0
138,I,S,I138S,3.14,0
138,I,T,I138T,3.95,0
138,I,W,I138W,6.17,0
138,I,Y,I138Y,-0.48,0
138,I,V,I138V,1.36,0
139,I,A,I139A,2.19,0
139,I,R,I139R,0.27,0
139,I,N,I139N,0.62,0
139,I,D,I139D,1.92,0
139,I,E,I139E,1,0
139,I,Q,I139Q,2.14,0
139,I,G,I139G,4.3,0
139,I,H,I139H,4.2,0
139,I,L,I139L,0.79,0
139,I,K,I139K,3.23,0
139,I,M,I139M,0.33,0
139,I,F,I139F,4.64,0
139,I,P,I139P,4.97,0
139,I,S,I139S,3,0
139,I,T,I139T,3.68,0
139,I,W,I139W,9.03,0
139,I,Y,I139Y,2.08,0
139,I,V,I139V,3.96,0
140,H,A,H140A,3.98,0
140,H,R,H140R,1.23,0
140,H,N,H140N,3.05,0
140,H,D,H140D,1.34,0
140,H,E,H140E,1.06,0
140,H,Q,H140Q,3.15,0
140,H,G,H140G,4.96,0
140,H,I,H140I,4.1,0
140,H,L,H140L,3.03,0
140,H,K,H140K,4.84,0
140,H,M,H140M,0.31,0
140,H,F,H140F,5.78,0
140,H,P,H140P,5.64,0
140,H,S,H140S,3.82,0
140,H,T,H140T,3.69,0
140,H,W,H140W,9.42,0
140,H,Y,H140Y,3.55,0
140,H,V,H140V,3.39,0
141,F,A,F141A,-0.79,0
141,F,R,F141R,-0.57,0
141,F,N,F141N,0.38,0
141,F,D,F141D,0.87,0
141,F,E,F141E,-0.92,0
141,F,Q,F141Q,2.65,0
141,F,G,F141G,2.73,0
141,F,H,F141H,1.21,0
141,F,I,F141I,-0.29,0
141,F,L,F141L,-1.02,0
141,F,K,F141K,2.06,0
141,F,M,F141M,-1.07,0
141,F,F,F141F,1.47,0
141,F,P,F141P,8.83,0
141,F,S,F141S,-0.4,0
141,F,T,F141T,0.91,0
141,F,W,F141W,4.57,0
141,F,Y,F141Y,-1.84,0
141,F,V,F141V,-1.35,0
142,G,A,G142A,-0.15,0
142,G,R,G142R,-0.02,0
142,G,N,G142N,-1.53,0
142,G,D,G142D,-0.76,0
142,G,E,G142E,-0.26,0
142,G,Q,G142Q,-0.01,0
142,G,H,G142H,0.51,0
142,G,I,G142I,1.75,0
142,G,L,G142L,-2.3,0
142,G,K,G142K,-0.97,0
142,G,M,G142M,-4.7,0
142,G,F,G142F,-2.67,0
142,G,P,G142P,7.74,0
142,G,S,G142S,1.54,1
142,G,T,G142T,-1.03,0
142,G,W,G142W,3.17,0
142,G,Y,G142Y,-3.63,0
142,G,V,G142V,1.01,0
143,S,A,S143A,-0.16,0
143,S,R,S143R,-0.42,0
143,S,N,S143N,0.07,0
143,S,D,S143D,-0.24,0
143,S,E,S143E,-0.71,0
143,S,Q,S143Q,1.94,0
143,S,G,S143G,2.63,0
143,S,H,S143H,6.18,0
143,S,I,S143I,-3.47,0
143,S,L,S143L,0.4,0
143,S,K,S143K,1.19,0
143,S,M,S143M,-2.09,0
143,S,F,S143F,4.91,0
143,S,P,S143P,>10,0
143,S,T,S143T,4.64,0
143,S,W,S143W,9.54,0
143,S,Y,S143Y,3.72,0
143,S,V,S143V,-1.92,0
144,D,A,D144A,-2.64,0
144,D,R,D144R,-1.76,0
144,D,N,D144N,-1.93,0
144,D,E,D144E,-2.97,0
144,D,Q,D144Q,-0.52,0
144,D,G,D144G,0.76,0
144,D,H,D144H,-0.43,0
144,D,I,D144I,-3.34,0
144,D,L,D144L,-1.34,0
144,D,K,D144K,-0.08,0
144,D,M,D144M,-2.98,0
144,D,F,D144F,0.83,0
144,D,P,D144P,>10,0
144,D,S,D144S,-0.92,0
144,D,T,D144T,-1.41,0
144,D,W,D144W,4.53,0
144,D,Y,D144Y,-1.01,0
144,D,V,D144V,-3.63,0
145,Y,A,Y145A,2.3,0
145,Y,R,Y145R,0.5,0
145,Y,N,Y145N,2.81,0
145,Y,D,Y145D,3.6,0
145,Y,E,Y145E,2.95,0
145,Y,Q,Y145Q,3.36,0
145,Y,G,Y145G,5.83,0
145,Y,H,Y145H,2.17,0
145,Y,I,Y145I,2.84,0
145,Y,L,Y145L,0.33,0
145,Y,K,Y145K,3.43,0
145,Y,M,Y145M,0.45,0
145,Y,F,Y145F,2.95,0
145,Y,P,Y145P,>10,0
145,Y,S,Y145S,5.46,0
145,Y,T,Y145T,4.8,0
145,Y,W,Y145W,5.89,0
145,Y,V,Y145V,4.32,0
146,E,A,E146A,-2.61,0
146,E,R,E146R,-5.23,0
146,E,N,E146N,-2.27,0
146,E,D,E146D,-0.95,0
146,E,Q,E146Q,-1.72,0
146,E,G,E146G,0.94,0
146,E,H,E146H,-3.52,0
146,E,I,E146I,0.13,0
146,E,L,E146L,-5.39,0
146,E,K,E146K,-2.52,0
146,E,M,E146M,-10.04,0
146,E,F,E146F,-4.77,0
146,E,P,E146P,>10,0
146,E,S,E146S,-2.24,0
146,E,T,E146T,-4.91,0
146,E,W,E146W,-2.53,0
146,E,Y,E146Y,-3.37,0
146,E,V,E146V,-2.19,0
147,D,A,D147A,1.49,0
147,D,R,D147R,-1.76,0
147,D,N,D147N,1.79,0
147,D,E,D147E,1.34,0
147,D,Q,D147Q,1.5,0
147,D,G,D147G,4.51,0
147,D,H,D147H,-0.23,0
147,D,I,D147I,4.66,0
147,D,L,D147L,-0.54,0
147,D,K,D147K,1.84,0
147,D,M,D147M,-1.56,0
147,D,F,D147F,1.03,0
147,D,P,D147P,>10,0
147,D,S,D147S,1.27,0
147,D,T,D147T,1.94,0
147,D,W,D147W,5.15,0
147,D,Y,D147Y,-1.7,0
147,D,V,D147V,1.8,0
148,R,A,R148A,3.96,0
148,R,N,R148N,2.12,0
148,R,D,R148D,1.19,0
148,R,E,R148E,1.83,0
148,R,Q,R148Q,4.05,0
148,R,G,R148G,7.18,0
148,R,H,R148H,2.28,1
148,R,I,R148I,3.53,0
148,R,L,R148L,3.15,0
148,R,K,R148K,6.28,0
148,R,M,R148M,1.22,0
148,R,F,R148F,5.61,0
148,R,P,R148P,>10,0
148,R,S,R148S,5.46,0
148,R,T,R148T,5.67,0
148,R,W,R148W,9.15,0
148,R,Y,R148Y,2.25,0
148,R,V,R148V,5.5,0
149,Y,A,Y149A,5.1,0
149,Y,R,Y149R,4.22,0
149,Y,N,Y149N,2.31,0
149,Y,D,Y149D,6.62,0
149,Y,E,Y149E,7.72,0
149,Y,Q,Y149Q,5.63,0
149,Y,G,Y149G,9.02,0
149,Y,H,Y149H,5.17,0
149,Y,I,Y149I,>10,0
149,Y,L,Y149L,3.88,0
149,Y,K,Y149K,7.01,0
149,Y,M,Y149M,4.13,0
149,Y,F,Y149F,6.42,0
149,Y,P,Y149P,>10,0
149,Y,S,Y149S,7.34,0
149,Y,T,Y149T,7.22,0
149,Y,W,Y149W,>10,0
149,Y,V,Y149V,>10,0
150,Y,A,Y150A,1.25,0
150,Y,R,Y150R,0.52,0
150,Y,N,Y150N,3.09,0
150,Y,D,Y150D,4.63,0
150,Y,E,Y150E,1.55,0
150,Y,Q,Y150Q,2.93,0
150,Y,G,Y150G,5.3,0
150,Y,H,Y150H,2.21,0
150,Y,I,Y150I,9.2,0
150,Y,L,Y150L,>10,0
150,Y,K,Y150K,2.69,0
150,Y,M,Y150M,-0.78,0
150,Y,F,Y150F,3.67,0
150,Y,P,Y150P,>10,0
150,Y,S,Y150S,2.79,0
150,Y,T,Y150T,6.05,0
150,Y,W,Y150W,4.6,0
150,Y,V,Y150V,3.87,0
151,R,A,R151A,-2.68,0
151,R,N,R151N,-0.37,0
151,R,D,R151D,-0.06,0
151,R,E,R151E,-0.01,0
151,R,Q,R151Q,1.49,0
151,R,G,R151G,1.3,0
151,R,H,R151H,0.42,0
151,R,I,R151I,-1.25,0
151,R,L,R151L,-0.33,0
151,R,K,R151K,1.14,0
151,R,M,R151M,-2.39,0
151,R,F,R151F,1.64,0
151,R,P,R151P,8.34,0
151,R,S,R151S,-0.5,0
151,R,T,R151T,0.1,0
151,R,W,R151W,6.5,0
151,R,Y,R151Y,-1.38,0
151,R,V,R151V,-0.69,0
152,E,A,E152A,-1.52,0
152,E,R,E152R,-1.83,0
152,E,N,E152N,-1.5,0
152,E,D,E152D,-0.54,0
152,E,Q,E152Q,-0.25,0
152,E,G,E152G,1.2,0
152,E,H,E152H,-1.33,0
152,E,I,E152I,-1.96,0
152,E,L,E152L,-2.57,0
152,E,K,E152K,1.07,0
152,E,M,E152M,-6.57,0
152,E,F,E152F,0.02,0
152,E,P,E152P,>10,0
152,E,S,E152S,-1.01,0
152,E,T,E152T,-1.69,0
152,E,W,E152W,3.25,0
152,E,Y,E152Y,-2.06,0
152,E,V,E152V,-3.06,0
153,N,A,N153A,1.8,0
153,N,R,N153R,2.22,0
153,N,D,N153D,7.09,0
153,N,E,N153E,6.92,0
153,N,Q,N153Q,6.73,0
153,N,G,N153G,2.37,0
153,N,H,N153H,2.37,0
153,N,I,N153I,5.21,0
153,N,L,N153L,>10,0
153,N,K,N153K,5.78,0
153,N,M,N153M,-0.58,0
153,N,F,N153F,-2.33,0
153,N,P,N153P,>10,0
153,N,S,N153S,1.98,0
153,N,T,N153T,3.6,0
153,N,W,N153W,4.04,0
153,N,Y,N153Y,-2.31,0
153,N,V,N153V,6.32,0
154,M,A,M154A,1.29,0
154,M,R,M154R,4.24,0
154,M,N,M154N,6.94,0
154,M,D,M154D,7.83,0
154,M,E,M154E,4.08,0
154,M,Q,M154Q,6.18,0
154,M,G,M154G,4.39,0
154,M,H,M154H,7.8,0
154,M,I,M154I,6.2,0
154,M,L,M154L,7.42,0
154,M,K,M154K,5.33,0
154,M,F,M154F,8.4,0
154,M,P,M154P,4.85,0
154,M,S,M154S,4.42,0
154,M,T,M154T,5.27,0
154,M,W,M154W,>10,0
154,M,Y,M154Y,9.81,0
154,M,V,M154V,5.89,0
155,H,A,H155A,0.13,0
155,H,R,H155R,-0.99,0
155,H,N,H155N,0.35,0
155,H,D,H155D,4.87,0
155,H,E,H155E,1.53,0
155,H,Q,H155Q,2.96,0
155,H,G,H155G,2.13,0
155,H,I,H155I,4.42,0
155,H,L,H155L,1.37,0
155,H,K,H155K,1.61,0
155,H,M,H155M,-2.62,0
155,H,F,H155F,2.04,0
155,H,P,H155P,6.75,0
155,H,S,H155S,2.05,0
155,H,T,H155T,2.79,0
155,H,W,H155W,8.33,0
155,H,Y,H155Y,0.22,0
155,H,V,H155V,>10,0
156,R,A,R156A,-0.02,0
156,R,N,R156N,-1.05,0
156,R,D,R156D,1.85,0
156,R,E,R156E,1.75,0
156,R,Q,R156Q,1.4,0
156,R,G,R156G,4.16,0
156,R,H,R156H,-1.16,0
156,R,I,R156I,-2.24,0
156,R,L,R156L,-1.18,0
156,R,K,R156K,2.22,0
156,R,M,R156M,-0.56,0
156,R,F,R156F,-1.09,0
156,R,P,R156P,4.62,0
156,R,S,R156S,1.32,0
156,R,T,R156T,0.75,0
156,R,W,R156W,5.02,0
156,R,Y,R156Y,-3.62,0
156,R,V,R156V,-1.73,0
157,Y,A,Y157A,3.64,0
157,Y,R,Y157R,>10,0
157,Y,N,Y157N,7.08,0
157,Y,D,Y157D,>10,0
157,Y,E,Y157E,>10,0
157,Y,Q,Y157Q,>10,0
157,Y,G,Y157G,8.73,0
157,Y,H,Y157H,>10,0
157,Y,I,Y157I,7.57,0
157,Y,L,Y157L,>10,0
157,Y,K,Y157K,>10,0
157,Y,M,Y157M,>10,0
157,Y,F,Y157F,>10,0
157,Y,P,Y157P,4.26,0
157,Y,S,Y157S,7.12,0
157,Y,T,Y157T,5.54,0
157,Y,W,Y157W,>10,0
157,Y,V,Y157V,0.69,0
158,P,A,P158A,-3.02,0
158,P,R,P158R,-5.52,0
158,P,N,P158N,-3.89,0
158,P,D,P158D,-3.63,0
158,P,E,P158E,-1.08,0
158,P,Q,P158Q,-0.43,0
158,P,G,P158G,0.12,0
158,P,H,P158H,-2.58,0
158,P,I,P158I,-3.86,0
158,P,L,P158L,-5.27,0
158,P,K,P158K,0.76,0
158,P,M,P158M,-5.65,0
158,P,F,P158F,-3.29,0
158,P,S,P158S,0.57,0
158,P,T,P158T,-1,0
158,P,W,P158W,0.12,0
158,P,Y,P158Y,-4.07,0
158,P,V,P158V,-4.83,0
159,N,A,N159A,5.17,0
159,N,R,N159R,4.43,0
159,N,D,N159D,5.04,0
159,N,E,N159E,5.48,0
159,N,Q,N159Q,4.47,0
159,N,G,N159G,7.03,0
159,N,H,N159H,1.93,0
159,N,I,N159I,3.08,0
159,N,L,N159L,1.7,0
159,N,K,N159K,4.22,0
159,N,M,N159M,0.38,0
159,N,F,N159F,3.56,0
159,N,P,N159P,4.73,0
159,N,S,N159S,6.07,0
159,N,T,N159T,4.5,0
159,N,W,N159W,7.49,0
159,N,Y,N159Y,-2.31,0
159,N,V,N159V,4.25,0
160,Q,A,Q160A,0.68,0
160,Q,R,Q160R,-1.4,0
160,Q,N,Q160N,0.19,0
160,Q,D,Q160D,2.67,0
160,Q,E,Q160E,2.65,0
160,Q,G,Q160G,1.55,0
160,Q,H,Q160H,-1.69,0
160,Q,I,Q160I,-4.18,0
160,Q,L,Q160L,-3.34,0
160,Q,K,Q160K,0.16,0
160,Q,M,Q160M,-2.63,0
160,Q,F,Q160F,-0.83,0
160,Q,P,Q160P,5.34,0
160,Q,S,Q160S,1.71,0
160,Q,T,Q160T,-1.02,0
160,Q,W,Q160W,1.47,0
160,Q,Y,Q160Y,0.57,0
160,Q,V,Q160V,-3.51,0
161,V,A,V161A,1.84,0
161,V,R,V161R,2.46,0
161,V,N,V161N,3.29,0
161,V,D,V161D,3.96,0
161,V,E,V161E,3.14,0
161,V,Q,V161Q,0.97,0
161,V,G,V161G,3.29,0
161,V,H,V161H,1.96,0
161,V,I,V161I,1.14,0
161,V,L,V161L,1.51,0
161,V,K,V161K,4.71,0
161,V,M,V161M,-0.56,0
161,V,F,V161F,2.85,0
161,V,P,V161P,3.38,0
161,V,S,V161S,2.38,0
161,V,T,V161T,2.3,0
161,V,W,V161W,5.15,0
161,V,Y,V161Y,-0.21,0
162,Y,A,Y162A,4.1,0
162,Y,R,Y162R,0.88,0
162,Y,N,Y162N,-0.4,0
162,Y,D,Y162D,2.37,0
162,Y,E,Y162E,2.99,0
162,Y,Q,Y162Q,3.34,0
162,Y,G,Y162G,3.36,0
162,Y,H,Y162H,1.83,0
162,Y,I,Y162I,0.88,0
162,Y,L,Y162L,2.22,0
162,Y,K,Y162K,2.89,0
162,Y,M,Y162M,-0.78,0
162,Y,F,Y162F,3.74,0
162,Y,P,Y162P,7.48,0
162,Y,S,Y162S,3.72,0
162,Y,T,Y162T,2.71,0
162,Y,W,Y162W,>10,0
162,Y,V,Y162V,3.42,0
163,Y,A,Y163A,3.87,0
163,Y,R,Y163R,3.47,0
163,Y,N,Y163N,2.43,0
163,Y,D,Y163D,3.3,0
163,Y,E,Y163E,4.04,0
163,Y,Q,Y163Q,4.23,0
163,Y,G,Y163G,7.96,0
163,Y,H,Y163H,5.07,0
163,Y,I,Y163I,2.16,0
163,Y,L,Y163L,3.42,0
163,Y,K,Y163K,5.52,0
163,Y,M,Y163M,1.2,0
163,Y,F,Y163F,7.05,0
163,Y,P,Y163P,>10,0
163,Y,S,Y163S,4.28,0
163,Y,T,Y163T,4.49,0
163,Y,W,Y163W,8.54,0
163,Y,V,Y163V,2.25,0
164,R,A,R164A,1.99,0
164,R,N,R164N,4.09,0
164,R,D,R164D,3.33,0
164,R,E,R164E,1.83,0
164,R,Q,R164Q,2.64,0
164,R,G,R164G,4.1,0
164,R,H,R164H,3.24,0
164,R,I,R164I,3.81,0
164,R,L,R164L,1.66,0
164,R,K,R164K,3.72,0
164,R,M,R164M,-0.23,0
164,R,F,R164F,4.36,0
164,R,P,R164P,9.82,0
164,R,S,R164S,3.55,0
164,R,T,R164T,2,0
164,R,W,R164W,8.09,0
164,R,Y,R164Y,1.84,0
164,R,V,R164V,1.51,0
165,P,A,P165A,-3.44,0
165,P,R,P165R,-3.93,0
165,P,N,P165N,-4.52,0
165,P,D,P165D,-2.38,0
165,P,E,P165E,-4.3,0
165,P,Q,P165Q,-2.46,0
165,P,G,P165G,-1.6,0
165,P,H,P165H,-2.65,0
165,P,I,P165I,-3.8,0
165,P,L,P165L,-2.88,0
165,P,K,P165K,-1.86,0
165,P,M,P165M,-5.8,0
165,P,F,P165F,-0.7,0
165,P,S,P165S,-3.11,0
165,P,T,P165T,-1.85,0
165,P,W,P165W,3.91,0
165,P,Y,P165Y,-4.07,0
165,P,V,P165V,-3.85,0
166,M,A,M166A,3.21,0
166,M,R,M166R,0.15,0
166,M,N,M166N,2.83,0
166,M,D,M166D,2.86,0
166,M,E,M166E,2.04,0
166,M,Q,M166Q,2.76,0
166,M,G,M166G,5.86,0
166,M,H,M166H,3.79,0
166,M,I,M166I,0.95,0
166,M,L,M166L,1.45,0
166,M,K,M166K,4.01,0
166,M,F,M166F,5.72,0
166,M,P,M166P,>10,0
166,M,S,M166S,4.33,0
166,M,T,M166T,3.66,0
166,M,W,M166W,6.99,0
166,M,Y,M166Y,2.84,0
166,M,V,M166V,2.38,0
167,D,A,D167A,0.53,0
167,D,R,D167R,>10,0
167,D,N,D167N,-0.99,1
167,D,E,D167E,-0.61,0
167,D,Q,D167Q,>10,0
167,D,G,D167G,2.2,0
167,D,H,D167H,0.76,0
167,D,I,D167I,-1.31,0
167,D,L,D167L,1.29,0
167,D,K,D167K,2.04,0
167,D,M,D167M,-2.96,0
167,D,F,D167F,>10,0
167,D,P,D167P,2.21,0
167,D,S,D167S,1.28,0
167,D,T,D167T,6.65,0
167,D,W,D167W,>10,0
167,D,Y,D167Y,4.67,0
167,D,V,D167V,-1.17,0
168,E,A,E168A,-2.81,0
168,E,R,E168R,-2.06,0
168,E,N,E168N,-1.97,0
168,E,D,E168D,-1.27,0
168,E,Q,E168Q,-0.43,0
168,E,G,E168G,-1.42,0
168,E,H,E168H,-3.56,0
168,E,I,E168I,-2.02,0
168,E,L,E168L,-3.04,0
168,E,K,E168K,-1.73,0
168,E,M,E168M,-3.77,0
168,E,F,E168F,-1.25,0
168,E,P,E168P,5.49,0
168,E,S,E168S,1.4,0
168,E,T,E168T,-2.19,0
168,E,W,E168W,0.99,0
168,E,Y,E168Y,-2.75,0
168,E,V,E168V,-2.18,0
169,Y,A,Y169A,0.61,0
169,Y,R,Y169R,-1.62,0
169,Y,N,Y169N,2.31,0
169,Y,D,Y169D,4.23,0
169,Y,E,Y169E,1.46,0
169,Y,Q,Y169Q,2.85,0
169,Y,G,Y169G,2.79,0
169,Y,H,Y169H,1.45,0
169,Y,I,Y169I,2.67,0
169,Y,L,Y169L,1.72,0
169,Y,K,Y169K,2.85,0
169,Y,M,Y169M,-0.82,0
169,Y,F,Y169F,2.97,0
169,Y,P,Y169P,6.97,0
169,Y,S,Y169S,2.72,0
169,Y,T,Y169T,1.19,0
169,Y,W,Y169W,8.73,0
169,Y,V,Y169V,2.44,0
170,S,A,S170A,-0.91,0
170,S,R,S170R,-2.72,0
170,S,N,S170N,-1.23,0
170,S,D,S170D,-1.4,0
170,S,E,S170E,-1.39,0
170,S,Q,S170Q,-1.8,0
170,S,G,S170G,-0.03,0
170,S,H,S170H,2.63,0
170,S,I,S170I,0.37,0
170,S,L,S170L,-0.56,0
170,S,K,S170K,0.62,0
170,S,M,S170M,-5.26,0
170,S,F,S170F,2,0
170,S,P,S170P,9.82,0
170,S,T,S170T,0.54,0
170,S,W,S170W,4.88,0
170,S,Y,S170Y,-2.6,0
170,S,V,S170V,0.33,0
171,N,A,N171A,4.9,0
171,N,R,N171R,4.21,0
171,N,D,N171D,7.54,0
171,N,E,N171E,6.55,0
171,N,Q,N171Q,5.22,0
171,N,G,N171G,8.3,0
171,N,H,N171H,2.86,0
171,N,I,N171I,9.06,0
171,N,L,N171L,3.83,0
171,N,K,N171K,3.87,0
171,N,M,N171M,0.16,0
171,N,F,N171F,-0.48,0
171,N,P,N171P,1.7,0
171,N,S,N171S,7.19,1
171,N,T,N171T,8.81,0
171,N,W,N171W,4.43,0
171,N,Y,N171Y,-2.21,0
171,N,V,N171V,9.55,0
172,Q,A,Q172A,3.86,0
172,Q,R,Q172R,-0.54,0
172,Q,N,Q172N,3.63,0
172,Q,D,Q172D,2.09,0
172,Q,E,Q172E,2.97,0
172,Q,G,Q172G,6.76,0
172,Q,H,Q172H,7.08,0
172,Q,I,Q172I,-1.06,0
172,Q,L,Q172L,1.79,0
172,Q,K,Q172K,1.68,0
172,Q,M,Q172M,-2.33,0
172,Q,F,Q172F,>10,0
172,Q,P,Q172P,>10,0
172,Q,S,Q172S,2.13,0
172,Q,T,Q172T,-0.58,0
172,Q,W,Q172W,>10,0
172,Q,Y,Q172Y,>10,0
172,Q,V,Q172V,-2.25,0
173,N,A,N173A,-0.24,0
173,N,R,N173R,-3.68,0
173,N,D,N173D,2.27,0
173,N,E,N173E,-0.73,0
173,N,Q,N173Q,-0.41,0
173,N,G,N173G,2.42,0
173,N,H,N173H,-0.35,0
173,N,I,N173I,3.93,0
173,N,L,N173L,-0.84,0
173,N,K,N173K,1.61,1
173,N,M,N173M,-3.45,0
173,N,F,N173F,3.15,0
173,N,P,N173P,>10,0
173,N,S,N173S,-0.98,0
173,N,T,N173T,-0.79,0
173,N,W,N173W,7.39,0
173,N,Y,N173Y,-1.38,0
173,N,V,N173V,0.05,0
174,N,A,N174A,3.59,0
174,N,R,N174R,0.71,0
174,N,D,N174D,0.99,0
174,N,E,N174E,0.77,0
174,N,Q,N174Q,3.11,0
174,N,G,N174G,7.06,0
174,N,H,N174H,2.43,0
174,N,I,N174I,2.58,0
174,N,L,N174L,1.35,0
174,N,K,N174K,3.86,0
174,N,M,N174M,0,0
174,N,F,N174F,4.52,0
174,N,P,N174P,2.55,0
174,N,S,N174S,4.44,0
174,N,T,N174T,2.13,0
174,N,W,N174W,5.43,0
174,N,Y,N174Y,2.07,0
174,N,V,N174V,1.03,0
175,F,A,F175A,-13.57,0
175,F,R,F175R,-0.45,0
175,F,N,F175N,-12.07,0
175,F,D,F175D,-13.19,0
175,F,E,F175E,-4.95,0
175,F,Q,F175Q,-5.72,0
175,F,G,F175G,-10.83,0
175,F,H,F175H,-6.11,0
175,F,I,F175I,-9.93,0
175,F,L,F175L,-15.4,0
175,F,K,F175K,-7.63,0
175,F,M,F175M,-16.35,0
175,F,F,F175F,5.34,0
175,F,P,F175P,-0.82,0
175,F,S,F175S,-13.93,0
175,F,T,F175T,-10.01,0
175,F,W,F175W,>10,0
175,F,Y,F175Y,>10,0
175,F,V,F175V,-10.78,0
176,V,A,V176A,-2.12,0
176,V,R,V176R,-2.11,0
176,V,N,V176N,4.64,0
176,V,D,V176D,5.37,0
176,V,E,V176E,2.33,0
176,V,Q,V176Q,2.31,0
176,V,G,V176G,2.11,1
176,V,H,V176H,>10,0
176,V,I,V176I,3.3,0
176,V,L,V176L,-2.74,0
176,V,K,V176K,0.58,0
176,V,M,V176M,-2.95,0
176,V,F,V176F,>10,0
176,V,P,V176P,>10,0
176,V,S,V176S,-2.23,0
176,V,T,V176T,-1.26,0
176,V,W,V176W,>10,0
176,V,Y,V176Y,>10,0
177,H,A,H177A,2.19,0
177,H,R,H177R,1.4,0
177,H,N,H177N,0.35,0
177,H,D,H177D,1.86,0
177,H,E,H177E,1.66,0
177,H,Q,H177Q,3.17,0
177,H,G,H177G,5.58,0
177,H,I,H177I,1.84,0
177,H,L,H177L,1.36,0
177,H,K,H177K,2.82,0
177,H,M,H177M,-2.06,0
177,H,F,H177F,4.7,0
177,H,P,H177P,>10,0
177,H,S,H177S,1.26,0
177,H,T,H177T,1.94,0
177,H,W,H177W,7.35,0
177,H,Y,H177Y,0.05,0
177,H,V,H177V,0.82,0
178,D,A,D178A,0.85,0
178,D,R,D178R,3.46,0
178,D,N,D178N,0.95,1
178,D,E,D178E,2.49,0
178,D,Q,D178Q,2.77,0
178,D,G,D178G,5.27,0
178,D,H,D178H,-0.54,0
178,D,I,D178I,-2.76,0
178,D,L,D178L,-2.6,0
178,D,K,D178K,3.32,0
178,D,M,D178M,-2.14,0
178,D,F,D178F,0.85,0
178,D,P,D178P,2.05,0
178,D,S,D178S,2.98,0
178,D,T,D178T,0.03,0
178,D,W,D178W,4.13,0
178,D,Y,D178Y,-0.82,0
178,D,V,D178V,-1.69,0
180,V,A,V180A,2.18,0
180,V,R,V180R,-0.91,0
180,V,N,V180N,0.45,0
180,V,D,V180D,3.02,0
180,V,E,V180E,1.55,0
180,V,Q,V180Q,-0.97,0
180,V,G,V180G,3.22,0
180,V,H,V180H,6.26,0
180,V,I,V180I,-0.14,1
180,V,L,V180L,-5.83,0
180,V,K,V180K,1.76,0
180,V,M,V180M,-1.25,0
180,V,F,V180F,>10,0
180,V,P,V180P,>10,0
180,V,S,V180S,2.83,0
180,V,T,V180T,0.71,0
180,V,W,V180W,>10,0
180,V,Y,V180Y,>10,0
181,N,A,N181A,-0.54,0
181,N,R,N181R,-0.57,0
181,N,D,N181D,1.23,0
181,N,E,N181E,1.42,0
181,N,Q,N181Q,1.5,0
181,N,G,N181G,1.9,0
181,N,H,N181H,2.63,0
181,N,I,N181I,2.52,0
181,N,L,N181L,0.79,0
181,N,K,N181K,2.1,0
181,N,M,N181M,-1.14,0
181,N,F,N181F,2.87,0
181,N,P,N181P,>10,0
181,N,S,N181S,3.48,0
181,N,T,N181T,3.83,0
181,N,W,N181W,8.37,0
181,N,Y,N181Y,1.39,0
181,N,V,N181V,1.32,0
182,I,A,I182A,-0.02,0
182,I,R,I182R,1.69,0
182,I,N,I182N,1.45,0
182,I,D,I182D,2.33,0
182,I,E,I182E,1.78,0
182,I,Q,I182Q,2.4,0
182,I,G,I182G,4.36,0
182,I,H,I182H,1.73,0
182,I,L,I182L,0.98,0
182,I,K,I182K,1.62,0
182,I,M,I182M,-1.65,0
182,I,F,I182F,3.62,0
182,I,P,I182P,>10,0
182,I,S,I182S,1.92,0
182,I,T,I182T,2.02,0
182,I,W,I182W,>10,0
182,I,Y,I182Y,0.68,0
182,I,V,I182V,-1.13,0
183,T,A,T183A,-3.22,1
183,T,R,T183R,-4.07,0
183,T,N,T183N,-4.48,0
183,T,D,T183D,-1.68,0
183,T,E,T183E,-3.4,0
183,T,Q,T183Q,-3.07,0
183,T,G,T183G,-1.94,0
183,T,H,T183H,-0.67,0
183,T,I,T183I,-2.95,0
183,T,L,T183L,-4,0
183,T,K,T183K,-1.89,0
183,T,M,T183M,-7.83,0
183,T,F,T183F,5.28,0
183,T,P,T183P,>10,0
183,T,S,T183S,-3.69,0
183,T,W,T183W,>10,0
183,T,Y,T183Y,3.45,0
183,T,V,T183V,-3.19,0
184,I,A,I184A,2.41,0
184,I,R,I184R,2.07,0
184,I,N,I184N,4.71,0
184,I,D,I184D,5.7,0
184,I,E,I184E,2.91,0
184,I,Q,I184Q,3.71,0
184,I,G,I184G,5.28,0
184,I,H,I184H,4.89,0
184,I,L,I184L,0.06,0
184,I,K,I184K,3.51,0
184,I,M,I184M,-0.74,0
184,I,F,I184F,2.18,0
184,I,P,I184P,>10,0
184,I,S,I184S,4.34,0
184,I,T,I184T,2.09,0
184,I,W,I184W,8.3,0
184,I,Y,I184Y,0.64,0
184,I,V,I184V,2.7,0
185,K,A,K185A,-1.69,0
185,K,R,K185R,-3.91,0
185,K,N,K185N,-0.88,0
185,K,D,K185D,0.35,0
185,K,E,K185E,-1.05,0
185,K,Q,K185Q,-0.08,0
185,K,G,K185G,1.55,0
185,K,H,K185H,0.22,0
185,K,I,K185I,-3.61,0
185,K,L,K185L,-3.49,0
185,K,M,K185M,-4.57,0
185,K,F,K185F,-0.61,0
185,K,P,K185P,>10,0
185,K,S,K185S,-1.91,0
185,K,T,K185T,-3.05,0
185,K,W,K185W,3.05,0
185,K,Y,K185Y,-2.67,0
185,K,V,K185V,-3.73,0
186,Q,A,Q186A,-1.51,0
186,Q,R,Q186R,-0.87,0
186,Q,N,Q186N,-3.7,0
186,Q,D,Q186D,-0.35,0
186,Q,E,Q186E,-1.89,0
186,Q,G,Q186G,1.44,0
186,Q,H,Q186H,1.7,0
186,Q,I,Q186I,-1.16,0
186,Q,L,Q186L,-3.15,0
186,Q,K,Q186K,-0.1,0
186,Q,M,Q186M,-5.98,0
186,Q,F,Q186F,0.04,0
186,Q,P,Q186P,5.73,0
186,Q,S,Q186S,0.86,0
186,Q,T,Q186T,-0.31,0
186,Q,W,Q186W,6.43,0
186,Q,Y,Q186Y,-2.45,0
186,Q,V,Q186V,-3.44,0
187,H,A,H187A,-4.14,0
187,H,R,H187R,9.5,1
187,H,N,H187N,0.02,0
187,H,D,H187D,3.99,0
187,H,E,H187E,-0.86,0
187,H,Q,H187Q,0.14,0
187,H,G,H187G,-2.8,0
187,H,I,H187I,>10,0
187,H,L,H187L,5.97,0
187,H,K,H187K,3.05,0
187,H,M,H187M,-4.2,0
187,H,F,H187F,2.25,0
187,H,P,H187P,>10,0
187,H,S,H187S,-1.79,0
187,H,T,H187T,0.67,0
187,H,W,H187W,6.23,0
187,H,Y,H187Y,-0.04,0
187,H,V,H187V,>10,0
188,T,A,T188A,1.42,1
188,T,R,T188R,0.05,1
188,T,N,T188N,1.76,0
188,T,D,T188D,1.73,0
188,T,E,T188E,1.98,0
188,T,Q,T188Q,1.88,0
188,T,G,T188G,2.96,0
188,T,H,T188H,1.17,0
188,T,I,T188I,0.77,0
188,T,L,T188L,-0.77,0
188,T,K,T188K,0.61,1
188,T,M,T188M,-1.97,0
188,T,F,T188F,-0.91,0
188,T,P,T188P,>10,0
188,T,S,T188S,-0.65,0
188,T,W,T188W,4.27,0
188,T,Y,T188Y,-2.12,0
188,T,V,T188V,-1.1,0
189,V,A,V189A,1.86,0
189,V,R,V189R,1.95,0
189,V,N,V189N,2.36,0
189,V,D,V189D,1.7,0
189,V,E,V189E,3.12,0
189,V,Q,V189Q,3.8,0
189,V,G,V189G,4.57,0
189,V,H,V189H,2.61,0
189,V,I,V189I,2.59,1
189,V,L,V189L,1.55,0
189,V,K,V189K,4.2,0
189,V,M,V189M,0.15,0
189,V,F,V189F,3.44,0
189,V,P,V189P,6.96,0
189,V,S,V189S,1.24,0
189,V,T,V189T,1.94,0
189,V,W,V189W,8.45,0
189,V,Y,V189Y,-0.26,0
190,T,A,T190A,-2.46,0
190,T,R,T190R,-1.16,0
190,T,N,T190N,-1.57,0
190,T,D,T190D,-0.06,0
190,T,E,T190E,-1.82,0
190,T,Q,T190Q,0.18,0
190,T,G,T190G,1.79,0
190,T,H,T190H,1.55,0
190,T,I,T190I,-0.7,0
190,T,L,T190L,-1.39,0
190,T,K,T190K,1.78,0
190,T,M,T190M,-3.24,0
190,T,F,T190F,1.36,0
190,T,P,T190P,3.77,0
190,T,S,T190S,-0.96,0
190,T,W,T190W,7.45,0
190,T,Y,T190Y,-0.05,0
190,T,V,T190V,-2.26,0
191,T,A,T191A,0.03,0
191,T,R,T191R,0.52,0
191,T,N,T191N,0.92,0
191,T,D,T191D,0.09,0
191,T,E,T191E,0.74,0
191,T,Q,T191Q,0.59,0
191,T,G,T191G,0,0
191,T,H,T191H,-0.04,0
191,T,I,T191I,5.98,0
191,T,L,T191L,-1.74,0
191,T,K,T191K,0.59,0
191,T,M,T191M,-2.53,0
191,T,F,T191F,1.65,0
191,T,P,T191P,5.53,0
191,T,S,T191S,1.01,0
191,T,W,T191W,3.76,0
191,T,Y,T191Y,-1.88,0
191,T,V,T191V,6.82,0
192,T,A,T192A,-0.18,0
192,T,R,T192R,0.28,0
192,T,N,T192N,-0.32,0
192,T,D,T192D,-0.23,0
192,T,E,T192E,0.87,0
192,T,Q,T192Q,-0.11,0
192,T,G,T192G,2.66,0
192,T,H,T192H,2.86,0
192,T,I,T192I,0.4,0
192,T,L,T192L,0.77,0
192,T,K,T192K,1.14,0
192,T,M,T192M,-2.86,0
192,T,F,T192F,2.25,0
192,T,P,T192P,4.83,0
192,T,S,T192S,1.42,0
192,T,W,T192W,6.8,0
192,T,Y,T192Y,-0.09,0
192,T,V,T192V,0.13,0
193,T,A,T193A,-2.63,0
193,T,R,T193R,-8.85,0
193,T,N,T193N,-4.26,0
193,T,D,T193D,-3.96,0
193,T,E,T193E,-5.17,0
193,T,Q,T193Q,-2.79,0
193,T,G,T193G,-0.02,0
193,T,H,T193H,-2.02,0
193,T,I,T193I,-5.79,1
193,T,L,T193L,-6.79,0
193,T,K,T193K,-2.88,0
193,T,M,T193M,-8.84,0
193,T,F,T193F,-0.79,0
193,T,P,T193P,2.36,0
193,T,S,T193S,-3.27,0
193,T,W,T193W,8.26,0
193,T,Y,T193Y,3.58,0
193,T,V,T193V,-7.22,0
194,K,A,K194A,2.31,0
194,K,R,K194R,-0.15,0
194,K,N,K194N,1.24,0
194,K,D,K194D,1.18,0
194,K,E,K194E,0.55,1
194,K,Q,K194Q,0.01,0
194,K,G,K194G,3.29,0
194,K,H,K194H,1.97,0
194,K,I,K194I,-0.16,0
194,K,L,K194L,0.8,0
194,K,M,K194M,-1.31,0
194,K,F,K194F,3.63,0
194,K,P,K194P,>10,0
194,K,S,K194S,-0.25,0
194,K,T,K194T,-1.78,0
194,K,W,K194W,1.78,0
194,K,Y,K194Y,-0.22,0
194,K,V,K194V,-0.26,0
195,G,A,G195A,-0.44,0
195,G,R,G195R,0.41,0
195,G,N,G195N,0.45,0
195,G,D,G195D,0.22,0
195,G,E,G195E,-0.26,0
195,G,Q,G195Q,0.84,0
195,G,H,G195H,1.38,0
195,G,I,G195I,-1.12,0
195,G,L,G195L,-1.85,0
195,G,K,G195K,1.94,0
195,G,M,G195M,-0.88,0
195,G,F,G195F,1.31,0
195,G,P,G195P,4.06,0
195,G,S,G195S,0.87,0
195,G,T,G195T,0.53,0
195,G,W,G195W,5.56,0
195,G,Y,G195Y,-2.35,0
195,G,V,G195V,-2.2,0
196,E,A,E196A,-0.97,1
196,E,R,E196R,-2.49,0
196,E,N,E196N,-2.59,0
196,E,D,E196D,-0.25,0
196,E,Q,E196Q,-1.8,0
196,E,G,E196G,3.21,0
196,E,H,E196H,1.05,0
196,E,I,E196I,-2.31,0
196,E,L,E196L,-3.73,0
196,E,K,E196K,-0.79,1
196,E,M,E196M,-5.39,0
196,E,F,E196F,2.14,0
196,E,P,E196P,1.87,0
196,E,S,E196S,0,0
196,E,T,E196T,-0.74,0
196,E,W,E196W,3.05,0
196,E,Y,E196Y,-0.38,0
196,E,V,E196V,-3.07,0
197,N,A,N197A,4.47,0
197,N,R,N197R,3.68,0
197,N,D,N197D,0.99,0
197,N,E,N197E,2.71,0
197,N,Q,N197Q,3.83,0
197,N,G,N197G,7.25,0
197,N,H,N197H,1.5,0
197,N,I,N197I,7.14,0
197,N,L,N197L,2.38,0
197,N,K,N197K,5.34,0
197,N,M,N197M,-0.09,0
197,N,F,N197F,0.76,0
197,N,P,N197P,>10,0
197,N,S,N197S,4.45,0
197,N,T,N197T,6.97,0
197,N,W,N197W,4.92,0
197,N,Y,N197Y,-3.23,0
197,N,V,N197V,5.88,0
198,F,A,F198A,2.78,0
198,F,R,F198R,-1.33,0
198,F,N,F198N,1.7,0
198,F,D,F198D,5.47,0
198,F,E,F198E,1.82,0
198,F,Q,F198Q,0.24,0
198,F,G,F198G,7.05,0
198,F,H,F198H,3.26,0
198,F,I,F198I,0.45,0
198,F,L,F198L,0.26,0
198,F,K,F198K,2.92,0
198,F,M,F198M,-1.29,0
198,F,F,F198F,5.88,0
198,F,P,F198P,>10,0
198,F,S,F198S,4.73,1
198,F,T,F198T,1.55,0
198,F,W,F198W,7.23,0
198,F,Y,F198Y,4.56,0
198,F,V,F198V,-1.15,1
199,T,A,T199A,1.52,0
199,T,R,T199R,0.33,0
199,T,N,T199N,1.62,0
199,T,D,T199D,3.29,0
199,T,E,T199E,0.59,0
199,T,Q,T199Q,1.98,0
199,T,G,T199G,4.21,0
199,T,H,T199H,0.09,0
199,T,I,T199I,0.37,0
199,T,L,T199L,-0.21,0
199,T,K,T199K,1.78,0
199,T,M,T199M,-1.09,0
199,T,F,T199F,2.96,0
199,T,P,T199P,>10,0
199,T,S,T199S,1.77,0
199,T,W,T199W,4.35,0
199,T,Y,T199Y,1.75,0
199,T,V,T199V,0.89,0
200,E,A,E200A,1.58,0
200,E,R,E200R,-3.62,0
200,E,N,E200N,0.3,0
200,E,D,E200D,4.11,0
200,E,Q,E200Q,-3.78,0
200,E,G,E200G,0.95,1
200,E,H,E200H,0.74,0
200,E,I,E200I,4.43,0
200,E,L,E200L,-3.9,0
200,E,K,E200K,2.49,1
200,E,M,E200M,-4.16,0
200,E,F,E200F,1.81,0
200,E,P,E200P,>10,0
200,E,S,E200S,0.65,0
200,E,T,E200T,5.11,0
200,E,W,E200W,5.72,0
200,E,Y,E200Y,-3.22,0
200,E,V,E200V,5.02,0
201,T,A,T201A,-4.61,0
201,T,R,T201R,2.43,0
201,T,N,T201N,-2.95,0
201,T,D,T201D,-1.62,0
201,T,E,T201E,0.99,0
201,T,Q,T201Q,-0.2,0
201,T,G,T201G,-2.04,0
201,T,H,T201H,-3.04,0
201,T,I,T201I,-5.13,0
201,T,L,T201L,-1.69,0
201,T,K,T201K,2.33,0
201,T,M,T201M,-3.41,0
201,T,F,T201F,-0.71,0
201,T,P,T201P,7.67,0
201,T,S,T201S,-3.85,0
201,T,W,T201W,7.84,0
201,T,Y,T201Y,-4.61,0
201,T,V,T201V,-8.07,0
202,D,A,D202A,2.18,0
202,D,R,D202R,-0.4,0
202,D,N,D202N,1.98,1
202,D,E,D202E,0.07,0
202,D,Q,D202Q,-0.97,0
202,D,G,D202G,4.89,1
202,D,H,D202H,1.6,0
202,D,I,D202I,-1.44,0
202,D,L,D202L,0.15,0
202,D,K,D202K,1.06,0
202,D,M,D202M,-3.66,0
202,D,F,D202F,-1.26,0
202,D,P,D202P,>10,0
202,D,S,D202S,3.81,0
202,D,T,D202T,2.37,0
202,D,W,D202W,3.61,0
202,D,Y,D202Y,-2.51,0
202,D,V,D202V,-1.72,0
203,V,A,V203A,0.32,0
203,V,R,V203R,0.85,0
203,V,N,V203N,0.11,0
203,V,D,V203D,2.6,0
203,V,E,V203E,0.79,0
203,V,Q,V203Q,2.01,0
203,V,G,V203G,4.31,1
203,V,H,V203H,-1.11,0
203,V,I,V203I,7.21,1
203,V,L,V203L,2.31,0
203,V,K,V203K,1.34,0
203,V,M,V203M,-3.05,0
203,V,F,V203F,0.38,0
203,V,P,V203P,>10,0
203,V,S,V203S,2.34,0
203,V,T,V203T,2.52,0
203,V,W,V203W,6.59,0
203,V,Y,V203Y,-1.19,0
204,K,A,K204A,-3.23,0
204,K,R,K204R,>10,0
204,K,N,K204N,-0.44,0
204,K,D,K204D,1.37,0
204,K,E,K204E,3.95,0
204,K,Q,K204Q,1.48,0
204,K,G,K204G,0.92,0
204,K,H,K204H,4.33,0
204,K,I,K204I,-3.18,0
204,K,L,K204L,1.61,0
204,K,M,K204M,-5.51,0
204,K,F,K204F,>10,0
204,K,P,K204P,-0.35,0
204,K,S,K204S,-3.55,0
204,K,T,K204T,-2.48,0
204,K,W,K204W,>10,0
204,K,Y,K204Y,>10,0
204,K,V,K204V,-3.73,0
205,M,A,M205A,3.43,0
205,M,R,M205R,>10,0
205,M,N,M205N,6.1,0
205,M,D,M205D,7.7,0
205,M,E,M205E,>10,0
205,M,Q,M205Q,>10,0
205,M,G,M205G,7.07,0
205,M,H,M205H,>10,0
205,M,I,M205I,6.17,0
205,M,L,M205L,9.21,0
205,M,K,M205K,>10,0
205,M,F,M205F,>10,0
205,M,P,M205P,>10,0
205,M,S,M205S,6.72,0
205,M,T,M205T,5.46,0
205,M,W,M205W,>10,0
205,M,Y,M205Y,>10,0
205,M,V,M205V,1.47,0
206,M,A,M206A,4.55,0
206,M,R,M206R,2.58,0
206,M,N,M206N,6.02,0
206,M,D,M206D,6.96,0
206,M,E,M206E,4.16,0
206,M,Q,M206Q,5.5,0
206,M,G,M206G,7.07,0
206,M,H,M206H,6.66,0
206,M,I,M206I,2.48,0
206,M,L,M206L,5.31,0
206,M,K,M206K,6.03,0
206,M,F,M206F,5.03,0
206,M,P,M206P,>10,0
206,M,S,M206S,4.47,0
206,M,T,M206T,1.98,0
206,M,W,M206W,>10,0
206,M,Y,M206Y,5.37,0
206,M,V,M206V,1.6,0
207,E,A,E207A,-1.9,0
207,E,R,E207R,0.72,0
207,E,N,E207N,2.85,0
207,E,D,E207D,2.82,0
207,E,Q,E207Q,-0.43,0
207,E,G,E207G,0.84,0
207,E,H,E207H,2.7,0
207,E,I,E207I,2.55,0
207,E,L,E207L,1.37,0
207,E,K,E207K,1.02,0
207,E,M,E207M,-2.95,0
207,E,F,E207F,1.4,0
207,E,P,E207P,>10,0
207,E,S,E207S,0.63,0
207,E,T,E207T,-0.62,0
207,E,W,E207W,8.02,0
207,E,Y,E207Y,0.3,0
207,E,V,E207V,0.93,0
208,R,A,R208A,3.39,0
208,R,N,R208N,2.13,0
208,R,D,R208D,4.25,0
208,R,E,R208E,2.92,0
208,R,Q,R208Q,0.88,0
208,R,G,R208G,4.85,0
208,R,H,R208H,1.97,1
208,R,I,R208I,1.36,0
208,R,L,R208L,-3.47,0
208,R,K,R208K,8.74,0
208,R,M,R208M,-2.32,0
208,R,F,R208F,1.74,0
208,R,P,R208P,>10,0
208,R,S,R208S,4.19,0
208,R,T,R208T,4.1,0
208,R,W,R208W,>10,0
208,R,Y,R208Y,6.61,0
208,R,V,R208V,3.77,0
209,V,A,V209A,-12.45,0
209,V,R,V209R,>10,0
209,V,N,V209N,4.77,0
209,V,D,V209D,6.31,0
209,V,E,V209E,>10,0
209,V,Q,V209Q,>10,0
209,V,G,V209G,-9.03,0
209,V,H,V209H,>10,0
209,V,I,V209I,7.13,0
209,V,L,V209L,>10,0
209,V,K,V209K,>10,0
209,V,M,V209M,-0.66,0
209,V,F,V209F,>10,0
209,V,P,V209P,8.96,0
209,V,S,V209S,-11.1,0
209,V,T,V209T,-6.67,0
209,V,W,V209W,>10,0
209,V,Y,V209Y,>10,0
210,V,A,V210A,2.55,0
210,V,R,V210R,1.17,0
210,V,N,V210N,2.42,0
210,V,D,V210D,2.51,0
210,V,E,V210E,1.57,0
210,V,Q,V210Q,0.71,0
210,V,G,V210G,5.04,0
210,V,H,V210H,1.19,0
210,V,I,V210I,-0.14,1
210,V,L,V210L,-0.46,0
210,V,K,V210K,4.71,0
210,V,M,V210M,-0.7,0
210,V,F,V210F,0.91,0
210,V,P,V210P,>10,0
210,V,S,V210S,1.57,0
210,V,T,V210T,1.18,0
210,V,W,V210W,5.04,0
210,V,Y,V210Y,-1.06,0
211,E,A,E211A,1.59,0
211,E,R,E211R,-1.4,0
211,E,N,E211N,-2.12,0
211,E,D,E211D,-1.83,1
211,E,Q,E211Q,-0.32,1
211,E,G,E211G,4.48,0
211,E,H,E211H,-0.41,0
211,E,I,E211I,-2.31,0
211,E,L,E211L,-3.91,0
211,E,K,E211K,0.54,0
211,E,M,E211M,-4.18,0
211,E,F,E211F,-1.34,0
211,E,P,E211P,>10,0
211,E,S,E211S,1.69,0
211,E,T,E211T,-0.74,0
211,E,W,E211W,1.59,0
211,E,Y,E211Y,-2.85,0
211,E,V,E211V,-2.73,0
212,Q,A,Q212A,0.11,0
212,Q,R,Q212R,8.37,0
212,Q,N,Q212N,3.54,0
212,Q,D,Q212D,7.43,0
212,Q,E,Q212E,2.86,0
212,Q,G,Q212G,5.59,0
212,Q,H,Q212H,3.18,1
212,Q,I,Q212I,4.46,0
212,Q,L,Q212L,5.92,0
212,Q,K,Q212K,>10,0
212,Q,M,Q212M,-0.22,0
212,Q,F,Q212F,9.54,0
212,Q,P,Q212P,>10,1
212,Q,S,Q212S,4.29,0
212,Q,T,Q212T,2.13,0
212,Q,W,Q212W,>10,0
212,Q,Y,Q212Y,10,0
212,Q,V,Q212V,1.62,0
213,M,A,M213A,6.14,0
213,M,R,M213R,5.98,0
213,M,N,M213N,5.46,0
213,M,D,M213D,8.14,0
213,M,E,M213E,3.59,0
213,M,Q,M213Q,5.85,0
213,M,G,M213G,9.8,0
213,M,H,M213H,4.15,0
213,M,I,M213I,9.73,0
213,M,L,M213L,5.91,0
213,M,K,M213K,5.83,0
213,M,F,M213F,3.27,0
213,M,P,M213P,>10,0
213,M,S,M213S,9.09,0
213,M,T,M213T,6.78,0
213,M,W,M213W,4.19,0
213,M,Y,M213Y,0.78,0
213,M,V,M213V,8.43,0
215,I,A,I215A,4.7,0
215,I,R,I215R,0.99,0
215,I,N,I215N,6.34,0
215,I,D,I215D,5.37,0
215,I,E,I215E,5.78,0
215,I,Q,I215Q,4.49,0
215,I,G,I215G,7.16,0
215,I,H,I215H,4.38,0
215,I,L,I215L,2.19,0
215,I,K,I215K,6.1,0
215,I,M,I215M,1.28,0
215,I,F,I215F,3.37,0
215,I,P,I215P,>10,0
215,I,S,I215S,4.54,0
215,I,T,I215T,4.23,0
215,I,W,I215W,8.69,0
215,I,Y,I215Y,1.85,0
215,I,V,I215V,3.06,1
216,T,A,T216A,1.93,0
216,T,R,T216R,0.83,0
216,T,N,T216N,1.23,0
216,T,D,T216D,2.52,0
216,T,E,T216E,0.74,0
216,T,Q,T216Q,0.85,0
216,T,G,T216G,5.71,0
216,T,H,T216H,2.97,0
216,T,I,T216I,0.92,0
216,T,L,T216L,0.17,0
216,T,K,T216K,3.56,0
216,T,M,T216M,-1.8,0
216,T,F,T216F,2.99,0
216,T,P,T216P,>10,0
216,T,S,T216S,4.77,0
216,T,W,T216W,9.38,0
216,T,Y,T216Y,1.44,0
216,T,V,T216V,-0.06,0
217,Q,A,Q217A,0.31,0
217,Q,R,Q217R,-2.21,1
217,Q,N,Q217N,-1.18,0
217,Q,D,Q217D,1.45,0
217,Q,E,Q217E,-0.79,0
217,Q,G,Q217G,3.64,0
217,Q,H,Q217H,-2.46,0
217,Q,I,Q217I,6.81,0
217,Q,L,Q217L,-3.49,0
217,Q,K,Q217K,-1.1,0
217,Q,M,Q217M,-4.15,0
217,Q,F,Q217F,-3.58,0
217,Q,P,Q217P,>10,0
217,Q,S,Q217S,0.6,0
217,Q,T,Q217T,-0.24,0
217,Q,W,Q217W,1.43,0
217,Q,Y,Q217Y,-7.02,0
217,Q,V,Q217V,4.71,0
218,Y,A,Y218A,2.8,0
218,Y,R,Y218R,0.19,0
218,Y,N,Y218N,3.63,1
218,Y,D,Y218D,3.25,0
218,Y,E,Y218E,1.82,0
218,Y,Q,Y218Q,2.94,0
218,Y,G,Y218G,4.47,0
218,Y,H,Y218H,3.81,0
218,Y,I,Y218I,1.69,0
218,Y,L,Y218L,0.23,0
218,Y,K,Y218K,3.47,0
218,Y,M,Y218M,-0.62,0
218,Y,F,Y218F,3.35,0
218,Y,P,Y218P,>10,0
218,Y,S,Y218S,2.73,0
218,Y,T,Y218T,1.97,0
218,Y,W,Y218W,8.49,0
218,Y,V,Y218V,0.7,0
219,E,A,E219A,-1.13,0
219,E,R,E219R,-0.6,0
219,E,N,E219N,-0.42,0
219,E,D,E219D,0.18,0
219,E,Q,E219Q,0.39,0
219,E,G,E219G,1.13,0
219,E,H,E219H,-0.56,0
219,E,I,E219I,-0.01,0
219,E,L,E219L,-3.2,0
219,E,K,E219K,-0.55,1
219,E,M,E219M,-3.3,0
219,E,F,E219F,0.1,0
219,E,P,E219P,>10,0
219,E,S,E219S,-0.52,0
219,E,T,E219T,0.15,0
219,E,W,E219W,3.46,0
219,E,Y,E219Y,-2.6,0
219,E,V,E219V,0.43,0
220,R,A,R220A,-1.79,0
220,R,N,R220N,-1.85,0
220,R,D,R220D,-0.01,0
220,R,E,R220E,-2.13,0
220,R,Q,R220Q,-2.42,0
220,R,G,R220G,0.26,0
220,R,H,R220H,0.65,0
220,R,I,R220I,-1.37,0
220,R,L,R220L,-2.36,0
220,R,K,R220K,0.13,0
220,R,M,R220M,-4.55,0
220,R,F,R220F,0.09,0
220,R,P,R220P,>10,0
220,R,S,R220S,-0.44,0
220,R,T,R220T,1.24,0
220,R,W,R220W,4.09,0
220,R,Y,R220Y,-1.54,0
220,R,V,R220V,-1.49,0
221,E,A,E221A,-0.28,0
221,E,R,E221R,-1.63,0
221,E,N,E221N,-1.23,0
221,E,D,E221D,-0.51,0
221,E,Q,E221Q,0.84,0
221,E,G,E221G,1.87,0
221,E,H,E221H,-0.44,0
221,E,I,E221I,-0.19,0
221,E,L,E221L,-1.49,0
221,E,K,E221K,0.99,0
221,E,M,E221M,-4.14,0
221,E,F,E221F,-0.35,0
221,E,P,E221P,2.88,0
221,E,S,E221S,1.31,0
221,E,T,E221T,-2.22,0
221,E,W,E221W,3.6,0
221,E,Y,E221Y,-3.37,0
221,E,V,E221V,-0.47,0
222,S,A,S222A,-0.87,0
222,S,R,S222R,-0.45,0
222,S,N,S222N,-1.52,0
222,S,D,S222D,2.16,0
222,S,E,S222E,0.86,0
222,S,Q,S222Q,-0.6,0
222,S,G,S222G,1.32,0
222,S,H,S222H,0.37,0
222,S,I,S222I,-1.31,0
222,S,L,S222L,0.76,0
222,S,K,S222K,1.4,0
222,S,M,S222M,-2.08,0
222,S,F,S222F,1.82,0
222,S,P,S222P,4.07,0
222,S,T,S222T,-0.33,0
222,S,W,S222W,4.94,0
222,S,Y,S222Y,-1.3,0
222,S,V,S222V,-0.07,0
223,Q,A,Q223A,-1.79,0
223,Q,R,Q223R,-1.4,0
223,Q,N,Q223N,-3.31,0
223,Q,D,Q223D,-3.56,0
223,Q,E,Q223E,-0.78,0
223,Q,G,Q223G,0.06,0
223,Q,H,Q223H,0.88,0
223,Q,I,Q223I,-2.26,0
223,Q,L,Q223L,-2.37,0
223,Q,K,Q223K,0.17,0
223,Q,M,Q223M,-2.93,0
223,Q,F,Q223F,1.72,0
223,Q,P,Q223P,>10,0
223,Q,S,Q223S,-0.65,0
223,Q,T,Q223T,-0.4,0
223,Q,W,Q223W,5.96,0
223,Q,Y,Q223Y,-0.14,0
223,Q,V,Q223V,-1.8,0
224,A,R,A224R,-0.71,0
224,A,N,A224N,0.07,0
224,A,D,A224D,1.06,0
224,A,E,A224E,1.13,0
224,A,Q,A224Q,0.69,0
224,A,G,A224G,1.39,0
224,A,H,A224H,-0.28,0
224,A,I,A224I,-1.7,0
224,A,L,A224L,-1.37,0
224,A,K,A224K,2.17,0
224,A,M,A224M,-3.03,0
224,A,F,A224F,-0.41,0
224,A,P,A224P,1.82,0
224,A,S,A224S,1.3,0
224,A,T,A224T,0.38,0
224,A,W,A224W,2.68,0
224,A,Y,A224Y,-2.25,0
224,A,V,A224V,-1.56,1
225,Y,A,Y225A,2.25,0
225,Y,R,Y225R,1.54,0
225,Y,N,Y225N,2.31,0
225,Y,D,Y225D,3.3,0
225,Y,E,Y225E,3.37,0
225,Y,Q,Y225Q,2.94,0
225,Y,G,Y225G,3.63,0
225,Y,H,Y225H,1.96,0
225,Y,I,Y225I,0.54,0
225,Y,L,Y225L,0.88,0
225,Y,K,Y225K,4.41,0
225,Y,M,Y225M,-0.78,0
225,Y,F,Y225F,1.84,0
225,Y,P,Y225P,4.07,0
225,Y,S,Y225S,3.54,0
225,Y,T,Y225T,2.63,0
225,Y,W,Y225W,4.93,0
225,Y,V,Y225V,0.69,0
226,Y,A,Y226A,2.25,0
226,Y,R,Y226R,1.54,0
226,Y,N,Y226N,2.31,0
226,Y,D,Y226D,3.3,0
226,Y,E,Y226E,3.37,0
226,Y,Q,Y226Q,2.94,0
226,Y,G,Y226G,3.63,0
226,Y,H,Y226H,1.96,0
226,Y,I,Y226I,0.54,0
226,Y,L,Y226L,0.88,0
226,Y,K,Y226K,4.41,0
226,Y,M,Y226M,-0.78,0
226,Y,F,Y226F,1.84,0
226,Y,P,Y226P,4.07,0
226,Y,S,Y226S,3.54,0
226,Y,T,Y226T,2.63,0
226,Y,W,Y226W,4.93,0
226,Y,V,Y226V,0.69,0
227,Q,A,Q227A,-0.69,0
227,Q,R,Q227R,-1.4,0
227,Q,N,Q227N,-0.63,0
227,Q,D,Q227D,0.36,0
227,Q,E,Q227E,0.43,0
227,Q,G,Q227G,0.69,0
227,Q,H,Q227H,-0.98,0
227,Q,I,Q227I,-2.4,0
227,Q,L,Q227L,-2.06,0
227,Q,K,Q227K,1.47,0
227,Q,M,Q227M,-3.72,0
227,Q,F,Q227F,-1.1,0
227,Q,P,Q227P,1.13,0
227,Q,S,Q227S,0.6,0
227,Q,T,Q227T,-0.31,0
227,Q,W,Q227W,1.99,0
227,Q,Y,Q227Y,-2.94,0
227,Q,V,Q227V,-2.25,0
228,R,A,R228A,0.71,0
228,R,N,R228N,0.77,0
228,R,D,R228D,1.76,0
228,R,E,R228E,1.83,0
228,R,Q,R228Q,1.4,0
228,R,G,R228G,2.1,0
228,R,H,R228H,0.42,0
228,R,I,R228I,-0.99,0
228,R,L,R228L,-0.66,0
228,R,K,R228K,2.88,0
228,R,M,R228M,-2.32,0
228,R,F,R228F,0.3,0
228,R,P,R228P,2.53,0
228,R,S,R228S,2,0
228,R,T,R228T,1.09,0
228,R,W,R228W,3.39,0
228,R,Y,R228Y,-1.54,0
228,R,V,R228V,-0.85,0
