res_num,chain,residue_name,distance,pp,pp_normalised,qs,qs_test_set
125,A,LEU125 A,5.1673163247,0.8542576652,0.0274762577,0.4444444444,0.99
126,A,GLY126 A,11.9532767056,0.0,0.0,0.0,0.0
127,A,GLY127 A,15.1750915977,0.0,0.0,0.0,0.0
128,A,TYR128 A,13.3630366684,0.1487407908,0.0047840838,0.4444444444,0.95
129,A,MET129 A,15.6854928198,0.1938952518,0.0062364274,0.7777777778,0.98
130,A,LEU130 A,13.7506426759,0.1194929615,0.0038433596,0.3333333333,0.93
131,A,GLY131 A,17.8948377193,0.0810305592,0.0026062588,0.6666666667,0.94
132,A,SER132 A,19.545513475,0.0454109239,0.0014605924,0.5555555556,0.87
133,A,ALA133 A,19.329126778,0.0196844186,0.0006331277,0.2222222222,0.66
134,A,MET134 A,17.7407632868,0.0664424198,0.0021370473,0.5555555556,0.91
135,A,SER135 A,20.4504620486,0.0,0.0,0.0,0.0
136,A,ARG136 A,15.194884863,0.2017815323,0.0064900809,0.7777777778,0.98
137,A,PRO137 A,17.6636775899,0.2086921032,0.0067123518,1.0,0.99
138,A,ILE138 A,20.5893193185,0.0464268677,0.0014932691,0.6666666667,0.9
139,A,ILE139 A,17.7885698694,0.0792544104,0.0025491309,0.6666666667,0.93
140,A,HIS140 A,22.1548285031,0.0684085145,0.0022002846,0.8888888889,0.96
141,A,PHE141 A,16.3859360123,0.0982120391,0.0031588822,0.5555555556,0.94
142,A,GLY142 A,24.4193453639,0.0,0.0,0.0,0.0
143,A,SER143 A,24.302186774,0.005027876,0.0001617161,0.2222222222,0.43
144,A,ASP144 A,25.0599675578,0.0080673713,0.0002594781,0.2222222222,0.6
145,A,TYR145 A,21.4307882496,0.0299415546,0.0009630372,0.4444444444,0.83
146,A,GLU146 A,19.2678254092,0.0385661516,0.0012404378,0.3333333333,0.83
147,A,ASP147 A,21.2167154385,0.0715293098,0.0023006615,0.7777777778,0.96
148,A,ARG148 A,21.6368397415,0.0457141414,0.001470345,0.6666666667,0.91
149,A,TYR149 A,15.9537142384,0.0690510643,0.0022209515,0.3333333333,0.88
150,A,TYR150 A,15.1691379122,0.2377102287,0.0076456879,0.8888888889,0.99
151,A,ARG151 A,19.6056137369,0.0448657566,0.0014430577,0.5555555556,0.87
152,A,GLU152 A,20.0593405924,0.0393031962,0.0012641441,0.4444444444,0.86
153,A,ASN153 A,15.7617786433,0.247812473,0.0079706155,0.8888888889,0.99
154,A,MET154 A,15.6050467157,0.1082774849,0.0034826261,0.5555555556,0.94
155,A,HIS155 A,15.2659693109,0.1033731347,0.0033248831,0.4444444444,0.93
156,A,ARG156 A,10.9327963029,1.1958040591,0.0384617216,1.0,0.99
157,A,TYR157 A,11.1771905683,0.1852889634,0.0059596156,0.3333333333,0.95
158,A,PRO158 A,9.6529288302,0.0662803117,0.0021318333,0.1111111111,0.69
159,A,ASN159 A,13.7879968451,0.0231087424,0.0007432673,0.1111111111,0.5
160,A,GLN160 A,12.9680375154,0.1359986343,0.0043742464,0.3333333333,0.94
161,A,VAL161 A,12.7747501737,0.173597659,0.0055835777,0.4444444444,0.96
162,A,TYR162 A,9.101822345,0.5001222913,0.0160858831,0.6666666667,0.99
163,A,TYR163 A,15.6132477403,0.282446745,0.0090845887,1.0,0.99
164,A,ARG164 A,16.8838382485,0.1108373141,0.0035649602,0.6666666667,0.96
165,A,PRO165 A,21.3097276848,0.0136529574,0.0004391323,0.2222222222,0.62
166,A,MET166 A,24.7763585904,0.0829219908,0.0026670946,1.0,0.98
167,A,ASP167 A,25.073876924,0.010531569,0.0003387363,0.3333333333,0.67
168,A,GLU168 A,24.7576998124,0.0077552723,0.0002494398,0.2222222222,0.58
169,A,TYR169 A,19.1040094483,0.0142915905,0.0004596733,0.2222222222,0.56
170,A,SER170 A,23.8348954476,0.0030779635,9.89993e-05,0.1111111111,0.29
171,A,ASN171 A,22.439031775,0.0083514788,0.0002686161,0.2222222222,0.51
172,A,GLN172 A,21.0454157954,0.0261215851,0.000840172,0.3333333333,0.79
173,A,ASN173 A,19.0401568796,0.0334269544,0.0010751412,0.3333333333,0.8
174,A,ASN174 A,18.3257183761,0.0070457431,0.0002266186,0.1111111111,0.32
175,A,PHE175 A,16.9639894482,0.1341737399,0.0043155507,0.7777777778,0.97
176,A,VAL176 A,15.0187189201,0.1867226915,0.0060057299,0.7777777778,0.98
177,A,HIS177 A,13.0436593408,0.1184817769,0.003810836,0.2222222222,0.92
178,A,ASP178 A,11.6130098596,0.1367955245,0.0043998775,0.2222222222,0.92
179,A,CYS179 A,11.6174994728,0.2650555535,0.0085252202,0.5555555556,0.98
180,A,VAL180 A,9.6129336833,0.575706024,0.0185169507,0.7777777778,0.99
181,A,ASN181 A,6.9987292418,0.3240843632,0.0104238169,0.2222222222,0.96
182,A,ILE182 A,6.7965183734,0.7397805103,0.023794226,0.5555555556,0.99
183,A,THR183 A,6.5753536787,0.5293620171,0.0170263467,0.3333333333,0.99
184,A,ILE184 A,4.2504772673,2.3131667118,0.0744004616,1.0,0.99
185,A,LYS185 A,2.0742203355,0.4119087384,0.0132485913,0.1111111111,0.93
186,A,GLN186 A,3.4395130469,1.0537527291,0.0338927969,0.2222222222,0.99
187,A,HIS187 A,3.1247727917,1.4251652493,0.0458388718,0.5555555556,0.99
188,A,THR188 A,1.3335370261,1.7271034555,0.0555503819,0.4444444444,0.99
189,A,VAL189 A,0.0,0.0,0.0,0.0,0.0
190,A,THR190 A,1.3224598293,1.4396736354,0.0463055181,0.2222222222,0.99
191,A,THR191 A,3.1956503251,2.1918209277,0.070497508,0.8888888889,0.99
192,A,THR192 A,2.2457315067,0.323663107,0.0104102676,0.1111111111,0.89
193,A,THR193 A,2.7521807717,0.6567877264,0.0211248544,0.1111111111,0.98
194,A,LYS194 A,4.7430313092,0.8209762018,0.026405796,0.3333333333,0.99
195,A,GLY195 A,6.9158615515,0.0017638733,5.6733e-05,0.0,0.01
196,A,GLU196 A,6.4155278816,1.4398454786,0.0463110452,1.0,0.99
197,A,ASN197 A,8.1623093546,0.0162804498,0.0005236428,0.1111111111,0.17
198,A,PHE198 A,6.9622540172,1.0609588409,0.0341245735,0.8888888889,0.99
199,A,THR199 A,10.4598073118,0.3652621542,0.0117482552,0.6666666667,0.99
200,A,GLU200 A,11.7100150299,0.1978740127,0.0063643999,0.4444444444,0.96
201,A,THR201 A,13.1245191531,0.2274597777,0.0073159934,0.6666666667,0.98
202,A,ASP202 A,10.1975679453,0.3933938672,0.0126530808,0.6666666667,0.99
203,A,VAL203 A,7.0011663314,0.6494840346,0.0208899392,0.5555555556,0.99
204,A,LYS204 A,11.6626736643,0.4366678692,0.0140449415,0.8888888889,0.99
205,A,MET205 A,12.8553982824,0.3413449198,0.0109789837,0.7777777778,0.99
206,A,MET206 A,6.1126258678,0.7263960142,0.0233637284,0.4444444444,0.99
207,A,GLU207 A,10.6355003643,0.5404427256,0.0173827455,0.8888888889,0.99
208,A,ARG208 A,14.3844656835,0.3158019091,0.0101574209,0.8888888889,0.99
209,A,VAL209 A,13.8908053402,0.2369264796,0.0076204795,0.7777777778,0.98
210,A,VAL210 A,9.9415251345,0.6760209583,0.0217434701,0.8888888889,0.99
211,A,GLU211 A,14.7874779797,0.3760001255,0.0120936302,1.0,0.99
212,A,GLN212 A,17.5599535592,0.261778108,0.0084198048,1.0,0.99
213,A,MET213 A,13.3752940155,0.3159721593,0.0101628968,0.7777777778,0.99
214,A,CYS214 A,14.8144446065,0.2388081272,0.0076810006,0.7777777778,0.99
215,A,ILE215 A,19.0616230684,0.1771325993,0.0056972751,1.0,0.99
216,A,THR216 A,20.9022424156,0.1207644506,0.0038842556,1.0,0.98
217,A,GLN217 A,17.6612886563,0.1502414745,0.0048323517,0.8888888889,0.98
218,A,TYR218 A,21.1642638662,0.1085330465,0.003490846,0.8888888889,0.98
219,A,GLU219 A,23.831844788,0.0410810412,0.0013213265,0.6666666667,0.93
220,A,ARG220 A,21.1493828515,0.0464084206,0.0014926758,0.6666666667,0.91
221,A,GLU221 A,24.2977573245,0.0548384794,0.0017638193,0.8888888889,0.96
222,A,SER222 A,26.7414510825,0.0106496822,0.0003425353,0.5555555556,0.73
223,A,GLN223 A,28.994936351,0.0079338117,0.0002551823,0.5555555556,0.72
224,A,ALA224 A,30.3462034858,0.0042444498,0.0001365181,0.4444444444,0.59
225,A,TYR225 A,31.3645271126,0.0126118798,0.0004056472,0.7777777778,0.87
226,A,TYR226 A,33.9832141064,0.0017446592,5.6115e-05,0.4444444444,0.47
227,A,GLN227 A,35.683084592,6.13122e-05,1.972e-06,0.1111111111,0.08
228,A,ARG228 A,33.7818199184,0.0002176294,6.9998e-06,0.1111111111,0.13
