id,PDBnum,name,element,chain,res_name,res_num,xyz
0,1,N,N,A,LEU,125,"5.577, -8.78, -1.101"
1,2,CA,C,A,LEU,125,"5.185, -7.628, -0.289"
2,3,C,C,A,LEU,125,"6.09, -7.58, 0.93"
3,4,O,O,A,LEU,125,"5.74, -7.987, 2.043"
4,5,CB,C,A,LEU,125,"3.71, -7.729, 0.094"
5,6,CG,C,A,LEU,125,"2.741, -7.544, -1.087"
6,7,CD1,C,A,LEU,125,"1.815, -8.736, -1.191"
7,8,CD2,C,A,LEU,125,"1.941, -6.243, -0.97"
8,9,HA,H,A,LEU,125,"5.287, -6.803, -0.789"
9,10,HB2,H,A,LEU,125,"3.549, -8.596, 0.499"
10,11,HB3,H,A,LEU,125,"3.514, -7.06, 0.769"
11,12,HG,H,A,LEU,125,"3.269, -7.483, -1.898"
12,13,HD11,H,A,LEU,125,"1.208, -8.611, -1.937"
13,14,HD12,H,A,LEU,125,"2.338, -9.541, -1.331"
14,15,HD13,H,A,LEU,125,"1.304, -8.822, -0.371"
15,16,HD21,H,A,LEU,125,"1.343, -6.161, -1.729"
16,17,HD22,H,A,LEU,125,"1.422, -6.254, -0.15"
17,18,HD23,H,A,LEU,125,"2.55, -5.488, -0.956"
18,19,N,N,A,GLY,126,"7.314, -7.152, 0.684"
19,20,CA,C,A,GLY,126,"8.352, -6.984, 1.672"
20,21,C,C,A,GLY,126,"9.262, -5.845, 1.233"
21,22,O,O,A,GLY,126,"9.646, -5.736, 0.066"
22,23,H,H,A,GLY,126,"7.573, -6.941, -0.108"
23,24,HA2,H,A,GLY,126,"7.963, -6.789, 2.539"
24,25,HA3,H,A,GLY,126,"8.861, -7.804, 1.768"
25,26,N,N,A,GLY,127,"9.586, -4.995, 2.196"
26,27,CA,C,A,GLY,127,"10.515, -3.877, 2.073"
27,28,C,C,A,GLY,127,"9.841, -2.512, 2.04"
28,29,O,O,A,GLY,127,"10.517, -1.494, 2.176"
29,30,H,H,A,GLY,127,"9.251, -5.057, 2.986"
30,31,HA2,H,A,GLY,127,"11.137, -3.902, 2.817"
31,32,HA3,H,A,GLY,127,"11.037, -3.99, 1.263"
32,33,N,N,A,TYR,128,"8.524, -2.458, 1.845"
33,34,CA,C,A,TYR,128,"7.771, -1.223, 1.944"
34,35,C,C,A,TYR,128,"7.536, -0.876, 3.416"
35,36,O,O,A,TYR,128,"7.76, -1.691, 4.318"
36,37,CB,C,A,TYR,128,"6.471, -1.316, 1.118"
37,38,CG,C,A,TYR,128,"6.575, -0.605, -0.219"
38,39,CD1,C,A,TYR,128,"7.433, -1.09, -1.226"
39,40,CD2,C,A,TYR,128,"5.835, 0.568, -0.438"
40,41,CE1,C,A,TYR,128,"7.571, -0.374, -2.43"
41,42,CE2,C,A,TYR,128,"6.012, 1.311, -1.615"
42,43,CZ,C,A,TYR,128,"6.896, 0.854, -2.614"
43,44,OH,O,A,TYR,128,"7.113, 1.596, -3.735"
44,45,H,H,A,TYR,128,"8.045, -3.145, 1.65"
45,46,HA,H,A,TYR,128,"8.28, -0.491, 1.562"
46,47,HB2,H,A,TYR,128,"6.254, -2.249, 0.968"
47,48,HB3,H,A,TYR,128,"5.74, -0.933, 1.628"
48,49,HD1,H,A,TYR,128,"7.906, -1.88, -1.096"
49,50,HD2,H,A,TYR,128,"5.223, 0.854, 0.201"
50,51,HE1,H,A,TYR,128,"8.11, -0.711, -3.109"
51,52,HE2,H,A,TYR,128,"5.545, 2.106, -1.736"
52,53,HH,H,A,TYR,128,"6.645, 2.293, -3.705"
53,54,N,N,A,MET,129,"7.07, 0.343, 3.659"
54,55,CA,C,A,MET,129,"6.702, 0.875, 4.959"
55,56,C,C,A,MET,129,"5.207, 1.164, 4.959"
56,57,O,O,A,MET,129,"4.514, 0.93, 3.97"
57,58,CB,C,A,MET,129,"7.524, 2.143, 5.252"
58,59,CG,C,A,MET,129,"7.936, 2.283, 6.718"
59,60,SD,S,A,MET,129,"8.958, 0.92, 7.342"
60,61,CE,C,A,MET,129,"10.512, 1.2, 6.438"
61,62,H,H,A,MET,129,"6.954, 0.916, 3.028"
62,63,HA,H,A,MET,129,"6.895, 0.232, 5.659"
63,64,HB2,H,A,MET,129,"8.321, 2.137, 4.699"
64,65,HB3,H,A,MET,129,"7.006, 2.921, 4.994"
65,66,HG2,H,A,MET,129,"8.423, 3.115, 6.828"
66,67,HG3,H,A,MET,129,"7.136, 2.349, 7.263"
67,68,HE1,H,A,MET,129,"11.188, 0.581, 6.757"
68,69,HE2,H,A,MET,129,"10.365, 1.058, 5.49"
69,70,HE3,H,A,MET,129,"10.813, 2.11, 6.585"
70,71,N,N,A,LEU,130,"4.718, 1.711, 6.065"
71,72,CA,C,A,LEU,130,"3.327, 2.082, 6.269"
72,73,C,C,A,LEU,130,"3.315, 3.377, 7.071"
73,74,O,O,A,LEU,130,"3.786, 3.385, 8.21"
74,75,CB,C,A,LEU,130,"2.634, 0.958, 7.048"
75,76,CG,C,A,LEU,130,"1.123, 1.225, 7.205"
76,77,CD1,C,A,LEU,130,"0.333, 0.591, 6.062"
77,78,CD2,C,A,LEU,130,"0.622, 0.672, 8.537"
78,79,H,H,A,LEU,130,"5.212, 1.883, 6.748"
79,80,HA,H,A,LEU,130,"2.86, 2.212, 5.429"
80,81,HB2,H,A,LEU,130,"2.768, 0.114, 6.589"
81,82,HB3,H,A,LEU,130,"3.041, 0.872, 7.924"
82,83,HG,H,A,LEU,130,"0.987, 2.185, 7.183"
83,84,HD11,H,A,LEU,130,"-0.612, 0.772, 6.182"
84,85,HD12,H,A,LEU,130,"0.629, 0.965, 5.217"
85,86,HD13,H,A,LEU,130,"0.48, -0.368, 6.059"
86,87,HD21,H,A,LEU,130,"-0.328, 0.846, 8.623"
87,88,HD22,H,A,LEU,130,"0.779, -0.285, 8.57"
88,89,HD23,H,A,LEU,130,"1.096, 1.103, 9.265"
89,90,N,N,A,GLY,131,"2.821, 4.466, 6.486"
90,91,CA,C,A,GLY,131,"2.745, 5.753, 7.168"
91,92,C,C,A,GLY,131,"1.606, 5.767, 8.191"
92,93,O,O,A,GLY,131,"0.893, 4.77, 8.36"
93,94,H,H,A,GLY,131,"2.52, 4.478, 5.68"
94,95,HA2,H,A,GLY,131,"3.587, 5.936, 7.614"
95,96,HA3,H,A,GLY,131,"2.609, 6.46, 6.518"
96,97,N,N,A,SER,132,"1.422, 6.899, 8.878"
97,98,CA,C,A,SER,132,"0.493, 7.011, 9.998"
98,99,C,C,A,SER,132,"-0.965, 6.73, 9.606"
99,100,O,O,A,SER,132,"-1.342, 6.647, 8.431"
100,101,CB,C,A,SER,132,"0.644, 8.417, 10.596"
101,102,OG,O,A,SER,132,"-0.016, 8.579, 11.832"
102,103,H,H,A,SER,132,"1.84, 7.63, 8.701"
103,104,HA,H,A,SER,132,"0.715, 6.332, 10.654"
104,105,HB2,H,A,SER,132,"1.587, 8.611, 10.714"
105,106,HB3,H,A,SER,132,"0.298, 9.067, 9.965"
106,107,HG,H,A,SER,132,"0.101, 9.362, 12.112"
107,108,N,N,A,ALA,133,"-1.822, 6.688, 10.622"
108,109,CA,C,A,ALA,133,"-3.251, 6.451, 10.517"
109,110,C,C,A,ALA,133,"-3.942, 7.802, 10.404"
110,111,O,O,A,ALA,133,"-3.807, 8.652, 11.285"
111,112,CB,C,A,ALA,133,"-3.745, 5.66, 11.729"
112,113,H,H,A,ALA,133,"-1.567, 6.804, 11.435"
113,114,HA,H,A,ALA,133,"-3.457, 5.921, 9.731"
114,115,HB1,H,A,ALA,133,"-4.7, 5.507, 11.649"
115,116,HB2,H,A,ALA,133,"-3.284, 4.808, 11.769"
116,117,HB3,H,A,ALA,133,"-3.565, 6.163, 12.539"
117,118,N,N,A,MET,134,"-4.636, 8.034, 9.296"
118,119,CA,C,A,MET,134,"-5.595, 9.131, 9.162"
119,120,C,C,A,MET,134,"-6.991, 8.562, 9.432"
120,121,O,O,A,MET,134,"-7.15, 7.336, 9.533"
121,122,CB,C,A,MET,134,"-5.435, 9.787, 7.78"
122,123,CG,C,A,MET,134,"-5.636, 8.83, 6.597"
123,124,SD,S,A,MET,134,"-4.536, 9.124, 5.192"
124,125,CE,C,A,MET,134,"-3.353, 7.755, 5.301"
125,126,H,H,A,MET,134,"-4.564, 7.552, 8.588"
126,127,HA,H,A,MET,134,"-5.44, 9.84, 9.806"
127,128,HB2,H,A,MET,134,"-6.071, 10.515, 7.704"
128,129,HB3,H,A,MET,134,"-4.549, 10.177, 7.72"
129,130,HG2,H,A,MET,134,"-5.508, 7.92, 6.908"
130,131,HG3,H,A,MET,134,"-6.555, 8.899, 6.293"
131,132,HE1,H,A,MET,134,"-2.779, 7.76, 4.519"
132,133,HE2,H,A,MET,134,"-2.812, 7.858, 6.099"
133,134,HE3,H,A,MET,134,"-3.834, 6.914, 5.343"
134,135,N,N,A,SER,135,"-8.014, 9.402, 9.597"
135,136,CA,C,A,SER,135,"-9.374, 8.871, 9.559"
136,137,C,C,A,SER,135,"-9.703, 8.504, 8.109"
137,138,O,O,A,SER,135,"-9.061, 8.99, 7.168"
138,139,CB,C,A,SER,135,"-10.381, 9.845, 10.165"
139,140,OG,O,A,SER,135,"-11.602, 9.168, 10.383"
140,141,H,H,A,SER,135,"-7.947, 10.249, 9.727"
141,142,HA,H,A,SER,135,"-9.433, 8.073, 10.107"
142,143,HB2,H,A,SER,135,"-10.041, 10.201, 11.001"
143,144,HB3,H,A,SER,135,"-10.518, 10.599, 9.57"
144,145,HG,H,A,SER,135,"-12.161, 9.698, 10.718"
145,146,N,N,A,ARG,136,"-10.698, 7.646, 7.898"
146,147,CA,C,A,ARG,136,"-11.153, 7.299, 6.562"
147,148,C,C,A,ARG,136,"-11.749, 8.52, 5.851"
148,149,O,O,A,ARG,136,"-12.534, 9.248, 6.471"
149,150,CB,C,A,ARG,136,"-12.123, 6.122, 6.642"
150,151,CG,C,A,ARG,136,"-11.312, 4.862, 6.953"
151,152,CD,C,A,ARG,136,"-12.146, 3.584, 7.032"
152,153,NE,N,A,ARG,136,"-12.504, 3.301, 8.43"
153,154,CZ,C,A,ARG,136,"-12.143, 2.244, 9.163"
154,155,NH1,N,A,ARG,136,"-11.508, 1.196, 8.653"
155,156,NH2,N,A,ARG,136,"-12.434, 2.242, 10.454"
156,157,H,H,A,ARG,136,"-11.127, 7.25, 8.529"
157,158,HA,H,A,ARG,136,"-10.398, 7.018, 6.022"
158,159,HB2,H,A,ARG,136,"-12.788, 6.276, 7.331"
159,160,HB3,H,A,ARG,136,"-12.602, 6.019, 5.805"
160,161,HG2,H,A,ARG,136,"-10.632, 4.751, 6.27"
161,162,HG3,H,A,ARG,136,"-10.85, 4.987, 7.796"
162,163,HD2,H,A,ARG,136,"-12.95, 3.68, 6.498"
163,164,HD3,H,A,ARG,136,"-11.646, 2.84, 6.661"
164,165,HE,H,A,ARG,136,"-13.003, 3.883, 8.82"
165,166,HH11,H,A,ARG,136,"-11.311, 1.178, 7.816"
166,167,HH12,H,A,ARG,136,"-11.293, 0.535, 9.16"
167,168,HH21,H,A,ARG,136,"-12.846, 2.911, 10.803"
168,169,HH22,H,A,ARG,136,"-12.211, 1.572, 10.944"
169,170,N,N,A,PRO,137,"-11.393, 8.754, 4.577"
170,171,CA,C,A,PRO,137,"-12.05, 9.73, 3.721"
171,172,C,C,A,PRO,137,"-13.447, 9.243, 3.338"
172,173,O,O,A,PRO,137,"-13.801, 8.08, 3.551"
173,174,CB,C,A,PRO,137,"-11.17, 9.817, 2.47"
174,175,CG,C,A,PRO,137,"-10.628, 8.395, 2.356"
175,176,CD,C,A,PRO,137,"-10.396, 8.023, 3.812"
176,177,HA,H,A,PRO,137,"-12.153, 10.588, 4.162"
177,178,HB2,H,A,PRO,137,"-11.68, 10.074, 1.686"
178,179,HB3,H,A,PRO,137,"-10.459, 10.469, 2.572"
179,180,HG2,H,A,PRO,137,"-11.261, 7.799, 1.926"
180,181,HG3,H,A,PRO,137,"-9.809, 8.36, 1.838"
181,182,HD2,H,A,PRO,137,"-10.489, 7.067, 3.945"
182,183,HD3,H,A,PRO,137,"-9.499, 8.262, 4.093"
183,184,N,N,A,ILE,138,"-14.223, 10.125, 2.713"
184,185,CA,C,A,ILE,138,"-15.53, 9.833, 2.147"
185,186,C,C,A,ILE,138,"-15.531, 10.461, 0.751"
186,187,O,O,A,ILE,138,"-15.432, 11.685, 0.622"
187,188,CB,C,A,ILE,138,"-16.668, 10.29, 3.061"
188,189,CG1,C,A,ILE,138,"-16.42, 9.669, 4.454"
189,190,CG2,C,A,ILE,138,"-17.987, 9.789, 2.444"
190,191,CD1,C,A,ILE,138,"-17.577, 9.819, 5.406"
191,192,H,H,A,ILE,138,"-13.989, 10.945, 2.604"
192,193,HA,H,A,ILE,138,"-15.692, 8.88, 2.069"
193,194,HB,H,A,ILE,138,"-16.713, 11.255, 3.152"
194,195,HG12,H,A,ILE,138,"-16.222, 8.726, 4.347"
195,196,HG13,H,A,ILE,138,"-15.635, 10.081, 4.847"
196,197,HG21,H,A,ILE,138,"-18.731, 10.064, 3.003"
197,198,HG22,H,A,ILE,138,"-18.093, 10.166, 1.557"
198,199,HG23,H,A,ILE,138,"-17.969, 8.821, 2.384"
199,200,HD11,H,A,ILE,138,"-17.352, 9.408, 6.256"
200,201,HD12,H,A,ILE,138,"-17.764, 10.761, 5.542"
201,202,HD13,H,A,ILE,138,"-18.36, 9.384, 5.034"
202,203,N,N,A,ILE,139,"-15.552, 9.639, -0.295"
203,204,CA,C,A,ILE,139,"-15.509, 10.064, -1.685"
204,205,C,C,A,ILE,139,"-16.857, 9.73, -2.316"
205,206,O,O,A,ILE,139,"-17.27, 8.568, -2.328"
206,207,CB,C,A,ILE,139,"-14.326, 9.455, -2.468"
207,208,CG1,C,A,ILE,139,"-12.952, 9.705, -1.81"
208,209,CG2,C,A,ILE,139,"-14.289, 10.08, -3.873"
209,210,CD1,C,A,ILE,139,"-12.55, 8.604, -0.832"
210,211,H,H,A,ILE,139,"-15.593, 8.784, -0.207"
211,212,HA,H,A,ILE,139,"-15.354, 11.021, -1.722"
212,213,HB,H,A,ILE,139,"-14.473, 8.496, -2.488"
213,214,HG12,H,A,ILE,139,"-12.276, 9.779, -2.502"
214,215,HG13,H,A,ILE,139,"-12.973, 10.555, -1.342"
215,216,HG21,H,A,ILE,139,"-13.549, 9.705, -4.375"
216,217,HG22,H,A,ILE,139,"-15.121, 9.89, -4.334"
217,218,HG23,H,A,ILE,139,"-14.174, 11.04, -3.797"
218,219,HD11,H,A,ILE,139,"-11.683, 8.811, -0.45"
219,220,HD12,H,A,ILE,139,"-13.209, 8.544, -0.123"
220,221,HD13,H,A,ILE,139,"-12.502, 7.756, -1.301"
221,222,N,N,A,HIS,140,"-17.523, 10.753, -2.844"
222,223,CA,C,A,HIS,140,"-18.738, 10.602, -3.622"
223,224,C,C,A,HIS,140,"-18.45, 9.871, -4.946"
224,225,O,O,A,HIS,140,"-17.381, 10.035, -5.549"
225,226,CB,C,A,HIS,140,"-19.306, 11.993, -3.924"
226,227,CG,C,A,HIS,140,"-19.691, 12.839, -2.731"
227,228,ND1,N,A,HIS,140,"-20.363, 12.436, -1.596"
228,229,CD2,C,A,HIS,140,"-19.568, 14.201, -2.672"
229,230,CE1,C,A,HIS,140,"-20.679, 13.543, -0.901"
230,231,NE2,N,A,HIS,140,"-20.215, 14.648, -1.514"
231,232,H,H,A,HIS,140,"-17.272, 11.571, -2.755"
232,233,HA,H,A,HIS,140,"-19.377, 10.078, -3.114"
233,234,HB2,H,A,HIS,140,"-18.65, 12.483, -4.444"
234,235,HB3,H,A,HIS,140,"-20.09, 11.885, -4.485"
235,236,HD1,H,A,HIS,140,"-20.546, 11.626, -1.374"
236,237,HD2,H,A,HIS,140,"-19.13, 14.737, -3.294"
237,238,HE1,H,A,HIS,140,"-21.155, 13.545, -0.102"
238,239,N,N,A,PHE,141,"-19.452, 9.15, -5.456"
239,240,CA,C,A,PHE,141,"-19.359, 8.383, -6.699"
240,241,C,C,A,PHE,141,"-20.333, 8.857, -7.78"
241,242,O,O,A,PHE,141,"-20.163, 8.48, -8.942"
242,243,CB,C,A,PHE,141,"-19.584, 6.895, -6.395"
243,244,CG,C,A,PHE,141,"-18.404, 6.223, -5.724"
244,245,CD1,C,A,PHE,141,"-17.391, 5.652, -6.518"
245,246,CD2,C,A,PHE,141,"-18.307, 6.164, -4.321"
246,247,CE1,C,A,PHE,141,"-16.287, 5.028, -5.914"
247,248,CE2,C,A,PHE,141,"-17.201, 5.542, -3.719"
248,249,CZ,C,A,PHE,141,"-16.186, 4.988, -4.514"
249,250,H,H,A,PHE,141,"-20.223, 9.093, -5.078"
250,251,HA,H,A,PHE,141,"-18.469, 8.525, -7.057"
251,252,HB2,H,A,PHE,141,"-20.364, 6.804, -5.826"
252,253,HB3,H,A,PHE,141,"-19.782, 6.431, -7.223"
253,254,HD1,H,A,PHE,141,"-17.453, 5.688, -7.445"
254,255,HD2,H,A,PHE,141,"-18.975, 6.537, -3.793"
255,256,HE1,H,A,PHE,141,"-15.624, 4.642, -6.44"
256,257,HE2,H,A,PHE,141,"-17.141, 5.497, -2.792"
257,258,HZ,H,A,PHE,141,"-15.445, 4.594, -4.113"
258,259,N,N,A,GLY,142,"-21.328, 9.677, -7.436"
259,260,CA,C,A,GLY,142,"-22.438, 10.023, -8.311"
260,261,C,C,A,GLY,142,"-23.795, 9.621, -7.729"
261,262,O,O,A,GLY,142,"-24.807, 9.857, -8.388"
262,263,H,H,A,GLY,142,"-21.373, 10.055, -6.665"
263,264,HA2,H,A,GLY,142,"-22.431, 10.979, -8.474"
264,265,HA3,H,A,GLY,142,"-22.316, 9.588, -9.169"
265,266,N,N,A,SER,143,"-23.845, 9.046, -6.525"
266,267,CA,C,A,SER,143,"-25.061, 8.66, -5.827"
267,268,C,C,A,SER,143,"-24.735, 8.645, -4.336"
268,269,O,O,A,SER,143,"-23.624, 8.284, -3.94"
269,270,CB,C,A,SER,143,"-25.466, 7.272, -6.328"
270,271,OG,O,A,SER,143,"-26.662, 6.754, -5.777"
271,272,H,H,A,SER,143,"-23.134, 8.864, -6.077"
272,273,HA,H,A,SER,143,"-25.797, 9.271, -5.986"
273,274,HB2,H,A,SER,143,"-25.561, 7.308, -7.293"
274,275,HB3,H,A,SER,143,"-24.745, 6.652, -6.137"
275,276,HG,H,A,SER,143,"-26.815, 5.995, -6.102"
276,277,N,N,A,ASP,144,"-25.709, 9.028, -3.516"
277,278,CA,C,A,ASP,144,"-25.573, 9.11, -2.056"
278,279,C,C,A,ASP,144,"-25.626, 7.723, -1.407"
279,280,O,O,A,ASP,144,"-25.156, 7.532, -0.288"
280,281,CB,C,A,ASP,144,"-26.684, 10.001, -1.483"
281,282,CG,C,A,ASP,144,"-26.44, 10.381, -0.02"
282,283,OD1,O,A,ASP,144,"-25.794, 11.422, 0.238"
283,284,OD2,O,A,ASP,144,"-26.98, 9.712, 0.893"
284,285,H,H,A,ASP,144,"-26.49, 9.254, -3.797"
285,286,HA,H,A,ASP,144,"-24.707, 9.497, -1.855"
286,287,HB2,H,A,ASP,144,"-26.753, 10.809, -2.016"
287,288,HB3,H,A,ASP,144,"-27.534, 9.539, -1.556"
288,289,N,N,A,TYR,145,"-26.174, 6.72, -2.099"
289,290,CA,C,A,TYR,145,"-26.18, 5.353, -1.593"
290,291,C,C,A,TYR,145,"-24.745, 4.849, -1.467"
291,292,O,O,A,TYR,145,"-24.4, 4.253, -0.454"
292,293,CB,C,A,TYR,145,"-26.983, 4.433, -2.516"
293,294,CG,C,A,TYR,145,"-27.296, 3.094, -1.873"
294,295,CD1,C,A,TYR,145,"-26.332, 2.067, -1.862"
295,296,CD2,C,A,TYR,145,"-28.548, 2.876, -1.266"
296,297,CE1,C,A,TYR,145,"-26.615, 0.834, -1.251"
297,298,CE2,C,A,TYR,145,"-28.847, 1.636, -0.674"
298,299,CZ,C,A,TYR,145,"-27.883, 0.602, -0.676"
299,300,OH,O,A,TYR,145,"-28.178, -0.615, -0.138"
300,301,H,H,A,TYR,145,"-26.548, 6.816, -2.867"
301,302,HA,H,A,TYR,145,"-26.603, 5.346, -0.72"
302,303,HB2,H,A,TYR,145,"-27.812, 4.871, -2.763"
303,304,HB3,H,A,TYR,145,"-26.485, 4.286, -3.335"
304,305,HD1,H,A,TYR,145,"-25.504, 2.206, -2.261"
305,306,HD2,H,A,TYR,145,"-29.181, 3.557, -1.257"
306,307,HE1,H,A,TYR,145,"-25.965, 0.169, -1.225"
307,308,HE2,H,A,TYR,145,"-29.678, 1.496, -0.281"
308,309,HH,H,A,TYR,145,"-28.961, -0.605, 0.165"
309,310,N,N,A,GLU,146,"-23.9, 5.115, -2.467"
310,311,CA,C,A,GLU,146,"-22.516, 4.646, -2.497"
311,312,C,C,A,GLU,146,"-21.691, 5.279, -1.377"
312,313,O,O,A,GLU,146,"-20.686, 4.719, -0.956"
313,314,CB,C,A,GLU,146,"-21.869, 5.02, -3.834"
314,315,CG,C,A,GLU,146,"-22.544, 4.416, -5.056"
315,316,CD,C,A,GLU,146,"-22.441, 2.904, -5.131"
316,317,OE1,O,A,GLU,146,"-23.143, 2.205, -4.371"
317,318,OE2,O,A,GLU,146,"-21.667, 2.437, -5.998"
318,319,H,H,A,GLU,146,"-24.12, 5.58, -3.156"
319,320,HA,H,A,GLU,146,"-22.531, 3.683, -2.379"
320,321,HB2,H,A,GLU,146,"-21.872, 5.986, -3.922"
321,322,HB3,H,A,GLU,146,"-20.941, 4.739, -3.82"
322,323,HG2,H,A,GLU,146,"-23.481, 4.668, -5.055"
323,324,HG3,H,A,GLU,146,"-22.149, 4.798, -5.855"
324,325,N,N,A,ASP,147,"-22.147, 6.424, -0.87"
325,326,CA,C,A,ASP,147,"-21.501, 7.183, 0.187"
326,327,C,C,A,ASP,147,"-21.752, 6.405, 1.476"
327,328,O,O,A,ASP,147,"-20.827, 5.882, 2.1"
328,329,CB,C,A,ASP,147,"-22.117, 8.595, 0.213"
329,330,CG,C,A,ASP,147,"-21.228, 9.638, 0.878"
330,331,OD1,O,A,ASP,147,"-20.439, 10.273, 0.139"
331,332,OD2,O,A,ASP,147,"-21.374, 9.897, 2.098"
332,333,H,H,A,ASP,147,"-22.873, 6.791, -1.148"
333,334,HA,H,A,ASP,147,"-20.546, 7.293, 0.06"
334,335,HB2,H,A,ASP,147,"-22.305, 8.874, -0.697"
335,336,HB3,H,A,ASP,147,"-22.966, 8.56, 0.68"
336,337,N,N,A,ARG,148,"-23.037, 6.226, 1.806"
337,338,CA,C,A,ARG,148,"-23.519, 5.527, 2.993"
338,339,C,C,A,ARG,148,"-23.141, 4.054, 3.032"
339,340,O,O,A,ARG,148,"-22.777, 3.576, 4.103"
340,341,CB,C,A,ARG,148,"-25.045, 5.652, 3.076"
341,342,CG,C,A,ARG,148,"-25.496, 6.691, 4.102"
342,343,CD,C,A,ARG,148,"-26.873, 7.266, 3.742"
343,344,NE,N,A,ARG,148,"-27.892, 6.208, 3.726"
344,345,CZ,C,A,ARG,148,"-29.033, 6.181, 4.413"
345,346,NH1,N,A,ARG,148,"-29.54, 7.276, 4.96"
346,347,NH2,N,A,ARG,148,"-29.682, 5.03, 4.532"
347,348,H,H,A,ARG,148,"-23.678, 6.525, 1.317"
348,349,HA,H,A,ARG,148,"-23.088, 5.949, 3.752"
349,350,HB2,H,A,ARG,148,"-25.394, 5.892, 2.203"
350,351,HB3,H,A,ARG,148,"-25.424, 4.79, 3.306"
351,352,HG2,H,A,ARG,148,"-25.532, 6.285, 4.982"
352,353,HG3,H,A,ARG,148,"-24.845, 7.409, 4.147"
353,354,HD2,H,A,ARG,148,"-27.121, 7.95, 4.384"
354,355,HD3,H,A,ARG,148,"-26.832, 7.695, 2.873"
355,356,HE,H,A,ARG,148,"-27.735, 5.532, 3.218"
356,357,HH11,H,A,ARG,148,"-29.131, 8.028, 4.876"
357,358,HH12,H,A,ARG,148,"-30.278, 7.235, 5.399"
358,359,HH21,H,A,ARG,148,"-29.365, 4.318, 4.169"
359,360,HH22,H,A,ARG,148,"-30.42, 4.996, 4.972"
360,361,N,N,A,TYR,149,"-23.274, 3.323, 1.922"
361,362,CA,C,A,TYR,149,"-23.093, 1.876, 1.9"
362,363,C,C,A,TYR,149,"-21.676, 1.525, 2.332"
363,364,O,O,A,TYR,149,"-21.487, 0.689, 3.221"
364,365,CB,C,A,TYR,149,"-23.393, 1.306, 0.51"
365,366,CG,C,A,TYR,149,"-23.237, -0.204, 0.45"
366,367,CD1,C,A,TYR,149,"-24.316, -1.031, 0.813"
367,368,CD2,C,A,TYR,149,"-22.006, -0.783, 0.081"
368,369,CE1,C,A,TYR,149,"-24.179, -2.43, 0.793"
369,370,CE2,C,A,TYR,149,"-21.856, -2.182, 0.072"
370,371,CZ,C,A,TYR,149,"-22.945, -3.013, 0.419"
371,372,OH,O,A,TYR,149,"-22.807, -4.368, 0.389"
372,373,H,H,A,TYR,149,"-23.474, 3.66, 1.156"
373,374,HA,H,A,TYR,149,"-23.719, 1.477, 2.524"
374,375,HB2,H,A,TYR,149,"-24.298, 1.544, 0.255"
375,376,HB3,H,A,TYR,149,"-22.799, 1.715, -0.138"
376,377,HD1,H,A,TYR,149,"-25.125, -0.65, 1.068"
377,378,HD2,H,A,TYR,149,"-21.291, -0.239, -0.157"
378,379,HE1,H,A,TYR,149,"-24.898, -2.972, 1.025"
379,380,HE2,H,A,TYR,149,"-21.039, -2.56, -0.163"
380,381,HH,H,A,TYR,149,"-22.026, -4.565, 0.15"
381,382,N,N,A,TYR,150,"-20.702, 2.198, 1.711"
382,383,CA,C,A,TYR,150,"-19.316, 2.195, 2.134"
383,384,C,C,A,TYR,150,"-19.239, 2.627, 3.597"
384,385,O,O,A,TYR,150,"-18.668, 1.9, 4.405"
385,386,CB,C,A,TYR,150,"-18.509, 3.121, 1.213"
386,387,CG,C,A,TYR,150,"-17.259, 3.704, 1.842"
387,388,CD1,C,A,TYR,150,"-16.135, 2.892, 2.09"
388,389,CD2,C,A,TYR,150,"-17.227, 5.074, 2.169"
389,390,CE1,C,A,TYR,150,"-14.982, 3.457, 2.668"
390,391,CE2,C,A,TYR,150,"-16.071, 5.636, 2.738"
391,392,CZ,C,A,TYR,150,"-14.941, 4.83, 3.0"
392,393,OH,O,A,TYR,150,"-13.819, 5.376, 3.546"
393,394,H,H,A,TYR,150,"-20.843, 2.68, 1.013"
394,395,HA,H,A,TYR,150,"-18.935, 1.305, 2.068"
395,396,HB2,H,A,TYR,150,"-18.256, 2.626, 0.418"
396,397,HB3,H,A,TYR,150,"-19.081, 3.849, 0.924"
397,398,HD1,H,A,TYR,150,"-16.154, 1.988, 1.873"
398,399,HD2,H,A,TYR,150,"-17.972, 5.607, 2.008"
399,400,HE1,H,A,TYR,150,"-14.24, 2.921, 2.833"
400,401,HE2,H,A,TYR,150,"-16.05, 6.543, 2.943"
401,402,HH,H,A,TYR,150,"-13.879, 6.214, 3.53"
402,403,N,N,A,ARG,151,"-19.822, 3.78, 3.949"
403,404,CA,C,A,ARG,151,"-19.67, 4.394, 5.263"
404,405,C,C,A,ARG,151,"-19.996, 3.455, 6.41"
405,406,O,O,A,ARG,151,"-19.218, 3.269, 7.341"
406,407,CB,C,A,ARG,151,"-20.532, 5.658, 5.395"
407,408,CG,C,A,ARG,151,"-19.631, 6.76, 5.926"
408,409,CD,C,A,ARG,151,"-20.329, 7.673, 6.916"
409,410,NE,N,A,ARG,151,"-20.582, 6.969, 8.178"
410,411,CZ,C,A,ARG,151,"-19.655, 6.701, 9.102"
411,412,NH1,N,A,ARG,151,"-18.594, 7.485, 9.273"
412,413,NH2,N,A,ARG,151,"-19.812, 5.632, 9.862"
413,414,H,H,A,ARG,151,"-20.325, 4.231, 3.417"
414,415,HA,H,A,ARG,151,"-18.73, 4.625, 5.326"
415,416,HB2,H,A,ARG,151,"-20.909, 5.907, 4.537"
416,417,HB3,H,A,ARG,151,"-21.276, 5.504, 5.997"
417,418,HG2,H,A,ARG,151,"-18.857, 6.36, 6.353"
418,419,HG3,H,A,ARG,151,"-19.303, 7.289, 5.182"
419,420,HD2,H,A,ARG,151,"-19.783, 8.457, 7.081"
420,421,HD3,H,A,ARG,151,"-21.167, 7.985, 6.54"
421,422,HE,H,A,ARG,151,"-21.387, 6.71, 8.335"
422,423,HH11,H,A,ARG,151,"-18.492, 8.184, 8.782"
423,424,HH12,H,A,ARG,151,"-18.01, 7.293, 9.874"
424,425,HH21,H,A,ARG,151,"-20.499, 5.126, 9.756"
425,426,HH22,H,A,ARG,151,"-19.227, 5.442, 10.463"
426,427,N,N,A,GLU,152,"-21.19, 2.896, 6.355"
427,428,CA,C,A,GLU,152,"-21.717, 1.996, 7.367"
428,429,C,C,A,GLU,152,"-20.888, 0.711, 7.482"
429,430,O,O,A,GLU,152,"-20.9, 0.058, 8.53"
430,431,CB,C,A,GLU,152,"-23.179, 1.672, 7.065"
431,432,CG,C,A,GLU,152,"-24.082, 2.896, 7.27"
432,433,CD,C,A,GLU,152,"-25.402, 2.47, 7.899"
433,434,OE1,O,A,GLU,152,"-26.333, 2.101, 7.153"
434,435,OE2,O,A,GLU,152,"-25.512, 2.527, 9.145"
435,436,H,H,A,GLU,152,"-21.737, 3.033, 5.706"
436,437,HA,H,A,GLU,152,"-21.661, 2.447, 8.224"
437,438,HB2,H,A,GLU,152,"-23.26, 1.359, 6.151"
438,439,HB3,H,A,GLU,152,"-23.477, 0.949, 7.64"
439,440,HG2,H,A,GLU,152,"-23.638, 3.543, 7.84"
440,441,HG3,H,A,GLU,152,"-24.246, 3.332, 6.419"
441,442,N,N,A,ASN,153,"-20.155, 0.35, 6.428"
442,443,CA,C,A,ASN,153,"-19.239, -0.782, 6.388"
443,444,C,C,A,ASN,153,"-17.789, -0.331, 6.568"
444,445,O,O,A,ASN,153,"-16.894, -1.169, 6.456"
445,446,CB,C,A,ASN,153,"-19.4, -1.548, 5.059"
446,447,CG,C,A,ASN,153,"-20.43, -2.656, 5.171"
447,448,OD1,O,A,ASN,153,"-20.079, -3.823, 5.353"
448,449,ND2,N,A,ASN,153,"-21.71, -2.328, 5.117"
449,450,H,H,A,ASN,153,"-20.182, 0.781, 5.684"
450,451,HA,H,A,ASN,153,"-19.46, -1.373, 7.124"
451,452,HB2,H,A,ASN,153,"-19.664, -0.93, 4.359"
452,453,HB3,H,A,ASN,153,"-18.546, -1.925, 4.797"
453,454,HD21,H,A,ASN,153,"-22.313, -2.934, 5.21"
454,455,HD22,H,A,ASN,153,"-21.939, -1.509, 4.989"
455,456,N,N,A,MET,154,"-17.489, 0.943, 6.854"
456,457,CA,C,A,MET,154,"-16.188, 1.492, 6.474"
457,458,C,C,A,MET,154,"-15.113, 0.938, 7.391"
458,459,O,O,A,MET,154,"-13.945, 0.912, 7.017"
459,460,CB,C,A,MET,154,"-16.162, 3.026, 6.451"
460,461,CG,C,A,MET,154,"-16.121, 3.688, 7.836"
461,462,SD,S,A,MET,154,"-16.263, 5.5, 7.911"
462,463,CE,C,A,MET,154,"-15.614, 6.029, 6.3"
463,464,H,H,A,MET,154,"-18.014, 1.492, 7.258"
464,465,HA,H,A,MET,154,"-16.011, 1.213, 5.562"
465,466,HB2,H,A,MET,154,"-15.388, 3.317, 5.944"
466,467,HB3,H,A,MET,154,"-16.947, 3.344, 5.977"
467,468,HG2,H,A,MET,154,"-16.838, 3.31, 8.369"
468,469,HG3,H,A,MET,154,"-15.287, 3.436, 8.263"
469,470,HE1,H,A,MET,154,"-15.336, 6.957, 6.352"
470,471,HE2,H,A,MET,154,"-14.853, 5.477, 6.06"
471,472,HE3,H,A,MET,154,"-16.305, 5.936, 5.626"
472,473,N,N,A,HIS,155,"-15.536, 0.42, 8.546"
473,474,CA,C,A,HIS,155,"-14.702, -0.284, 9.509"
474,475,C,C,A,HIS,155,"-13.802, -1.354, 8.869"
475,476,O,O,A,HIS,155,"-12.683, -1.554, 9.353"
476,477,CB,C,A,HIS,155,"-15.564, -0.861, 10.645"
477,478,CG,C,A,HIS,155,"-14.863, -0.877, 11.983"
478,479,ND1,N,A,HIS,155,"-14.343, 0.228, 12.618"
479,480,CD2,C,A,HIS,155,"-14.718, -1.941, 12.831"
480,481,CE1,C,A,HIS,155,"-13.871, -0.158, 13.811"
481,482,NE2,N,A,HIS,155,"-14.073, -1.475, 13.986"
482,483,H,H,A,HIS,155,"-16.357, 0.475, 8.797"
483,484,HA,H,A,HIS,155,"-14.092, 0.369, 9.887"
484,485,HB2,H,A,HIS,155,"-16.378, -0.339, 10.721"
485,486,HB3,H,A,HIS,155,"-15.827, -1.766, 10.415"
486,487,HD2,H,A,HIS,155,"-14.996, -2.814, 12.671"
487,488,HE1,H,A,HIS,155,"-13.462, 0.404, 14.429"
488,489,HE2,H,A,HIS,155,"-13.85, -1.942, 14.673"
489,490,N,N,A,ARG,156,"-14.238, -2.018, 7.785"
490,491,CA,C,A,ARG,156,"-13.436, -3.024, 7.098"
491,492,C,C,A,ARG,156,"-12.46, -2.407, 6.095"
492,493,O,O,A,ARG,156,"-11.407, -2.994, 5.873"
493,494,CB,C,A,ARG,156,"-14.376, -4.042, 6.43"
494,495,CG,C,A,ARG,156,"-15.056, -3.512, 5.164"
495,496,CD,C,A,ARG,156,"-16.367, -4.211, 4.798"
496,497,NE,N,A,ARG,156,"-16.201, -5.63, 4.443"
497,498,CZ,C,A,ARG,156,"-17.184, -6.54, 4.455"
498,499,NH1,N,A,ARG,156,"-18.421, -6.222, 4.834"
499,500,NH2,N,A,ARG,156,"-16.948, -7.785, 4.068"
500,501,H,H,A,ARG,156,"-15.012, -1.891, 7.433"
501,502,HA,H,A,ARG,156,"-12.884, -3.48, 7.752"
502,503,HB2,H,A,ARG,156,"-13.871, -4.839, 6.207"
503,504,HB3,H,A,ARG,156,"-15.058, -4.308, 7.067"
504,505,HG2,H,A,ARG,156,"-15.23, -2.565, 5.278"
505,506,HG3,H,A,ARG,156,"-14.439, -3.599, 4.42"
506,507,HD2,H,A,ARG,156,"-16.981, -4.142, 5.546"
507,508,HD3,H,A,ARG,156,"-16.776, -3.745, 4.052"
508,509,HE,H,A,ARG,156,"-15.416, -5.894, 4.211"
509,510,HH11,H,A,ARG,156,"-18.603, -5.418, 5.078"
510,511,HH12,H,A,ARG,156,"-19.038, -6.821, 4.835"
511,512,HH21,H,A,ARG,156,"-16.161, -8.012, 3.807"
512,513,HH22,H,A,ARG,156,"-17.582, -8.366, 4.077"
513,514,N,N,A,TYR,157,"-12.803, -1.273, 5.471"
514,515,CA,C,A,TYR,157,"-12.016, -0.677, 4.394"
515,516,C,C,A,TYR,157,"-10.691, -0.151, 4.984"
516,517,O,O,A,TYR,157,"-10.618, 0.141, 6.188"
517,518,CB,C,A,TYR,157,"-12.828, 0.429, 3.67"
518,519,CG,C,A,TYR,157,"-13.971, -0.057, 2.777"
519,520,CD1,C,A,TYR,157,"-15.173, -0.516, 3.347"
520,521,CD2,C,A,TYR,157,"-13.862, -0.036, 1.37"
521,522,CE1,C,A,TYR,157,"-16.21, -1.021, 2.545"
522,523,CE2,C,A,TYR,157,"-14.865, -0.601, 0.561"
523,524,CZ,C,A,TYR,157,"-16.049, -1.098, 1.146"
524,525,OH,O,A,TYR,157,"-17.047, -1.627, 0.389"
525,526,H,H,A,TYR,157,"-13.511, -0.825, 5.668"
526,527,HA,H,A,TYR,157,"-11.806, -1.343, 3.721"
527,528,HB2,H,A,TYR,157,"-13.196, 1.027, 4.34"
528,529,HB3,H,A,TYR,157,"-12.217, 0.952, 3.128"
529,530,HD1,H,A,TYR,157,"-15.283, -0.485, 4.27"
530,531,HD2,H,A,TYR,157,"-13.118, 0.356, 0.973"
531,532,HE1,H,A,TYR,157,"-17.004, -1.305, 2.937"
532,533,HE2,H,A,TYR,157,"-14.747, -0.647, -0.36"
533,534,HH,H,A,TYR,157,"-16.823, -1.612, -0.42"
534,535,N,N,A,PRO,158,"-9.628, -0.008, 4.173"
535,536,CA,C,A,PRO,158,"-8.339, 0.484, 4.652"
536,537,C,C,A,PRO,158,"-8.454, 1.913, 5.188"
537,538,O,O,A,PRO,158,"-9.301, 2.693, 4.757"
538,539,CB,C,A,PRO,158,"-7.384, 0.363, 3.457"
539,540,CG,C,A,PRO,158,"-8.307, 0.372, 2.239"
540,541,CD,C,A,PRO,158,"-9.56, -0.328, 2.753"
541,542,HA,H,A,PRO,158,"-8.006, -0.031, 5.404"
542,543,HB2,H,A,PRO,158,"-6.754, 1.1, 3.43"
543,544,HB3,H,A,PRO,158,"-6.863, -0.454, 3.501"
544,545,HG2,H,A,PRO,158,"-8.497, 1.275, 1.939"
545,546,HG3,H,A,PRO,158,"-7.915, -0.1, 1.488"
546,547,HD2,H,A,PRO,158,"-10.351, -0.016, 2.286"
547,548,HD3,H,A,PRO,158,"-9.507, -1.286, 2.613"
548,549,N,N,A,ASN,159,"-7.562, 2.26, 6.116"
549,550,CA,C,A,ASN,159,"-7.399, 3.589, 6.706"
550,551,C,C,A,ASN,159,"-5.918, 3.973, 6.893"
551,552,O,O,A,ASN,159,"-5.593, 4.996, 7.505"
552,553,CB,C,A,ASN,159,"-8.173, 3.682, 8.025"
553,554,CG,C,A,ASN,159,"-7.566, 2.875, 9.161"
554,555,OD1,O,A,ASN,159,"-8.056, 1.803, 9.491"
555,556,ND2,N,A,ASN,159,"-6.527, 3.373, 9.815"
556,557,H,H,A,ASN,159,"-7.002, 1.691, 6.437"
557,558,HA,H,A,ASN,159,"-7.77, 4.233, 6.083"
558,559,HB2,H,A,ASN,159,"-8.224, 4.613, 8.294"
559,560,HB3,H,A,ASN,159,"-9.083, 3.38, 7.877"
560,561,HD21,H,A,ASN,159,"-6.19, 2.942, 10.479"
561,562,HD22,H,A,ASN,159,"-6.19, 4.127, 9.576"
562,563,N,N,A,GLN,160,"-5.0, 3.139, 6.402"
563,564,CA,C,A,GLN,160,"-3.58, 3.415, 6.226"
564,565,C,C,A,GLN,160,"-3.159, 2.793, 4.895"
565,566,O,O,A,GLN,160,"-3.879, 1.955, 4.344"
566,567,CB,C,A,GLN,160,"-2.752, 2.856, 7.4"
567,568,CG,C,A,GLN,160,"-3.007, 3.579, 8.693"
568,569,CD,C,A,GLN,160,"-2.207, 3.027, 9.862"
569,570,OE1,O,A,GLN,160,"-2.76, 2.352, 10.722"
570,571,NE2,N,A,GLN,160,"-0.918, 3.304, 9.944"
571,572,H,H,A,GLN,160,"-5.208, 2.345, 6.147"
572,573,HA,H,A,GLN,160,"-3.419, 4.371, 6.215"
573,574,HB2,H,A,GLN,160,"-2.957, 1.915, 7.515"
574,575,HB3,H,A,GLN,160,"-1.809, 2.916, 7.182"
575,576,HG2,H,A,GLN,160,"-2.793, 4.518, 8.578"
576,577,HG3,H,A,GLN,160,"-3.952, 3.527, 8.904"
577,578,HE21,H,A,GLN,160,"-0.541, 3.779, 9.334"
578,579,HE22,H,A,GLN,160,"-0.456, 3.01, 10.607"
579,580,N,N,A,VAL,161,"-2.004, 3.201, 4.377"
580,581,CA,C,A,VAL,161,"-1.496, 2.796, 3.074"
581,582,C,C,A,VAL,161,"-0.003, 2.53, 3.182"
582,583,O,O,A,VAL,161,"0.681, 3.175, 3.992"
583,584,CB,C,A,VAL,161,"-1.788, 3.865, 2.002"
584,585,CG1,C,A,VAL,161,"-3.278, 3.936, 1.669"
585,586,CG2,C,A,VAL,161,"-1.312, 5.272, 2.396"
586,587,H,H,A,VAL,161,"-1.477, 3.74, 4.791"
587,588,HA,H,A,VAL,161,"-1.949, 1.984, 2.798"
588,589,HB,H,A,VAL,161,"-1.284, 3.58, 1.224"
589,590,HG11,H,A,VAL,161,"-3.427, 4.616, 0.994"
590,591,HG12,H,A,VAL,161,"-3.576, 3.076, 1.333"
591,592,HG13,H,A,VAL,161,"-3.778, 4.161, 2.469"
592,593,HG21,H,A,VAL,161,"-1.523, 5.896, 1.684"
593,594,HG22,H,A,VAL,161,"-1.759, 5.548, 3.211"
594,595,HG23,H,A,VAL,161,"-0.353, 5.261, 2.541"
595,596,N,N,A,TYR,162,"0.472, 1.571, 2.388"
596,597,CA,C,A,TYR,162,"1.879, 1.239, 2.28"
597,598,C,C,A,TYR,162,"2.555, 2.273, 1.382"
598,599,O,O,A,TYR,162,"1.984, 2.673, 0.371"
599,600,CB,C,A,TYR,162,"2.049, -0.175, 1.71"
600,601,CG,C,A,TYR,162,"1.389, -1.262, 2.546"
601,602,CD1,C,A,TYR,162,"1.982, -1.688, 3.749"
602,603,CD2,C,A,TYR,162,"0.169, -1.833, 2.137"
603,604,CE1,C,A,TYR,162,"1.346, -2.654, 4.552"
604,605,CE2,C,A,TYR,162,"-0.478, -2.792, 2.936"
605,606,CZ,C,A,TYR,162,"0.105, -3.203, 4.156"
606,607,OH,O,A,TYR,162,"-0.526, -4.106, 4.957"
607,608,H,H,A,TYR,162,"-0.033, 1.087, 1.887"
608,609,HA,H,A,TYR,162,"2.292, 1.255, 3.157"
609,610,HB2,H,A,TYR,162,"1.679, -0.199, 0.814"
610,611,HB3,H,A,TYR,162,"2.996, -0.37, 1.631"
611,612,HD1,H,A,TYR,162,"2.798, -1.33, 4.015"
612,613,HD2,H,A,TYR,162,"-0.213, -1.573, 1.33"
613,614,HE1,H,A,TYR,162,"1.744, -2.932, 5.345"
614,615,HE2,H,A,TYR,162,"-1.289, -3.156, 2.662"
615,616,HH,H,A,TYR,162,"-1.247, -4.343, 4.598"
616,617,N,N,A,TYR,163,"3.765, 2.697, 1.735"
617,618,CA,C,A,TYR,163,"4.573, 3.661, 0.987"
618,619,C,C,A,TYR,163,"6.056, 3.389, 1.264"
619,620,O,O,A,TYR,163,"6.38, 2.517, 2.072"
620,621,CB,C,A,TYR,163,"4.165, 5.107, 1.35"
621,622,CG,C,A,TYR,163,"4.679, 5.698, 2.662"
622,623,CD1,C,A,TYR,163,"4.904, 4.907, 3.809"
623,624,CD2,C,A,TYR,163,"4.916, 7.086, 2.734"
624,625,CE1,C,A,TYR,163,"5.374, 5.492, 4.997"
625,626,CE2,C,A,TYR,163,"5.368, 7.681, 3.924"
626,627,CZ,C,A,TYR,163,"5.596, 6.883, 5.065"
627,628,OH,O,A,TYR,163,"5.96, 7.442, 6.248"
628,629,H,H,A,TYR,163,"4.156, 2.419, 2.449"
629,630,HA,H,A,TYR,163,"4.418, 3.559, 0.035"
630,631,HB2,H,A,TYR,163,"4.458, 5.687, 0.63"
631,632,HB3,H,A,TYR,163,"3.196, 5.145, 1.368"
632,633,HD1,H,A,TYR,163,"4.74, 3.992, 3.778"
633,634,HD2,H,A,TYR,163,"4.771, 7.615, 1.983"
634,635,HE1,H,A,TYR,163,"5.539, 4.96, 5.741"
635,636,HE2,H,A,TYR,163,"5.516, 8.598, 3.959"
636,637,HH,H,A,TYR,163,"6.06, 8.27, 6.148"
637,638,N,N,A,ARG,164,"6.974, 4.139, 0.656"
638,639,CA,C,A,ARG,164,"8.362, 4.219, 1.118"
639,640,C,C,A,ARG,164,"8.682, 5.691, 1.398"
640,641,O,O,A,ARG,164,"7.933, 6.567, 0.956"
641,642,CB,C,A,ARG,164,"9.325, 3.528, 0.123"
642,643,CG,C,A,ARG,164,"9.632, 2.081, 0.553"
643,644,CD,C,A,ARG,164,"10.845, 1.466, -0.162"
644,645,NE,N,A,ARG,164,"10.555, 1.035, -1.541"
645,646,CZ,C,A,ARG,164,"11.357, 0.265, -2.292"
646,647,NH1,N,A,ARG,164,"12.59, -0.045, -1.9"
647,648,NH2,N,A,ARG,164,"10.927, -0.22, -3.446"
648,649,H,H,A,ARG,164,"6.81, 4.618, -0.039"
649,650,HA,H,A,ARG,164,"8.486, 3.729, 1.946"
650,651,HB2,H,A,ARG,164,"8.931, 3.527, -0.764"
651,652,HB3,H,A,ARG,164,"10.151, 4.033, 0.066"
652,653,HG2,H,A,ARG,164,"9.788, 2.063, 1.51"
653,654,HG3,H,A,ARG,164,"8.853, 1.529, 0.382"
654,655,HD2,H,A,ARG,164,"11.566, 2.115, -0.178"
655,656,HD3,H,A,ARG,164,"11.161, 0.704, 0.348"
656,657,HE,H,A,ARG,164,"9.815, 1.297, -1.891"
657,658,HH11,H,A,ARG,164,"12.89, 0.25, -1.15"
658,659,HH12,H,A,ARG,164,"13.087, -0.54, -2.397"
659,660,HH21,H,A,ARG,164,"10.131, -0.042, -3.717"
660,661,HH22,H,A,ARG,164,"11.444, -0.713, -3.925"
661,662,N,N,A,PRO,165,"9.731, 5.98, 2.183"
662,663,CA,C,A,PRO,165,"9.989, 7.337, 2.638"
663,664,C,C,A,PRO,165,"10.519, 8.223, 1.506"
664,665,O,O,A,PRO,165,"10.939, 7.724, 0.456"
665,666,CB,C,A,PRO,165,"10.997, 7.188, 3.783"
666,667,CG,C,A,PRO,165,"11.752, 5.911, 3.419"
667,668,CD,C,A,PRO,165,"10.664, 5.045, 2.797"
668,669,HA,H,A,PRO,165,"9.179, 7.78, 2.937"
669,670,HB2,H,A,PRO,165,"11.592, 7.952, 3.839"
670,671,HB3,H,A,PRO,165,"10.554, 7.11, 4.642"
671,672,HG2,H,A,PRO,165,"12.475, 6.085, 2.796"
672,673,HG3,H,A,PRO,165,"12.146, 5.49, 4.199"
673,674,HD2,H,A,PRO,165,"11.035, 4.437, 2.138"
674,675,HD3,H,A,PRO,165,"10.223, 4.501, 3.468"
675,676,N,N,A,MET,166,"10.563, 9.531, 1.773"
676,677,CA,C,A,MET,166,"11.242, 10.597, 1.031"
677,678,C,C,A,MET,166,"12.766, 10.386, 1.0"
678,679,O,O,A,MET,166,"13.538, 11.267, 1.385"
679,680,CB,C,A,MET,166,"10.886, 11.957, 1.674"
680,681,CG,C,A,MET,166,"9.496, 12.493, 1.331"
681,682,SD,S,A,MET,166,"9.39, 13.238, -0.315"
682,683,CE,C,A,MET,166,"8.686, 14.851, 0.111"
683,684,H,H,A,MET,166,"10.155, 9.846, 2.461"
684,685,HA,H,A,MET,166,"10.939, 10.581, 0.11"
685,686,HB2,H,A,MET,166,"10.956, 11.871, 2.638"
686,687,HB3,H,A,MET,166,"11.547, 12.612, 1.399"
687,688,HG2,H,A,MET,166,"8.854, 11.768, 1.391"
688,689,HG3,H,A,MET,166,"9.24, 13.154, 1.994"
689,690,HE1,H,A,MET,166,"8.569, 15.377, -0.696"
690,691,HE2,H,A,MET,166,"7.826, 14.725, 0.542"
691,692,HE3,H,A,MET,166,"9.285, 15.316, 0.715"
692,693,N,N,A,ASP,167,"13.232, 9.234, 0.522"
693,694,CA,C,A,ASP,167,"14.635, 9.027, 0.192"
694,695,C,C,A,ASP,167,"14.915, 9.636, -1.182"
695,696,O,O,A,ASP,167,"15.743, 10.539, -1.28"
696,697,CB,C,A,ASP,167,"15.001, 7.547, 0.258"
697,698,CG,C,A,ASP,167,"16.517, 7.392, 0.159"
698,699,OD1,O,A,ASP,167,"17.205, 7.522, 1.202"
699,700,OD2,O,A,ASP,167,"17.029, 7.11, -0.937"
700,701,H,H,A,ASP,167,"12.736, 8.546, 0.38"
701,702,HA,H,A,ASP,167,"15.197, 9.473, 0.845"
702,703,HB2,H,A,ASP,167,"14.68, 7.161, 1.088"
703,704,HB3,H,A,ASP,167,"14.569, 7.065, -0.464"
704,705,N,N,A,GLU,168,"14.16, 9.248, -2.22"
705,706,CA,C,A,GLU,168,"14.377, 9.746, -3.583"
706,707,C,C,A,GLU,168,"13.102, 9.875, -4.44"
707,708,O,O,A,GLU,168,"12.874, 10.933, -5.033"
708,709,CB,C,A,GLU,168,"15.432, 8.878, -4.286"
709,710,CG,C,A,GLU,168,"15.13, 7.369, -4.285"
710,711,CD,C,A,GLU,168,"15.29, 6.773, -5.679"
711,712,OE1,O,A,GLU,168,"14.428, 7.004, -6.55"
712,713,OE2,O,A,GLU,168,"16.306, 6.079, -5.914"
713,714,H,H,A,GLU,168,"13.51, 8.69, -2.151"
714,715,HA,H,A,GLU,168,"14.697, 10.657, -3.489"
715,716,HB2,H,A,GLU,168,"15.519, 9.177, -5.205"
716,717,HB3,H,A,GLU,168,"16.29, 9.024, -3.858"
717,718,HG2,H,A,GLU,168,"15.726, 6.918, -3.667"
718,719,HG3,H,A,GLU,168,"14.226, 7.218, -3.968"
719,720,N,N,A,TYR,169,"12.271, 8.834, -4.535"
720,721,CA,C,A,TYR,169,"11.27, 8.626, -5.591"
721,722,C,C,A,TYR,169,"9.977, 9.462, -5.425"
722,723,O,O,A,TYR,169,"8.919, 9.078, -5.929"
723,724,CB,C,A,TYR,169,"10.997, 7.107, -5.666"
724,725,CG,C,A,TYR,169,"10.092, 6.641, -6.8"
725,726,CD1,C,A,TYR,169,"10.509, 6.727, -8.141"
726,727,CD2,C,A,TYR,169,"8.802, 6.159, -6.511"
727,728,CE1,C,A,TYR,169,"9.643, 6.329, -9.18"
728,729,CE2,C,A,TYR,169,"7.927, 5.78, -7.542"
729,730,CZ,C,A,TYR,169,"8.343, 5.854, -8.888"
730,731,OH,O,A,TYR,169,"7.498, 5.48, -9.893"
731,732,H,H,A,TYR,169,"12.275, 8.197, -3.957"
732,733,HA,H,A,TYR,169,"11.628, 8.952, -6.432"
733,734,HB2,H,A,TYR,169,"11.848, 6.648, -5.747"
734,735,HB3,H,A,TYR,169,"10.602, 6.826, -4.826"
735,736,HD1,H,A,TYR,169,"11.358, 7.047, -8.343"
736,737,HD2,H,A,TYR,169,"8.525, 6.091, -5.626"
737,738,HE1,H,A,TYR,169,"9.929, 6.379, -10.064"
738,739,HE2,H,A,TYR,169,"7.071, 5.479, -7.337"
739,740,HH,H,A,TYR,169,"6.769, 5.222, -9.565"
740,741,N,N,A,SER,170,"10.017, 10.6, -4.725"
741,742,CA,C,A,SER,170,"8.823, 11.381, -4.406"
742,743,C,C,A,SER,170,"8.018, 11.742, -5.66"
743,744,O,O,A,SER,170,"8.605, 11.991, -6.72"
744,745,CB,C,A,SER,170,"9.234, 12.628, -3.617"
745,746,OG,O,A,SER,170,"9.763, 13.665, -4.432"
746,747,H,H,A,SER,170,"10.746, 10.941, -4.421"
747,748,HA,H,A,SER,170,"8.234, 10.839, -3.858"
748,749,HB2,H,A,SER,170,"8.463, 12.966, -3.136"
749,750,HB3,H,A,SER,170,"9.896, 12.379, -2.953"
750,751,HG,H,A,SER,170,"9.97, 14.322, -3.951"
751,752,N,N,A,ASN,171,"6.688, 11.792, -5.553"
752,753,CA,C,A,ASN,171,"5.811, 12.253, -6.627"
753,754,C,C,A,ASN,171,"4.406, 12.506, -6.065"
754,755,O,O,A,ASN,171,"4.165, 12.203, -4.896"
755,756,CB,C,A,ASN,171,"5.744, 11.205, -7.753"
756,757,CG,C,A,ASN,171,"5.831, 11.876, -9.111"
757,758,OD1,O,A,ASN,171,"5.022, 12.748, -9.418"
758,759,ND2,N,A,ASN,171,"6.793, 11.476, -9.923"
759,760,H,H,A,ASN,171,"6.266, 11.555, -4.842"
760,761,HA,H,A,ASN,171,"6.167, 13.077, -6.994"
761,762,HB2,H,A,ASN,171,"6.47, 10.569, -7.654"
762,763,HB3,H,A,ASN,171,"4.916, 10.704, -7.687"
763,764,HD21,H,A,ASN,171,"6.872, 11.829, -10.703"
764,765,HD22,H,A,ASN,171,"7.34, 10.862, -9.672"
765,766,N,N,A,GLN,172,"3.468, 12.956, -6.907"
766,767,CA,C,A,GLN,172,"2.047, 13.022, -6.577"
767,768,C,C,A,GLN,172,"1.387, 11.781, -7.188"
768,769,O,O,A,GLN,172,"1.464, 10.706, -6.592"
769,770,CB,C,A,GLN,172,"1.465, 14.378, -7.024"
770,771,CG,C,A,GLN,172,"0.016, 14.569, -6.554"
771,772,CD,C,A,GLN,172,"-0.571, 15.895, -7.037"
772,773,OE1,O,A,GLN,172,"-0.471, 16.916, -6.359"
773,774,NE2,N,A,GLN,172,"-1.186, 15.928, -8.21"
774,775,H,H,A,GLN,172,"3.648, 13.236, -7.7"
775,776,HA,H,A,GLN,172,"1.875, 12.996, -5.623"
776,777,HB2,H,A,GLN,172,"2.015, 15.096, -6.673"
777,778,HB3,H,A,GLN,172,"1.501, 14.441, -7.991"
778,779,HG2,H,A,GLN,172,"-0.529, 13.836, -6.881"
779,780,HG3,H,A,GLN,172,"-0.016, 14.535, -5.585"
780,781,HE21,H,A,GLN,172,"-1.253, 15.211, -8.681"
781,782,HE22,H,A,GLN,172,"-1.518, 16.666, -8.501"
782,783,N,N,A,ASN,173,"0.817, 11.89, -8.4"
783,784,CA,C,A,ASN,173,"0.059, 10.818, -9.062"
784,785,C,C,A,ASN,173,"0.863, 9.52, -9.077"
785,786,O,O,A,ASN,173,"0.365, 8.478, -8.671"
786,787,CB,C,A,ASN,173,"-0.278, 11.197, -10.519"
787,788,CG,C,A,ASN,173,"-0.892, 10.062, -11.335"
788,789,OD1,O,A,ASN,173,"-0.635, 9.919, -12.527"
789,790,ND2,N,A,ASN,173,"-1.778, 9.285, -10.76"
790,791,H,H,A,ASN,173,"0.863, 12.609, -8.869"
791,792,HA,H,A,ASN,173,"-0.762, 10.694, -8.56"
792,793,HB2,H,A,ASN,173,"-0.893, 11.947, -10.513"
793,794,HB3,H,A,ASN,173,"0.532, 11.497, -10.96"
794,795,HD21,H,A,ASN,173,"-2.178, 8.677, -11.218"
795,796,HD22,H,A,ASN,173,"-1.959, 9.384, -9.925"
796,797,N,N,A,ASN,174,"2.109, 9.582, -9.543"
797,798,CA,C,A,ASN,174,"2.944, 8.411, -9.792"
798,799,C,C,A,ASN,174,"3.301, 7.676, -8.497"
799,800,O,O,A,ASN,174,"3.571, 6.474, -8.523"
800,801,CB,C,A,ASN,174,"4.246, 8.828, -10.494"
801,802,CG,C,A,ASN,174,"4.033, 9.721, -11.713"
802,803,OD1,O,A,ASN,174,"3.538, 10.845, -11.605"
803,804,ND2,N,A,ASN,174,"4.374, 9.222, -12.881"
804,805,H,H,A,ASN,174,"2.501, 10.325, -9.727"
805,806,HA,H,A,ASN,174,"2.431, 7.812, -10.357"
806,807,HB2,H,A,ASN,174,"4.811, 9.294, -9.858"
807,808,HB3,H,A,ASN,174,"4.725, 8.03, -10.768"
808,809,HD21,H,A,ASN,174,"4.253, 9.683, -13.597"
809,810,HD22,H,A,ASN,174,"4.718, 8.435, -12.929"
810,811,N,N,A,PHE,175,"3.328, 8.389, -7.37"
811,812,CA,C,A,PHE,175,"3.657, 7.847, -6.059"
812,813,C,C,A,PHE,175,"2.401, 7.248, -5.423"
813,814,O,O,A,PHE,175,"2.462, 6.136, -4.89"
814,815,CB,C,A,PHE,175,"4.246, 8.972, -5.204"
815,816,CG,C,A,PHE,175,"4.749, 8.541, -3.847"
816,817,CD1,C,A,PHE,175,"6.053, 8.026, -3.71"
817,818,CD2,C,A,PHE,175,"3.929, 8.688, -2.715"
818,819,CE1,C,A,PHE,175,"6.52, 7.632, -2.445"
819,820,CE2,C,A,PHE,175,"4.407, 8.314, -1.45"
820,821,CZ,C,A,PHE,175,"5.695, 7.777, -1.318"
821,822,H,H,A,PHE,175,"3.149, 9.23, -7.351"
822,823,HA,H,A,PHE,175,"4.314, 7.137, -6.132"
823,824,HB2,H,A,PHE,175,"4.978, 9.381, -5.691"
824,825,HB3,H,A,PHE,175,"3.569, 9.656, -5.082"
825,826,HD1,H,A,PHE,175,"6.604, 7.947, -4.455"
826,827,HD2,H,A,PHE,175,"3.07, 9.033, -2.804"
827,828,HE1,H,A,PHE,175,"7.374, 7.276, -2.354"
828,829,HE2,H,A,PHE,175,"3.869, 8.422, -0.699"
829,830,HZ,H,A,PHE,175,"6.004, 7.516, -0.481"
830,831,N,N,A,VAL,176,"1.269, 7.956, -5.525"
831,832,CA,C,A,VAL,176,"-0.068, 7.431, -5.29"
832,833,C,C,A,VAL,176,"-0.27, 6.111, -6.022"
833,834,O,O,A,VAL,176,"-0.614, 5.14, -5.364"
834,835,CB,C,A,VAL,176,"-1.116, 8.518, -5.623"
835,836,CG1,C,A,VAL,176,"-2.487, 7.99, -6.035"
836,837,CG2,C,A,VAL,176,"-1.416, 9.359, -4.379"
837,838,H,H,A,VAL,176,"1.267, 8.788, -5.742"
838,839,HA,H,A,VAL,176,"-0.186, 7.216, -4.352"
839,840,HB,H,A,VAL,176,"-0.711, 9.003, -6.359"
840,841,HG11,H,A,VAL,176,"-3.078, 8.736, -6.224"
841,842,HG12,H,A,VAL,176,"-2.397, 7.44, -6.829"
842,843,HG13,H,A,VAL,176,"-2.859, 7.458, -5.314"
843,844,HG21,H,A,VAL,176,"-2.074, 10.037, -4.598"
844,845,HG22,H,A,VAL,176,"-1.764, 8.787, -3.677"
845,846,HG23,H,A,VAL,176,"-0.601, 9.786, -4.073"
846,847,N,N,A,HIS,177,"-0.037, 6.057, -7.332"
847,848,CA,C,A,HIS,177,"-0.348, 4.943, -8.216"
848,849,C,C,A,HIS,177,"-0.019, 3.596, -7.572"
849,850,O,O,A,HIS,177,"-0.869, 2.715, -7.435"
850,851,CB,C,A,HIS,177,"0.438, 5.159, -9.516"
851,852,CG,C,A,HIS,177,"0.257, 4.085, -10.549"
852,853,ND1,N,A,HIS,177,"1.132, 3.053, -10.823"
853,854,CD2,C,A,HIS,177,"-0.77, 4.029, -11.447"
854,855,CE1,C,A,HIS,177,"0.633, 2.387, -11.879"
855,856,NE2,N,A,HIS,177,"-0.522, 2.944, -12.292"
856,857,H,H,A,HIS,177,"0.33, 6.712, -7.751"
857,858,HA,H,A,HIS,177,"-1.3, 4.918, -8.399"
858,859,HB2,H,A,HIS,177,"0.173, 6.009, -9.902"
859,860,HB3,H,A,HIS,177,"1.381, 5.227, -9.301"
860,861,HD1,H,A,HIS,177,"1.858, 2.871, -10.399"
861,862,HD2,H,A,HIS,177,"-1.499, 4.605, -11.489"
862,863,HE1,H,A,HIS,177,"1.031, 1.643, -12.271"
863,864,N,N,A,ASP,178,"1.233, 3.442, -7.153"
864,865,CA,C,A,ASP,178,"1.745, 2.166, -6.681"
865,866,C,C,A,ASP,178,"1.422, 1.924, -5.22"
866,867,O,O,A,ASP,178,"1.164, 0.786, -4.828"
867,868,CB,C,A,ASP,178,"3.244, 2.088, -6.954"
868,869,CG,C,A,ASP,178,"3.423, 1.553, -8.371"
869,870,OD1,O,A,ASP,178,"3.297, 0.32, -8.538"
870,871,OD2,O,A,ASP,178,"3.452, 2.376, -9.318"
871,872,H,H,A,ASP,178,"1.81, 4.079, -7.135"
872,873,HA,H,A,ASP,178,"1.301, 1.456, -7.171"
873,874,HB2,H,A,ASP,178,"3.653, 2.963, -6.865"
874,875,HB3,H,A,ASP,178,"3.678, 1.505, -6.312"
875,876,N,N,A,CYS,179,"1.443, 2.979, -4.409"
876,877,CA,C,A,CYS,179,"0.963, 2.947, -3.026"
877,878,C,C,A,CYS,179,"-0.482, 2.441, -2.98"
878,879,O,O,A,CYS,179,"-0.835, 1.598, -2.141"
879,880,CB,C,A,CYS,179,"1.088, 4.372, -2.448"
880,881,SG,S,A,CYS,179,"0.167, 4.793, -0.943"
881,882,H,H,A,CYS,179,"1.742, 3.748, -4.65"
882,883,HA,H,A,CYS,179,"1.493, 2.337, -2.49"
883,884,HB2,H,A,CYS,179,"2.028, 4.535, -2.272"
884,885,HB3,H,A,CYS,179,"0.817, 4.994, -3.141"
885,886,N,N,A,VAL,180,"-1.318, 2.936, -3.899"
886,887,CA,C,A,VAL,180,"-2.691, 2.508, -4.04"
887,888,C,C,A,VAL,180,"-2.664, 1.043, -4.422"
888,889,O,O,A,VAL,180,"-3.15, 0.234, -3.64"
889,890,CB,C,A,VAL,180,"-3.507, 3.354, -5.049"
890,891,CG1,C,A,VAL,180,"-4.892, 2.743, -5.344"
891,892,CG2,C,A,VAL,180,"-3.747, 4.764, -4.509"
892,893,H,H,A,VAL,180,"-1.087, 3.542, -4.464"
893,894,HA,H,A,VAL,180,"-3.152, 2.639, -3.197"
894,895,HB,H,A,VAL,180,"-2.979, 3.374, -5.862"
895,896,HG11,H,A,VAL,180,"-5.365, 3.304, -5.978"
896,897,HG12,H,A,VAL,180,"-4.781, 1.855, -5.719"
897,898,HG13,H,A,VAL,180,"-5.402, 2.685, -4.521"
898,899,HG21,H,A,VAL,180,"-4.259, 5.275, -5.155"
899,900,HG22,H,A,VAL,180,"-4.24, 4.712, -3.675"
900,901,HG23,H,A,VAL,180,"-2.895, 5.201, -4.353"
901,902,N,N,A,ASN,181,"-2.088, 0.698, -5.577"
902,903,CA,C,A,ASN,181,"-2.149, -0.65, -6.128"
903,904,C,C,A,ASN,181,"-1.686, -1.701, -5.123"
904,905,O,O,A,ASN,181,"-2.312, -2.748, -5.023"
905,906,CB,C,A,ASN,181,"-1.344, -0.731, -7.43"
906,907,CG,C,A,ASN,181,"-1.493, -2.08, -8.131"
907,908,OD1,O,A,ASN,181,"-2.575, -2.658, -8.209"
908,909,ND2,N,A,ASN,181,"-0.421, -2.61, -8.694"
909,910,H,H,A,ASN,181,"-1.646, 1.251, -6.066"
910,911,HA,H,A,ASN,181,"-3.078, -0.846, -6.328"
911,912,HB2,H,A,ASN,181,"-1.633, -0.025, -8.029"
912,913,HB3,H,A,ASN,181,"-0.407, -0.573, -7.237"
913,914,HD21,H,A,ASN,181,"-0.481, -3.358, -9.114"
914,915,HD22,H,A,ASN,181,"0.337, -2.207, -8.64"
915,916,N,N,A,ILE,182,"-0.64, -1.427, -4.34"
916,917,CA,C,A,ILE,182,"-0.155, -2.324, -3.296"
917,918,C,C,A,ILE,182,"-1.18, -2.464, -2.163"
918,919,O,O,A,ILE,182,"-1.486, -3.587, -1.749"
919,920,CB,C,A,ILE,182,"1.239, -1.833, -2.815"
920,921,CG1,C,A,ILE,182,"2.314, -2.146, -3.875"
921,922,CG2,C,A,ILE,182,"1.657, -2.393, -1.446"
922,923,CD1,C,A,ILE,182,"2.641, -3.624, -4.048"
923,924,H,H,A,ILE,182,"-0.186, -0.7, -4.405"
924,925,HA,H,A,ILE,182,"-0.045, -3.22, -3.651"
925,926,HB,H,A,ILE,182,"1.16, -0.873, -2.699"
926,927,HG12,H,A,ILE,182,"2.019, -1.792, -4.729"
927,928,HG13,H,A,ILE,182,"3.128, -1.675, -3.639"
928,929,HG21,H,A,ILE,182,"2.532, -2.048, -1.208"
929,930,HG22,H,A,ILE,182,"1.01, -2.124, -0.775"
930,931,HG23,H,A,ILE,182,"1.693, -3.361, -1.49"
931,932,HD11,H,A,ILE,182,"3.323, -3.727, -4.73"
932,933,HD12,H,A,ILE,182,"2.968, -3.984, -3.208"
933,934,HD13,H,A,ILE,182,"1.841, -4.103, -4.315"
934,935,N,N,A,THR,183,"-1.704, -1.357, -1.63"
935,936,CA,C,A,THR,183,"-2.647, -1.429, -0.516"
936,937,C,C,A,THR,183,"-3.972, -2.064, -0.973"
937,938,O,O,A,THR,183,"-4.54, -2.887, -0.256"
938,939,CB,C,A,THR,183,"-2.845, -0.035, 0.105"
939,940,OG1,O,A,THR,183,"-1.607, 0.632, 0.322"
940,941,CG2,C,A,THR,183,"-3.566, -0.155, 1.454"
941,942,H,H,A,THR,183,"-1.526, -0.56, -1.899"
942,943,HA,H,A,THR,183,"-2.283, -2.002, 0.177"
943,944,HB,H,A,THR,183,"-3.374, 0.481, -0.524"
944,945,HG1,H,A,THR,183,"-1.326, 0.946, -0.405"
945,946,HG21,H,A,THR,183,"-3.686, 0.728, 1.837"
946,947,HG22,H,A,THR,183,"-4.433, -0.57, 1.322"
947,948,HG23,H,A,THR,183,"-3.036, -0.699, 2.057"
948,949,N,N,A,ILE,184,"-4.444, -1.718, -2.173"
949,950,CA,C,A,ILE,184,"-5.571, -2.338, -2.855"
950,951,C,C,A,ILE,184,"-5.31, -3.833, -2.971"
951,952,O,O,A,ILE,184,"-6.186, -4.616, -2.612"
952,953,CB,C,A,ILE,184,"-5.797, -1.642, -4.226"
953,954,CG1,C,A,ILE,184,"-6.572, -0.328, -4.089"
954,955,CG2,C,A,ILE,184,"-6.444, -2.517, -5.318"
955,956,CD1,C,A,ILE,184,"-8.032, -0.518, -3.688"
956,957,H,H,A,ILE,184,"-4.093, -1.081, -2.632"
957,958,HA,H,A,ILE,184,"-6.393, -2.227, -2.352"
958,959,HB,H,A,ILE,184,"-4.894, -1.46, -4.531"
959,960,HG12,H,A,ILE,184,"-6.133, 0.23, -3.428"
960,961,HG13,H,A,ILE,184,"-6.536, 0.149, -4.933"
961,962,HG21,H,A,ILE,184,"-6.544, -1.998, -6.132"
962,963,HG22,H,A,ILE,184,"-5.88, -3.287, -5.493"
963,964,HG23,H,A,ILE,184,"-7.316, -2.817, -5.018"
964,965,HD11,H,A,ILE,184,"-8.464, 0.348, -3.619"
965,966,HD12,H,A,ILE,184,"-8.485, -1.052, -4.359"
966,967,HD13,H,A,ILE,184,"-8.076, -0.97, -2.831"
967,968,N,N,A,LYS,185,"-4.116, -4.237, -3.413"
968,969,CA,C,A,LYS,185,"-3.772, -5.645, -3.576"
969,970,C,C,A,LYS,185,"-4.029, -6.421, -2.296"
970,971,O,O,A,LYS,185,"-4.829, -7.354, -2.296"
971,972,CB,C,A,LYS,185,"-2.322, -5.836, -4.046"
972,973,CG,C,A,LYS,185,"-2.224, -7.185, -4.746"
973,974,CD,C,A,LYS,185,"-0.792, -7.7, -4.764"
974,975,CE,C,A,LYS,185,"-0.856, -9.049, -5.467"
975,976,NZ,N,A,LYS,185,"0.185, -9.99, -5.021"
976,977,H,H,A,LYS,185,"-3.482, -3.696, -3.627"
977,978,HA,H,A,LYS,185,"-4.349, -5.999, -4.271"
978,979,HB2,H,A,LYS,185,"-2.065, -5.122, -4.65"
979,980,HB3,H,A,LYS,185,"-1.714, -5.801, -3.291"
980,981,HG2,H,A,LYS,185,"-2.795, -7.827, -4.295"
981,982,HG3,H,A,LYS,185,"-2.552, -7.104, -5.655"
982,983,HD2,H,A,LYS,185,"-0.206, -7.087, -5.236"
983,984,HD3,H,A,LYS,185,"-0.442, -7.791, -3.864"
984,985,HE2,H,A,LYS,185,"-1.728, -9.445, -5.314"
985,986,HE3,H,A,LYS,185,"-0.771, -8.912, -6.424"
986,987,HZ1,H,A,LYS,185,"0.1, -10.758, -5.463"
987,988,HZ2,H,A,LYS,185,"0.988, -9.642, -5.182"
988,989,HZ3,H,A,LYS,185,"0.096, -10.139, -4.148"
989,990,N,N,A,GLN,186,"-3.389, -6.032, -1.194"
990,991,CA,C,A,GLN,186,"-3.547, -6.736, 0.068"
991,992,C,C,A,GLN,186,"-4.93, -6.555, 0.702"
992,993,O,O,A,GLN,186,"-5.139, -7.039, 1.813"
993,994,CB,C,A,GLN,186,"-2.42, -6.325, 1.038"
994,995,CG,C,A,GLN,186,"-1.113, -7.089, 0.791"
995,996,CD,C,A,GLN,186,"-1.212, -8.584, 1.114"
996,997,OE1,O,A,GLN,186,"-1.318, -9.424, 0.218"
997,998,NE2,N,A,GLN,186,"-1.174, -8.958, 2.384"
998,999,H,H,A,GLN,186,"-2.856, -5.358, -1.161"
999,1000,HA,H,A,GLN,186,"-3.478, -7.685, -0.122"
1000,1001,HB2,H,A,GLN,186,"-2.255, -5.373, 0.95"
1001,1002,HB3,H,A,GLN,186,"-2.712, -6.479, 1.95"
1002,1003,HG2,H,A,GLN,186,"-0.854, -6.982, -0.138"
1003,1004,HG3,H,A,GLN,186,"-0.409, -6.695, 1.329"
1004,1005,HE21,H,A,GLN,186,"-1.1, -8.367, 3.004"
1005,1006,HE22,H,A,GLN,186,"-1.223, -9.792, 2.588"
1006,1007,N,N,A,HIS,187,"-5.88, -5.904, 0.03"
1007,1008,CA,C,A,HIS,187,"-7.289, -5.983, 0.362"
1008,1009,C,C,A,HIS,187,"-7.965, -7.005, -0.568"
1009,1010,O,O,A,HIS,187,"-8.568, -7.971, -0.093"
1010,1011,CB,C,A,HIS,187,"-7.891, -4.568, 0.318"
1011,1012,CG,C,A,HIS,187,"-8.921, -4.358, 1.396"
1012,1013,ND1,N,A,HIS,187,"-8.627, -4.095, 2.713"
1013,1014,CD2,C,A,HIS,187,"-10.279, -4.497, 1.295"
1014,1015,CE1,C,A,HIS,187,"-9.779, -4.079, 3.395"
1015,1016,NE2,N,A,HIS,187,"-10.818, -4.309, 2.573"
1016,1017,H,H,A,HIS,187,"-5.713, -5.396, -0.644"
1017,1018,HA,H,A,HIS,187,"-7.437, -6.307, 1.264"
1018,1019,HB2,H,A,HIS,187,"-7.182, -3.913, 0.417"
1019,1020,HB3,H,A,HIS,187,"-8.297, -4.417, -0.55"
1020,1021,HD2,H,A,HIS,187,"-10.756, -4.683, 0.519"
1021,1022,HE1,H,A,HIS,187,"-9.851, -3.93, 4.31"
1022,1023,HE2,H,A,HIS,187,"-11.65, -4.335, 2.79"
1023,1024,N,N,A,THR,188,"-7.822, -6.824, -1.881"
1024,1025,CA,C,A,THR,188,"-8.462, -7.578, -2.959"
1025,1026,C,C,A,THR,188,"-8.097, -9.07, -2.982"
1026,1027,O,O,A,THR,188,"-8.954, -9.902, -3.299"
1027,1028,CB,C,A,THR,188,"-8.082, -6.865, -4.271"
1028,1029,OG1,O,A,THR,188,"-8.587, -5.542, -4.22"
1029,1030,CG2,C,A,THR,188,"-8.579, -7.561, -5.539"
1030,1031,H,H,A,THR,188,"-7.307, -6.208, -2.188"
1031,1032,HA,H,A,THR,188,"-9.423, -7.585, -2.824"
1032,1033,HB,H,A,THR,188,"-7.114, -6.882, -4.332"
1033,1034,HG1,H,A,THR,188,"-8.055, -5.055, -3.79"
1034,1035,HG21,H,A,THR,188,"-8.301, -7.053, -6.317"
1035,1036,HG22,H,A,THR,188,"-8.205, -8.455, -5.586"
1036,1037,HG23,H,A,THR,188,"-9.547, -7.617, -5.519"
1037,1038,N,N,A,VAL,189,"-6.853, -9.421, -2.654"
1038,1039,CA,C,A,VAL,189,"-6.4, -10.812, -2.688"
1039,1040,C,C,A,VAL,189,"-7.08, -11.564, -1.563"
1040,1041,O,O,A,VAL,189,"-7.884, -12.457, -1.784"
1041,1042,CB,C,A,VAL,189,"-4.866, -10.903, -2.624"
1042,1043,CG1,C,A,VAL,189,"-4.388, -12.359, -2.619"
1043,1044,CG2,C,A,VAL,189,"-4.282, -10.203, -3.851"
1044,1045,H,H,A,VAL,189,"-6.25, -8.861, -2.406"
1045,1046,HA,H,A,VAL,189,"-6.649, -11.224, -3.53"
1046,1047,HB,H,A,VAL,189,"-4.57, -10.48, -1.803"
1047,1048,HG11,H,A,VAL,189,"-3.419, -12.382, -2.578"
1048,1049,HG12,H,A,VAL,189,"-4.754, -12.817, -1.847"
1049,1050,HG13,H,A,VAL,189,"-4.687, -12.801, -3.429"
1050,1051,HG21,H,A,VAL,189,"-3.314, -10.254, -3.822"
1051,1052,HG22,H,A,VAL,189,"-4.604, -10.638, -4.656"
1052,1053,HG23,H,A,VAL,189,"-4.557, -9.273, -3.854"
1053,1054,N,N,A,THR,190,"-6.826, -11.144, -0.335"
1054,1055,CA,C,A,THR,190,"-7.39, -11.694, 0.874"
1055,1056,C,C,A,THR,190,"-8.886, -11.889, 0.778"
1056,1057,O,O,A,THR,190,"-9.37, -12.979, 1.033"
1057,1058,CB,C,A,THR,190,"-7.035, -10.778, 2.033"
1058,1059,OG1,O,A,THR,190,"-6.002, -9.862, 1.723"
1059,1060,CG2,C,A,THR,190,"-6.636, -11.621, 3.209"
1060,1061,H,H,A,THR,190,"-6.288, -10.492, -0.18"
1061,1062,HA,H,A,THR,190,"-7.013, -12.576, 1.017"
1062,1063,HB,H,A,THR,190,"-7.82, -10.246, 2.237"
1063,1064,HG1,H,A,THR,190,"-6.228, -9.091, 1.969"
1064,1065,HG21,H,A,THR,190,"-6.407, -11.047, 3.956"
1065,1066,HG22,H,A,THR,190,"-7.375, -12.198, 3.46"
1066,1067,HG23,H,A,THR,190,"-5.868, -12.165, 2.972"
1067,1068,N,N,A,THR,191,"-9.614, -10.832, 0.424"
1068,1069,CA,C,A,THR,191,"-11.077, -10.875, 0.36"
1069,1070,C,C,A,THR,191,"-11.492, -12.099, -0.485"
1070,1071,O,O,A,THR,191,"-12.353, -12.881, -0.073"
1071,1072,CB,C,A,THR,191,"-11.673, -9.517, -0.089"
1072,1073,OG1,O,A,THR,191,"-12.908, -9.261, 0.544"
1073,1074,CG2,C,A,THR,191,"-11.862, -9.351, -1.595"
1074,1075,H,H,A,THR,191,"-9.276, -10.07, 0.214"
1075,1076,HA,H,A,THR,191,"-11.461, -11.001, 1.242"
1076,1077,HB,H,A,THR,191,"-10.999, -8.874, 0.183"
1077,1078,HG1,H,A,THR,191,"-13.266, -8.585, 0.197"
1078,1079,HG21,H,A,THR,191,"-12.238, -8.476, -1.78"
1079,1080,HG22,H,A,THR,191,"-11.004, -9.435, -2.04"
1080,1081,HG23,H,A,THR,191,"-12.464, -10.037, -1.923"
1081,1082,N,N,A,THR,192,"-10.771, -12.363, -1.588"
1082,1083,CA,C,A,THR,192,"-11.104, -13.415, -2.532"
1083,1084,C,C,A,THR,192,"-11.049, -14.764, -1.798"
1084,1085,O,O,A,THR,192,"-11.862, -15.654, -2.067"
1085,1086,CB,C,A,THR,192,"-10.168, -13.325, -3.752"
1086,1087,OG1,O,A,THR,192,"-10.874, -13.581, -4.949"
1087,1088,CG2,C,A,THR,192,"-9.081, -14.393, -3.819"
1088,1089,H,H,A,THR,192,"-10.065, -11.922, -1.802"
1089,1090,HA,H,A,THR,192,"-12.005, -13.317, -2.878"
1090,1091,HB,H,A,THR,192,"-9.794, -12.435, -3.658"
1091,1092,HG1,H,A,THR,192,"-10.348, -13.526, -5.602"
1092,1093,HG21,H,A,THR,192,"-8.543, -14.258, -4.615"
1093,1094,HG22,H,A,THR,192,"-8.516, -14.33, -3.033"
1094,1095,HG23,H,A,THR,192,"-9.492, -15.271, -3.851"
1095,1096,N,N,A,THR,193,"-10.104, -14.92, -0.863"
1096,1097,CA,C,A,THR,193,"-9.885, -16.178, -0.171"
1097,1098,C,C,A,THR,193,"-10.582, -16.181, 1.194"
1098,1099,O,O,A,THR,193,"-10.668, -17.238, 1.82"
1099,1100,CB,C,A,THR,193,"-8.403, -16.556, -0.2"
1100,1101,OG1,O,A,THR,193,"-8.159, -17.841, 0.346"
1101,1102,CG2,C,A,THR,193,"-7.564, -15.525, 0.511"
1102,1103,H,H,A,THR,193,"-9.573, -14.29, -0.617"
1103,1104,HA,H,A,THR,193,"-10.316, -16.91, -0.64"
1104,1105,HB,H,A,THR,193,"-8.147, -16.582, -1.135"
1105,1106,HG1,H,A,THR,193,"-8.751, -18.021, 0.914"
1106,1107,HG21,H,A,THR,193,"-6.631, -15.788, 0.478"
1107,1108,HG22,H,A,THR,193,"-7.672, -14.664, 0.077"
1108,1109,HG23,H,A,THR,193,"-7.848, -15.458, 1.436"
1109,1110,N,N,A,LYS,194,"-11.157, -15.054, 1.629"
1110,1111,CA,C,A,LYS,194,"-12.015, -14.951, 2.805"
1111,1112,C,C,A,LYS,194,"-13.486, -15.161, 2.441"
1112,1113,O,O,A,LYS,194,"-14.372, -14.779, 3.21"
1113,1114,CB,C,A,LYS,194,"-11.795, -13.576, 3.464"
1114,1115,CG,C,A,LYS,194,"-10.378, -13.373, 4.027"
1115,1116,CD,C,A,LYS,194,"-10.177, -14.176, 5.311"
1116,1117,CE,C,A,LYS,194,"-9.014, -13.665, 6.161"
1117,1118,NZ,N,A,LYS,194,"-9.383, -12.475, 6.949"
1118,1119,H,H,A,LYS,194,"-11.051, -14.301, 1.227"
1119,1120,HA,H,A,LYS,194,"-11.779, -15.65, 3.434"
1120,1121,HB2,H,A,LYS,194,"-11.976, -12.882, 2.811"
1121,1122,HB3,H,A,LYS,194,"-12.438, -13.465, 4.182"
1122,1123,HG2,H,A,LYS,194,"-9.722, -13.645, 3.366"
1123,1124,HG3,H,A,LYS,194,"-10.229, -12.431, 4.204"
1124,1125,HD2,H,A,LYS,194,"-10.992, -14.146, 5.836"
1125,1126,HD3,H,A,LYS,194,"-10.02, -15.106, 5.084"
1126,1127,HE2,H,A,LYS,194,"-8.719, -14.369, 6.76"
1127,1128,HE3,H,A,LYS,194,"-8.264, -13.45, 5.585"
1128,1129,HZ1,H,A,LYS,194,"-8.683, -12.208, 7.429"
1129,1130,HZ2,H,A,LYS,194,"-9.633, -11.821, 6.4"
1130,1131,HZ3,H,A,LYS,194,"-10.057, -12.677, 7.495"
1131,1132,N,N,A,GLY,195,"-13.75, -15.85, 1.333"
1132,1133,CA,C,A,GLY,195,"-15.094, -16.189, 0.907"
1133,1134,C,C,A,GLY,195,"-15.881, -15.013, 0.347"
1134,1135,O,O,A,GLY,195,"-17.107, -15.039, 0.416"
1135,1136,H,H,A,GLY,195,"-13.138, -16.137, 0.801"
1136,1137,HA2,H,A,GLY,195,"-15.044, -16.884, 0.232"
1137,1138,HA3,H,A,GLY,195,"-15.578, -16.561, 1.661"
1138,1139,N,N,A,GLU,196,"-15.201, -13.992, -0.171"
1139,1140,CA,C,A,GLU,196,"-15.801, -12.77, -0.681"
1140,1141,C,C,A,GLU,196,"-15.408, -12.607, -2.151"
1141,1142,O,O,A,GLU,196,"-14.258, -12.338, -2.503"
1142,1143,CB,C,A,GLU,196,"-15.384, -11.548, 0.159"
1143,1144,CG,C,A,GLU,196,"-15.663, -11.687, 1.666"
1144,1145,CD,C,A,GLU,196,"-16.06, -10.352, 2.304"
1145,1146,OE1,O,A,GLU,196,"-17.205, -9.897, 2.055"
1146,1147,OE2,O,A,GLU,196,"-15.275, -9.774, 3.097"
1147,1148,H,H,A,GLU,196,"-14.343, -13.996, -0.236"
1148,1149,HA,H,A,GLU,196,"-16.767, -12.831, -0.615"
1149,1150,HB2,H,A,GLU,196,"-14.436, -11.389, 0.03"
1150,1151,HB3,H,A,GLU,196,"-15.851, -10.766, -0.174"
1151,1152,HG2,H,A,GLU,196,"-16.373, -12.334, 1.804"
1152,1153,HG3,H,A,GLU,196,"-14.873, -12.034, 2.109"
1153,1154,N,N,A,ASN,197,"-16.369, -12.807, -3.044"
1154,1155,CA,C,A,ASN,197,"-16.326, -12.233, -4.382"
1155,1156,C,C,A,ASN,197,"-16.526, -10.732, -4.235"
1156,1157,O,O,A,ASN,197,"-17.627, -10.283, -3.91"
1157,1158,CB,C,A,ASN,197,"-17.387, -12.837, -5.309"
1158,1159,CG,C,A,ASN,197,"-17.458, -12.098, -6.648"
1159,1160,OD1,O,A,ASN,197,"-18.067, -10.926, -6.68"
1160,1161,ND2,N,A,ASN,197,"-16.977, -12.577, -7.675"
1161,1162,H,H,A,ASN,197,"-17.069, -13.283, -2.89"
1162,1163,HA,H,A,ASN,197,"-15.471, -12.432, -4.794"
1163,1164,HB2,H,A,ASN,197,"-17.185, -13.773, -5.466"
1164,1165,HB3,H,A,ASN,197,"-18.254, -12.803, -4.874"
1165,1166,HD21,H,A,ASN,197,"-16.581, -13.34, -7.649"
1166,1167,HD22,H,A,ASN,197,"-17.036, -12.148, -8.418"
1167,1168,N,N,A,PHE,198,"-15.475, -9.967, -4.501"
1168,1169,CA,C,A,PHE,198,"-15.555, -8.518, -4.653"
1169,1170,C,C,A,PHE,198,"-15.559, -8.157, -6.133"
1170,1171,O,O,A,PHE,198,"-14.877, -8.79, -6.943"
1171,1172,CB,C,A,PHE,198,"-14.386, -7.837, -3.934"
1172,1173,CG,C,A,PHE,198,"-14.617, -7.486, -2.472"
1173,1174,CD1,C,A,PHE,198,"-15.545, -8.19, -1.68"
1174,1175,CD2,C,A,PHE,198,"-13.908, -6.413, -1.898"
1175,1176,CE1,C,A,PHE,198,"-15.772, -7.819, -0.348"
1176,1177,CE2,C,A,PHE,198,"-14.115, -6.058, -0.554"
1177,1178,CZ,C,A,PHE,198,"-15.052, -6.758, 0.225"
1178,1179,H,H,A,PHE,198,"-14.68, -10.28, -4.6"
1179,1180,HA,H,A,PHE,198,"-16.379, -8.203, -4.25"
1180,1181,HB2,H,A,PHE,198,"-13.612, -8.419, -3.99"
1181,1182,HB3,H,A,PHE,198,"-14.165, -7.023, -4.413"
1182,1183,HD1,H,A,PHE,198,"-16.011, -8.907, -2.044"
1183,1184,HD2,H,A,PHE,198,"-13.298, -5.936, -2.412"
1184,1185,HE1,H,A,PHE,198,"-16.402, -8.278, 0.159"
1185,1186,HE2,H,A,PHE,198,"-13.631, -5.358, -0.179"
1186,1187,HZ,H,A,PHE,198,"-15.194, -6.521, 1.113"
1187,1188,N,N,A,THR,199,"-16.318, -7.121, -6.466"
1188,1189,CA,C,A,THR,199,"-16.574, -6.639, -7.813"
1189,1190,C,C,A,THR,199,"-15.814, -5.334, -8.051"
1190,1191,O,O,A,THR,199,"-15.203, -4.786, -7.136"
1191,1192,CB,C,A,THR,199,"-18.096, -6.471, -7.979"
1192,1193,OG1,O,A,THR,199,"-18.591, -5.447, -7.139"
1193,1194,CG2,C,A,THR,199,"-18.852, -7.777, -7.698"
1194,1195,H,H,A,THR,199,"-16.723, -6.651, -5.871"
1195,1196,HA,H,A,THR,199,"-16.259, -7.271, -8.478"
1196,1197,HB,H,A,THR,199,"-18.248, -6.224, -8.905"
1197,1198,HG1,H,A,THR,199,"-18.413, -5.63, -6.339"
1198,1199,HG21,H,A,THR,199,"-19.804, -7.631, -7.813"
1199,1200,HG22,H,A,THR,199,"-18.554, -8.463, -8.316"
1200,1201,HG23,H,A,THR,199,"-18.676, -8.063, -6.788"
1201,1202,N,N,A,GLU,200,"-15.874, -4.804, -9.273"
1202,1203,CA,C,A,GLU,200,"-15.262, -3.53, -9.635"
1203,1204,C,C,A,GLU,200,"-15.669, -2.412, -8.666"
1204,1205,O,O,A,GLU,200,"-14.826, -1.617, -8.276"
1205,1206,CB,C,A,GLU,200,"-15.699, -3.173, -11.068"
1206,1207,CG,C,A,GLU,200,"-14.817, -2.109, -11.736"
1207,1208,CD,C,A,GLU,200,"-13.557, -2.739, -12.324"
1208,1209,OE1,O,A,GLU,200,"-13.705, -3.424, -13.367"
1209,1210,OE2,O,A,GLU,200,"-12.457, -2.603, -11.742"
1210,1211,H,H,A,GLU,200,"-16.281, -5.185, -9.927"
1211,1212,HA,H,A,GLU,200,"-14.297, -3.617, -9.584"
1212,1213,HB2,H,A,GLU,200,"-15.689, -3.977, -11.61"
1213,1214,HB3,H,A,GLU,200,"-16.616, -2.856, -11.048"
1214,1215,HG2,H,A,GLU,200,"-15.317, -1.662, -12.437"
1215,1216,HG3,H,A,GLU,200,"-14.572, -1.432, -11.086"
1216,1217,N,N,A,THR,201,"-16.942, -2.354, -8.273"
1217,1218,CA,C,A,THR,201,"-17.48, -1.371, -7.329"
1218,1219,C,C,A,THR,201,"-16.868, -1.608, -5.957"
1219,1220,O,O,A,THR,201,"-16.342, -0.669, -5.371"
1220,1221,CB,C,A,THR,201,"-19.012, -1.515, -7.306"
1221,1222,OG1,O,A,THR,201,"-19.506, -1.679, -8.629"
1222,1223,CG2,C,A,THR,201,"-19.709, -0.307, -6.678"
1223,1224,H,H,A,THR,201,"-17.537, -2.905, -8.559"
1224,1225,HA,H,A,THR,201,"-17.258, -0.466, -7.597"
1225,1226,HB,H,A,THR,201,"-19.207, -2.295, -6.763"
1226,1227,HG1,H,A,THR,201,"-20.342, -1.758, -8.608"
1227,1228,HG21,H,A,THR,201,"-20.669, -0.446, -6.687"
1228,1229,HG22,H,A,THR,201,"-19.407, -0.199, -5.763"
1229,1230,HG23,H,A,THR,201,"-19.493, 0.491, -7.185"
1230,1231,N,N,A,ASP,202,"-16.874, -2.844, -5.455"
1231,1232,CA,C,A,ASP,202,"-16.333, -3.15, -4.133"
1232,1233,C,C,A,ASP,202,"-14.872, -2.696, -4.066"
1233,1234,O,O,A,ASP,202,"-14.476, -1.994, -3.134"
1234,1235,CB,C,A,ASP,202,"-16.466, -4.643, -3.797"
1235,1236,CG,C,A,ASP,202,"-17.915, -5.142, -3.815"
1236,1237,OD1,O,A,ASP,202,"-18.748, -4.557, -3.092"
1237,1238,OD2,O,A,ASP,202,"-18.202, -6.066, -4.621"
1238,1239,H,H,A,ASP,202,"-17.191, -3.526, -5.872"
1239,1240,HA,H,A,ASP,202,"-16.848, -2.667, -3.468"
1240,1241,HB2,H,A,ASP,202,"-15.945, -5.159, -4.432"
1241,1242,HB3,H,A,ASP,202,"-16.085, -4.806, -2.92"
1242,1243,N,N,A,VAL,203,"-14.09, -3.036, -5.098"
1243,1244,CA,C,A,VAL,203,"-12.704, -2.624, -5.254"
1244,1245,C,C,A,VAL,203,"-12.603, -1.101, -5.349"
1245,1246,O,O,A,VAL,203,"-11.83, -0.519, -4.6"
1246,1247,CB,C,A,VAL,203,"-12.065, -3.345, -6.46"
1247,1248,CG1,C,A,VAL,203,"-10.595, -2.95, -6.652"
1248,1249,CG2,C,A,VAL,203,"-12.084, -4.876, -6.303"
1249,1250,H,H,A,VAL,203,"-14.369, -3.53, -5.745"
1250,1251,HA,H,A,VAL,203,"-12.199, -2.886, -4.468"
1251,1252,HB,H,A,VAL,203,"-12.6, -3.073, -7.222"
1252,1253,HG11,H,A,VAL,203,"-10.23, -3.422, -7.417"
1253,1254,HG12,H,A,VAL,203,"-10.534, -1.994, -6.804"
1254,1255,HG13,H,A,VAL,203,"-10.09, -3.184, -5.857"
1255,1256,HG21,H,A,VAL,203,"-11.674, -5.286, -7.081"
1256,1257,HG22,H,A,VAL,203,"-11.589, -5.126, -5.507"
1257,1258,HG23,H,A,VAL,203,"-13.001, -5.182, -6.222"
1258,1259,N,N,A,LYS,204,"-13.358, -0.417, -6.208"
1259,1260,CA,C,A,LYS,204,"-13.292, 1.037, -6.371"
1260,1261,C,C,A,LYS,204,"-13.682, 1.767, -5.088"
1261,1262,O,O,A,LYS,204,"-13.161, 2.859, -4.839"
1262,1263,CB,C,A,LYS,204,"-14.247, 1.435, -7.498"
1263,1264,CG,C,A,LYS,204,"-13.573, 1.277, -8.866"
1264,1265,CD,C,A,LYS,204,"-14.54, 1.574, -10.015"
1265,1266,CE,C,A,LYS,204,"-14.944, 3.054, -10.07"
1266,1267,NZ,N,A,LYS,204,"-13.789, 3.923, -10.368"
1267,1268,H,H,A,LYS,204,"-13.935, -0.792, -6.723"
1268,1269,HA,H,A,LYS,204,"-12.379, 1.288, -6.583"
1269,1270,HB2,H,A,LYS,204,"-15.045, 0.885, -7.461"
1270,1271,HB3,H,A,LYS,204,"-14.531, 2.355, -7.377"
1271,1272,HG2,H,A,LYS,204,"-12.811, 1.875, -8.922"
1272,1273,HG3,H,A,LYS,204,"-13.232, 0.373, -8.956"
1273,1274,HD2,H,A,LYS,204,"-14.127, 1.322, -10.856"
1274,1275,HD3,H,A,LYS,204,"-15.335, 1.027, -9.915"
1275,1276,HE2,H,A,LYS,204,"-15.627, 3.179, -10.748"
1276,1277,HE3,H,A,LYS,204,"-15.335, 3.315, -9.222"
1277,1278,HZ1,H,A,LYS,204,"-14.078, 4.734, -10.593"
1278,1279,HZ2,H,A,LYS,204,"-13.269, 3.983, -9.649"
1279,1280,HZ3,H,A,LYS,204,"-13.323, 3.577, -11.043"
1280,1281,N,N,A,MET,205,"-14.554, 1.18, -4.268"
1281,1282,CA,C,A,MET,205,"-14.879, 1.685, -2.95"
1282,1283,C,C,A,MET,205,"-13.66, 1.637, -2.025"
1283,1284,O,O,A,MET,205,"-13.519, 2.517, -1.175"
1284,1285,CB,C,A,MET,205,"-16.1, 0.953, -2.375"
1285,1286,CG,C,A,MET,205,"-17.396, 1.355, -3.063"
1286,1287,SD,S,A,MET,205,"-18.879, 1.015, -2.082"
1287,1288,CE,C,A,MET,205,"-20.005, 2.028, -3.057"
1288,1289,H,H,A,MET,205,"-14.979, 0.461, -4.474"
1289,1290,HA,H,A,MET,205,"-15.125, 2.62, -3.025"
1290,1291,HB2,H,A,MET,205,"-15.972, -0.004, -2.466"
1291,1292,HB3,H,A,MET,205,"-16.169, 1.141, -1.426"
1292,1293,HG2,H,A,MET,205,"-17.364, 2.303, -3.267"
1293,1294,HG3,H,A,MET,205,"-17.463, 0.885, -3.909"
1294,1295,HE1,H,A,MET,205,"-20.891, 1.632, -3.043"
1295,1296,HE2,H,A,MET,205,"-20.045, 2.921, -2.681"
1296,1297,HE3,H,A,MET,205,"-19.687, 2.076, -3.972"
1297,1298,N,N,A,MET,206,"-12.742, 0.683, -2.205"
1298,1299,CA,C,A,MET,206,"-11.381, 0.825, -1.719"
1299,1300,C,C,A,MET,206,"-10.616, 1.89, -2.533"
1300,1301,O,O,A,MET,206,"-10.111, 2.818, -1.914"
1301,1302,CB,C,A,MET,206,"-10.629, -0.516, -1.668"
1302,1303,CG,C,A,MET,206,"-11.115, -1.539, -0.635"
1303,1304,SD,S,A,MET,206,"-12.096, -2.917, -1.288"
1304,1305,CE,C,A,MET,206,"-10.905, -3.82, -2.324"
1305,1306,H,H,A,MET,206,"-12.897, -0.059, -2.611"
1306,1307,HA,H,A,MET,206,"-11.433, 1.134, -0.801"
1307,1308,HB2,H,A,MET,206,"-10.679, -0.925, -2.546"
1308,1309,HB3,H,A,MET,206,"-9.693, -0.332, -1.494"
1309,1310,HG2,H,A,MET,206,"-10.341, -1.904, -0.177"
1310,1311,HG3,H,A,MET,206,"-11.645, -1.074, 0.031"
1311,1312,HE1,H,A,MET,206,"-11.383, -4.412, -2.926"
1312,1313,HE2,H,A,MET,206,"-10.381, -3.188, -2.841"
1313,1314,HE3,H,A,MET,206,"-10.315, -4.342, -1.759"
1314,1315,N,N,A,GLU,207,"-10.459, 1.818, -3.864"
1315,1316,CA,C,A,GLU,207,"-9.517, 2.645, -4.602"
1316,1317,C,C,A,GLU,207,"-9.608, 4.138, -4.339"
1317,1318,O,O,A,GLU,207,"-8.581, 4.739, -4.039"
1318,1319,CB,C,A,GLU,207,"-9.464, 2.389, -6.109"
1319,1320,CG,C,A,GLU,207,"-9.585, 0.997, -6.737"
1320,1321,CD,C,A,GLU,207,"-10.06, 1.029, -8.203"
1321,1322,OE1,O,A,GLU,207,"-10.278, 2.132, -8.765"
1322,1323,OE2,O,A,GLU,207,"-10.137, -0.044, -8.841"
1323,1324,H,H,A,GLU,207,"-10.907, 1.278, -4.361"
1324,1325,HA,H,A,GLU,207,"-8.679, 2.337, -4.222"
1325,1326,HB2,H,A,GLU,207,"-10.169, 2.928, -6.502"
1326,1327,HB3,H,A,GLU,207,"-8.621, 2.755, -6.418"
1327,1328,HG2,H,A,GLU,207,"-8.724, 0.553, -6.692"
1328,1329,HG3,H,A,GLU,207,"-10.206, 0.466, -6.214"
1329,1330,N,N,A,ARG,208,"-10.8, 4.743, -4.4"
1330,1331,CA,C,A,ARG,208,"-10.953, 6.171, -4.139"
1331,1332,C,C,A,ARG,208,"-10.385, 6.54, -2.776"
1332,1333,O,O,A,ARG,208,"-9.781, 7.603, -2.613"
1333,1334,CB,C,A,ARG,208,"-12.453, 6.499, -4.118"
1334,1335,CG,C,A,ARG,208,"-13.174, 6.555, -5.461"
1335,1336,CD,C,A,ARG,208,"-12.758, 7.75, -6.325"
1336,1337,NE,N,A,ARG,208,"-13.925, 8.502, -6.822"
1337,1338,CZ,C,A,ARG,208,"-13.921, 9.42, -7.796"
1338,1339,NH1,N,A,ARG,208,"-12.808, 9.668, -8.478"
1339,1340,NH2,N,A,ARG,208,"-15.033, 10.095, -8.073"
1340,1341,H,H,A,ARG,208,"-11.534, 4.338, -4.592"
1341,1342,HA,H,A,ARG,208,"-10.482, 6.664, -4.829"
1342,1343,HB2,H,A,ARG,208,"-12.898, 5.837, -3.566"
1343,1344,HB3,H,A,ARG,208,"-12.567, 7.357, -3.68"
1344,1345,HG2,H,A,ARG,208,"-12.999, 5.735, -5.949"
1345,1346,HG3,H,A,ARG,208,"-14.131, 6.594, -5.306"
1346,1347,HD2,H,A,ARG,208,"-12.19, 8.341, -5.807"
1347,1348,HD3,H,A,ARG,208,"-12.231, 7.437, -7.077"
1348,1349,HE,H,A,ARG,208,"-14.682, 8.334, -6.45"
1349,1350,HH11,H,A,ARG,208,"-12.086, 9.238, -8.294"
1350,1351,HH12,H,A,ARG,208,"-12.809, 10.259, -9.103"
1351,1352,HH21,H,A,ARG,208,"-15.752, 9.941, -7.627"
1352,1353,HH22,H,A,ARG,208,"-15.033, 10.685, -8.698"
1353,1354,N,N,A,VAL,209,"-10.639, 5.674, -1.799"
1354,1355,CA,C,A,VAL,209,"-10.26, 5.843, -0.412"
1355,1356,C,C,A,VAL,209,"-8.74, 5.7, -0.316"
1356,1357,O,O,A,VAL,209,"-8.082, 6.593, 0.219"
1357,1358,CB,C,A,VAL,209,"-11.1, 4.836, 0.418"
1358,1359,CG1,C,A,VAL,209,"-10.645, 4.604, 1.855"
1359,1360,CG2,C,A,VAL,209,"-12.575, 5.252, 0.418"
1360,1361,H,H,A,VAL,209,"-11.058, 4.937, -1.94"
1361,1362,HA,H,A,VAL,209,"-10.454, 6.719, -0.044"
1362,1363,HB,H,A,VAL,209,"-10.964, 3.988, -0.032"
1363,1364,HG11,H,A,VAL,209,"-11.234, 3.962, 2.281"
1364,1365,HG12,H,A,VAL,209,"-9.738, 4.26, 1.856"
1365,1366,HG13,H,A,VAL,209,"-10.673, 5.442, 2.343"
1366,1367,HG21,H,A,VAL,209,"-13.091, 4.617, 0.939"
1367,1368,HG22,H,A,VAL,209,"-12.662, 6.136, 0.808"
1368,1369,HG23,H,A,VAL,209,"-12.907, 5.267, -0.493"
1369,1370,N,N,A,VAL,210,"-8.163, 4.639, -0.884"
1370,1371,CA,C,A,VAL,210,"-6.725, 4.422, -0.904"
1371,1372,C,C,A,VAL,210,"-6.011, 5.6, -1.611"
1372,1373,O,O,A,VAL,210,"-4.978, 6.034, -1.116"
1373,1374,CB,C,A,VAL,210,"-6.403, 3.04, -1.53"
1374,1375,CG1,C,A,VAL,210,"-4.929, 2.681, -1.381"
1375,1376,CG2,C,A,VAL,210,"-7.084, 1.813, -0.894"
1376,1377,H,H,A,VAL,210,"-8.61, 4.016, -1.275"
1377,1378,HA,H,A,VAL,210,"-6.382, 4.402, 0.003"
1378,1379,HB,H,A,VAL,210,"-6.718, 3.18, -2.437"
1379,1380,HG11,H,A,VAL,210,"-4.765, 1.813, -1.782"
1380,1381,HG12,H,A,VAL,210,"-4.386, 3.351, -1.826"
1381,1382,HG13,H,A,VAL,210,"-4.697, 2.65, -0.44"
1382,1383,HG21,H,A,VAL,210,"-6.81, 1.01, -1.365"
1383,1384,HG22,H,A,VAL,210,"-6.824, 1.745, 0.038"
1384,1385,HG23,H,A,VAL,210,"-8.047, 1.91, -0.954"
1385,1386,N,N,A,GLU,211,"-6.537, 6.163, -2.706"
1386,1387,CA,C,A,GLU,211,"-5.967, 7.307, -3.444"
1387,1388,C,C,A,GLU,211,"-5.876, 8.527, -2.539"
1388,1389,O,O,A,GLU,211,"-4.785, 9.059, -2.337"
1389,1390,CB,C,A,GLU,211,"-6.814, 7.582, -4.705"
1390,1391,CG,C,A,GLU,211,"-5.941, 8.034, -5.882"
1391,1392,CD,C,A,GLU,211,"-6.591, 7.789, -7.249"
1392,1393,OE1,O,A,GLU,211,"-7.704, 8.297, -7.497"
1393,1394,OE2,O,A,GLU,211,"-5.973, 7.072, -8.075"
1394,1395,H,H,A,GLU,211,"-7.269, 5.877, -3.056"
1395,1396,HA,H,A,GLU,211,"-5.065, 7.096, -3.731"
1396,1397,HB2,H,A,GLU,211,"-7.3, 6.779, -4.951"
1397,1398,HB3,H,A,GLU,211,"-7.475, 8.265, -4.51"
1398,1399,HG2,H,A,GLU,211,"-5.747, 8.98, -5.788"
1399,1400,HG3,H,A,GLU,211,"-5.092, 7.565, -5.846"
1400,1401,N,N,A,GLN,212,"-7.003, 8.921, -1.943"
1401,1402,CA,C,A,GLN,212,"-7.066, 9.869, -0.839"
1402,1403,C,C,A,GLN,212,"-5.946, 9.621, 0.168"
1403,1404,O,O,A,GLN,212,"-5.185, 10.536, 0.486"
1404,1405,CB,C,A,GLN,212,"-8.452, 9.838, -0.18"
1405,1406,CG,C,A,GLN,212,"-9.288, 11.073, -0.5"
1406,1407,CD,C,A,GLN,212,"-8.84, 12.274, 0.343"
1407,1408,OE1,O,A,GLN,212,"-9.32, 12.468, 1.456"
1408,1409,NE2,N,A,GLN,212,"-7.913, 13.098, -0.125"
1409,1410,H,H,A,GLN,212,"-7.777, 8.631, -2.182"
1410,1411,HA,H,A,GLN,212,"-6.931, 10.762, -1.194"
1411,1412,HB2,H,A,GLN,212,"-8.928, 9.046, -0.475"
1412,1413,HB3,H,A,GLN,212,"-8.347, 9.764, 0.781"
1413,1414,HG2,H,A,GLN,212,"-9.207, 11.287, -1.443"
1414,1415,HG3,H,A,GLN,212,"-10.225, 10.886, -0.331"
1415,1416,HE21,H,A,GLN,212,"-7.574, 12.966, -0.904"
1416,1417,HE22,H,A,GLN,212,"-7.651, 13.765, 0.351"
1417,1418,N,N,A,MET,213,"-5.929, 8.454, 0.803"
1418,1419,CA,C,A,MET,213,"-4.923, 8.134, 1.791"
1419,1420,C,C,A,MET,213,"-3.497, 8.273, 1.261"
1420,1421,O,O,A,MET,213,"-2.671, 8.859, 1.951"
1421,1422,CB,C,A,MET,213,"-5.202, 6.74, 2.338"
1422,1423,CG,C,A,MET,213,"-6.359, 6.807, 3.334"
1423,1424,SD,S,A,MET,213,"-7.723, 5.647, 3.154"
1424,1425,CE,C,A,MET,213,"-6.862, 4.064, 3.082"
1425,1426,H,H,A,MET,213,"-6.504, 7.828, 0.669"
1426,1427,HA,H,A,MET,213,"-4.982, 8.781, 2.511"
1427,1428,HB2,H,A,MET,213,"-5.422, 6.135, 1.612"
1428,1429,HB3,H,A,MET,213,"-4.409, 6.387, 2.771"
1429,1430,HG2,H,A,MET,213,"-5.989, 6.69, 4.223"
1430,1431,HG3,H,A,MET,213,"-6.728, 7.703, 3.296"
1431,1432,HE1,H,A,MET,213,"-7.498, 3.358, 2.889"
1432,1433,HE2,H,A,MET,213,"-6.189, 4.093, 2.384"
1433,1434,HE3,H,A,MET,213,"-6.435, 3.889, 3.935"
1434,1435,N,N,A,CYS,214,"-3.186, 7.784, 0.063"
1435,1436,CA,C,A,CYS,214,"-1.849, 7.873, -0.512"
1436,1437,C,C,A,CYS,214,"-1.448, 9.324, -0.786"
1437,1438,O,O,A,CYS,214,"-0.274, 9.645, -0.596"
1438,1439,CB,C,A,CYS,214,"-1.765, 7.016, -1.777"
1439,1440,SG,S,A,CYS,214,"-1.743, 5.223, -1.514"
1440,1441,H,H,A,CYS,214,"-3.755, 7.386, -0.445"
1441,1442,HA,H,A,CYS,214,"-1.214, 7.527, 0.135"
1442,1443,HB2,H,A,CYS,214,"-2.52, 7.233, -2.345"
1443,1444,HB3,H,A,CYS,214,"-0.963, 7.265, -2.263"
1444,1445,N,N,A,ILE,215,"-2.394, 10.183, -1.19"
1445,1446,CA,C,A,ILE,215,"-2.213, 11.628, -1.319"
1446,1447,C,C,A,ILE,215,"-1.767, 12.166, 0.041"
1447,1448,O,O,A,ILE,215,"-0.671, 12.707, 0.179"
1448,1449,CB,C,A,ILE,215,"-3.511, 12.278, -1.845"
1449,1450,CG1,C,A,ILE,215,"-3.642, 11.943, -3.332"
1450,1451,CG2,C,A,ILE,215,"-3.552, 13.798, -1.701"
1451,1452,CD1,C,A,ILE,215,"-5.035, 12.156, -3.896"
1452,1453,H,H,A,ILE,215,"-3.186, 9.926, -1.403"
1453,1454,HA,H,A,ILE,215,"-1.527, 11.848, -1.969"
1454,1455,HB,H,A,ILE,215,"-4.238, 11.924, -1.309"
1455,1456,HG12,H,A,ILE,215,"-3.014, 12.487, -3.833"
1456,1457,HG13,H,A,ILE,215,"-3.386, 11.017, -3.469"
1457,1458,HG21,H,A,ILE,215,"-4.392, 14.134, -2.051"
1458,1459,HG22,H,A,ILE,215,"-3.474, 14.037, -0.764"
1459,1460,HG23,H,A,ILE,215,"-2.816, 14.19, -2.197"
1460,1461,HD11,H,A,ILE,215,"-5.042, 11.925, -4.838"
1461,1462,HD12,H,A,ILE,215,"-5.666, 11.593, -3.421"
1462,1463,HD13,H,A,ILE,215,"-5.288, 13.086, -3.79"
1463,1464,N,N,A,THR,216,"-2.615, 11.984, 1.055"
1464,1465,CA,C,A,THR,216,"-2.369, 12.475, 2.398"
1465,1466,C,C,A,THR,216,"-1.057, 11.938, 2.969"
1466,1467,O,O,A,THR,216,"-0.374, 12.691, 3.657"
1467,1468,CB,C,A,THR,216,"-3.584, 12.126, 3.268"
1468,1469,OG1,O,A,THR,216,"-4.653, 12.985, 2.899"
1469,1470,CG2,C,A,THR,216,"-3.366, 12.228, 4.778"
1470,1471,H,H,A,THR,216,"-3.361, 11.563, 0.973"
1471,1472,HA,H,A,THR,216,"-2.261, 13.439, 2.382"
1472,1473,HB,H,A,THR,216,"-3.773, 11.189, 3.101"
1473,1474,HG1,H,A,THR,216,"-5.329, 12.807, 3.365"
1474,1475,HG21,H,A,THR,216,"-4.185, 11.99, 5.24"
1475,1476,HG22,H,A,THR,216,"-2.657, 11.622, 5.044"
1476,1477,HG23,H,A,THR,216,"-3.118, 13.137, 5.009"
1477,1478,N,N,A,GLN,217,"-0.697, 10.678, 2.726"
1478,1479,CA,C,A,GLN,217,"0.479, 10.074, 3.33"
1479,1480,C,C,A,GLN,217,"1.766, 10.68, 2.761"
1480,1481,O,O,A,GLN,217,"2.688, 10.949, 3.531"
1481,1482,CB,C,A,GLN,217,"0.436, 8.552, 3.141"
1482,1483,CG,C,A,GLN,217,"1.15, 7.815, 4.27"
1483,1484,CD,C,A,GLN,217,"0.237, 7.639, 5.48"
1484,1485,OE1,O,A,GLN,217,"-0.084, 8.59, 6.188"
1485,1486,NE2,N,A,GLN,217,"-0.198, 6.421, 5.759"
1486,1487,H,H,A,GLN,217,"-1.132, 10.151, 2.204"
1487,1488,HA,H,A,GLN,217,"0.476, 10.263, 4.281"
1488,1489,HB2,H,A,GLN,217,"-0.487, 8.258, 3.097"
1489,1490,HB3,H,A,GLN,217,"0.848, 8.32, 2.294"
1490,1491,HG2,H,A,GLN,217,"1.446, 6.946, 3.956"
1491,1492,HG3,H,A,GLN,217,"1.944, 8.308, 4.53"
1492,1493,HE21,H,A,GLN,217,"0.03, 5.758, 5.26"
1493,1494,HE22,H,A,GLN,217,"-0.708, 6.292, 6.439"
1494,1495,N,N,A,TYR,218,"1.811, 10.933, 1.446"
1495,1496,CA,C,A,TYR,218,"2.894, 11.686, 0.824"
1496,1497,C,C,A,TYR,218,"2.97, 13.065, 1.481"
1497,1498,O,O,A,TYR,218,"3.99, 13.419, 2.07"
1498,1499,CB,C,A,TYR,218,"2.679, 11.794, -0.698"
1499,1500,CG,C,A,TYR,218,"3.478, 12.913, -1.342"
1500,1501,CD1,C,A,TYR,218,"4.885, 12.862, -1.353"
1501,1502,CD2,C,A,TYR,218,"2.814, 14.054, -1.831"
1502,1503,CE1,C,A,TYR,218,"5.624, 13.959, -1.83"
1503,1504,CE2,C,A,TYR,218,"3.546, 15.161, -2.296"
1504,1505,CZ,C,A,TYR,218,"4.957, 15.115, -2.293"
1505,1506,OH,O,A,TYR,218,"5.686, 16.192, -2.695"
1506,1507,H,H,A,TYR,218,"1.208, 10.669, 0.893"
1507,1508,HA,H,A,TYR,218,"3.737, 11.225, 0.957"
1508,1509,HB2,H,A,TYR,218,"2.922, 10.952, -1.113"
1509,1510,HB3,H,A,TYR,218,"1.736, 11.935, -0.875"
1510,1511,HD1,H,A,TYR,218,"5.325, 12.103, -1.045"
1511,1512,HD2,H,A,TYR,218,"1.884, 14.076, -1.847"
1512,1513,HE1,H,A,TYR,218,"6.553, 13.923, -1.841"
1513,1514,HE2,H,A,TYR,218,"3.103, 15.919, -2.604"
1514,1515,HH,H,A,TYR,218,"5.168, 16.804, -2.945"
1515,1516,N,N,A,GLU,219,"1.872, 13.819, 1.415"
1516,1517,CA,C,A,GLU,219,"1.75, 15.189, 1.904"
1517,1518,C,C,A,GLU,219,"2.2, 15.299, 3.365"
1518,1519,O,O,A,GLU,219,"2.95, 16.206, 3.72"
1519,1520,CB,C,A,GLU,219,"0.286, 15.612, 1.738"
1520,1521,CG,C,A,GLU,219,"-0.093, 15.909, 0.281"
1521,1522,CD,C,A,GLU,219,"0.031, 17.386, -0.091"
1522,1523,OE1,O,A,GLU,219,"0.991, 18.062, 0.349"
1523,1524,OE2,O,A,GLU,219,"-0.866, 17.863, -0.823"
1524,1525,H,H,A,GLU,219,"1.142, 13.528, 1.065"
1525,1526,HA,H,A,GLU,219,"2.327, 15.779, 1.395"
1526,1527,HB2,H,A,GLU,219,"-0.289, 14.909, 2.079"
1527,1528,HB3,H,A,GLU,219,"0.12, 16.401, 2.277"
1528,1529,HG2,H,A,GLU,219,"0.475, 15.386, -0.307"
1529,1530,HG3,H,A,GLU,219,"-1.006, 15.619, 0.126"
1530,1531,N,N,A,ARG,220,"1.8, 14.343, 4.209"
1531,1532,CA,C,A,ARG,220,"2.135, 14.291, 5.627"
1532,1533,C,C,A,ARG,220,"3.635, 14.336, 5.827"
1533,1534,O,O,A,ARG,220,"4.113, 15.12, 6.65"
1534,1535,CB,C,A,ARG,220,"1.606, 12.994, 6.255"
1535,1536,CG,C,A,ARG,220,"0.197, 13.115, 6.83"
1536,1537,CD,C,A,ARG,220,"-0.303, 11.706, 7.166"
1537,1538,NE,N,A,ARG,220,"-1.124, 11.695, 8.38"
1538,1539,CZ,C,A,ARG,220,"-1.784, 10.642, 8.854"
1539,1540,NH1,N,A,ARG,220,"-1.8, 9.505, 8.167"
1540,1541,NH2,N,A,ARG,220,"-2.396, 10.73, 10.027"
1541,1542,H,H,A,ARG,220,"1.308, 13.684, 3.957"
1542,1543,HA,H,A,ARG,220,"1.724, 15.06, 6.052"
1543,1544,HB2,H,A,ARG,220,"1.613, 12.294, 5.584"
1544,1545,HB3,H,A,ARG,220,"2.211, 12.716, 6.961"
1545,1546,HG2,H,A,ARG,220,"0.202, 13.671, 7.625"
1546,1547,HG3,H,A,ARG,220,"-0.395, 13.541, 6.19"
1547,1548,HD2,H,A,ARG,220,"-0.821, 11.361, 6.422"
1548,1549,HD3,H,A,ARG,220,"0.456, 11.113, 7.283"
1549,1550,HE,H,A,ARG,220,"-1.184, 12.43, 8.822"
1550,1551,HH11,H,A,ARG,220,"-1.384, 9.45, 7.416"
1551,1552,HH12,H,A,ARG,220,"-2.227, 8.824, 8.473"
1552,1553,HH21,H,A,ARG,220,"-2.364, 11.464, 10.475"
1553,1554,HH22,H,A,ARG,220,"-2.825, 10.053, 10.34"
1554,1555,N,N,A,GLU,221,"4.365, 13.441, 5.161"
1555,1556,CA,C,A,GLU,221,"5.806, 13.389, 5.313"
1556,1557,C,C,A,GLU,221,"6.419, 14.614, 4.62"
1557,1558,O,O,A,GLU,221,"7.389, 15.175, 5.137"
1558,1559,CB,C,A,GLU,221,"6.335, 12.041, 4.789"
1559,1560,CG,C,A,GLU,221,"7.854, 12.05, 4.604"
1560,1561,CD,C,A,GLU,221,"8.429, 10.643, 4.496"
1561,1562,OE1,O,A,GLU,221,"8.294, 10.02, 3.427"
1562,1563,OE2,O,A,GLU,221,"9.104, 10.211, 5.459"
1563,1564,H,H,A,GLU,221,"4.04, 12.858, 4.618"
1564,1565,HA,H,A,GLU,221,"6.067, 13.432, 6.246"
1565,1566,HB2,H,A,GLU,221,"6.09, 11.336, 5.409"
1566,1567,HB3,H,A,GLU,221,"5.909, 11.835, 3.942"
1567,1568,HG2,H,A,GLU,221,"8.078, 12.551, 3.804"
1568,1569,HG3,H,A,GLU,221,"8.267, 12.51, 5.352"
1569,1570,N,N,A,SER,222,"5.842, 15.065, 3.504"
1570,1571,CA,C,A,SER,222,"6.272, 16.233, 2.753"
1571,1572,C,C,A,SER,222,"6.177, 17.522, 3.583"
1572,1573,O,O,A,SER,222,"6.985, 18.426, 3.375"
1573,1574,CB,C,A,SER,222,"5.457, 16.315, 1.455"
1574,1575,OG,O,A,SER,222,"6.211, 16.943, 0.441"
1575,1576,H,H,A,SER,222,"5.159, 14.677, 3.153"
1576,1577,HA,H,A,SER,222,"7.211, 16.139, 2.53"
1577,1578,HB2,H,A,SER,222,"5.2, 15.424, 1.171"
1578,1579,HB3,H,A,SER,222,"4.638, 16.81, 1.611"
1579,1580,HG,H,A,SER,222,"6.009, 16.613, -0.304"
1580,1581,N,N,A,GLN,223,"5.288, 17.615, 4.58"
1581,1582,CA,C,A,GLN,223,"5.27, 18.762, 5.488"
1582,1583,C,C,A,GLN,223,"6.595, 18.892, 6.247"
1583,1584,O,O,A,GLN,223,"7.057, 20.004, 6.51"
1584,1585,CB,C,A,GLN,223,"4.077, 18.692, 6.458"
1585,1586,CG,C,A,GLN,223,"2.717, 18.813, 5.74"
1586,1587,CD,C,A,GLN,223,"1.788, 19.897, 6.305"
1587,1588,OE1,O,A,GLN,223,"2.196, 20.947, 6.806"
1588,1589,NE2,N,A,GLN,223,"0.49, 19.673, 6.249"
1589,1590,H,H,A,GLN,223,"4.688, 17.022, 4.745"
1590,1591,HA,H,A,GLN,223,"5.161, 19.56, 4.947"
1591,1592,HB2,H,A,GLN,223,"4.109, 17.853, 6.943"
1592,1593,HB3,H,A,GLN,223,"4.156, 19.402, 7.114"
1593,1594,HG2,H,A,GLN,223,"2.876, 18.998, 4.801"
1594,1595,HG3,H,A,GLN,223,"2.262, 17.957, 5.788"
1595,1596,HE21,H,A,GLN,223,"0.194, 18.944, 5.902"
1596,1597,HE22,H,A,GLN,223,"-0.061, 20.256, 6.56"
1597,1598,N,N,A,ALA,224,"7.284, 17.781, 6.543"
1598,1599,CA,C,A,ALA,224,"8.575, 17.862, 7.219"
1599,1600,C,C,A,ALA,224,"9.706, 18.357, 6.308"
1600,1601,O,O,A,ALA,224,"10.84, 18.497, 6.758"
1601,1602,CB,C,A,ALA,224,"8.923, 16.488, 7.799"
1602,1603,H,H,A,ALA,224,"7.021, 16.983, 6.361"
1603,1604,HA,H,A,ALA,224,"8.492, 18.52, 7.927"
1604,1605,HB1,H,A,ALA,224,"9.781, 16.535, 8.25"
1605,1606,HB2,H,A,ALA,224,"8.239, 16.221, 8.433"
1606,1607,HB3,H,A,ALA,224,"8.97, 15.836, 7.082"
1607,1608,N,N,A,TYR,225,"9.386, 18.709, 5.068"
1608,1609,CA,C,A,TYR,225,"10.306, 19.275, 4.092"
1609,1610,C,C,A,TYR,225,"10.428, 20.793, 4.245"
1610,1611,O,O,A,TYR,225,"11.356, 21.387, 3.698"
1611,1612,CB,C,A,TYR,225,"9.853, 18.895, 2.674"
1612,1613,CG,C,A,TYR,225,"10.95, 18.924, 1.639"
1613,1614,CD1,C,A,TYR,225,"12.098, 18.132, 1.828"
1614,1615,CD2,C,A,TYR,225,"10.809, 19.697, 0.472"
1615,1616,CE1,C,A,TYR,225,"13.125, 18.139, 0.875"
1616,1617,CE2,C,A,TYR,225,"11.82, 19.683, -0.503"
1617,1618,CZ,C,A,TYR,225,"12.988, 18.923, -0.292"
1618,1619,OH,O,A,TYR,225,"13.942, 18.898, -1.258"
1619,1620,H,H,A,TYR,225,"8.588, 18.62, 4.759"
1620,1621,HA,H,A,TYR,225,"11.188, 18.905, 4.251"
1621,1622,HB2,H,A,TYR,225,"9.469, 18.005, 2.697"
1622,1623,HB3,H,A,TYR,225,"9.148, 19.501, 2.399"
1623,1624,HD1,H,A,TYR,225,"12.175, 17.602, 2.588"
1624,1625,HD2,H,A,TYR,225,"10.048, 20.216, 0.346"
1625,1626,HE1,H,A,TYR,225,"13.892, 17.631, 1.01"
1626,1627,HE2,H,A,TYR,225,"11.719, 20.174, -1.286"
1627,1628,HH,H,A,TYR,225,"13.72, 19.411, -1.885"
1628,1629,N,N,A,TYR,226,"9.523, 21.422, 5.001"
1629,1630,CA,C,A,TYR,226,"9.495, 22.854, 5.281"
1630,1631,C,C,A,TYR,226,"9.677, 23.121, 6.784"
1631,1632,O,O,A,TYR,226,"9.44, 24.224, 7.281"
1632,1633,CB,C,A,TYR,226,"8.219, 23.436, 4.673"
1633,1634,CG,C,A,TYR,226,"8.34, 23.625, 3.17"
1634,1635,CD1,C,A,TYR,226,"8.863, 24.824, 2.649"
1635,1636,CD2,C,A,TYR,226,"7.961, 22.598, 2.287"
1636,1637,CE1,C,A,TYR,226,"8.976, 25.017, 1.26"
1637,1638,CE2,C,A,TYR,226,"8.057, 22.789, 0.897"
1638,1639,CZ,C,A,TYR,226,"8.553, 24.003, 0.374"
1639,1640,OH,O,A,TYR,226,"8.649, 24.164, -0.974"
1640,1641,H,H,A,TYR,226,"8.878, 21.0, 5.382"
1641,1642,HA,H,A,TYR,226,"10.242, 23.312, 4.865"
1642,1643,HB2,H,A,TYR,226,"7.472, 22.847, 4.865"
1643,1644,HB3,H,A,TYR,226,"8.022, 24.289, 5.091"
1644,1645,HD1,H,A,TYR,226,"9.137, 25.496, 3.23"
1645,1646,HD2,H,A,TYR,226,"7.646, 21.79, 2.623"
1646,1647,HE1,H,A,TYR,226,"9.328, 25.81, 0.927"
1647,1648,HE2,H,A,TYR,226,"7.792, 22.111, 0.318"
1648,1649,HH,H,A,TYR,226,"8.359, 23.476, -1.36"
1649,1650,N,N,A,GLN,227,"10.165, 22.115, 7.518"
1650,1651,CA,C,A,GLN,227,"10.629, 22.243, 8.888"
1651,1652,C,C,A,GLN,227,"11.947, 21.48, 9.123"
1652,1653,O,O,A,GLN,227,"12.304, 21.148, 10.258"
1653,1654,CB,C,A,GLN,227,"9.495, 21.789, 9.815"
1654,1655,CG,C,A,GLN,227,"8.777, 22.97, 10.495"
1655,1656,CD,C,A,GLN,227,"9.739, 23.867, 11.276"
1656,1657,OE1,O,A,GLN,227,"9.957, 25.027, 10.932"
1657,1658,NE2,N,A,GLN,227,"10.371, 23.344, 12.308"
1658,1659,H,H,A,GLN,227,"10.234, 21.314, 7.214"
1659,1660,HA,H,A,GLN,227,"10.843, 23.168, 9.084"
1660,1661,HB2,H,A,GLN,227,"8.851, 21.274, 9.304"
1661,1662,HB3,H,A,GLN,227,"9.855, 21.199, 10.495"
1662,1663,HG2,H,A,GLN,227,"8.321, 23.499, 9.822"
1663,1664,HG3,H,A,GLN,227,"8.097, 22.629, 11.097"
1664,1665,HE21,H,A,GLN,227,"10.213, 22.532, 12.542"
1665,1666,HE22,H,A,GLN,227,"10.941, 23.815, 12.747"
1666,1667,N,N,A,ARG,228,"12.686, 21.162, 8.06"
1667,1668,CA,C,A,ARG,228,"14.048, 20.649, 8.141"
1668,1669,C,C,A,ARG,228,"15.109, 21.747, 8.252"
1669,1670,O,O,A,ARG,228,"16.284, 21.394, 8.377"
1670,1671,CB,C,A,ARG,228,"14.346, 19.715, 6.954"
1671,1672,CG,C,A,ARG,228,"13.889, 20.238, 5.59"
1672,1673,CD,C,A,ARG,228,"14.793, 19.888, 4.402"
1673,1674,NE,N,A,ARG,228,"15.255, 18.486, 4.389"
1674,1675,CZ,C,A,ARG,228,"16.533, 18.093, 4.305"
1675,1676,NH1,N,A,ARG,228,"17.542, 18.919, 4.574"
1676,1677,NH2,N,A,ARG,228,"16.796, 16.846, 3.949"
1677,1678,H,H,A,ARG,228,"12.399, 21.242, 7.253"
1678,1679,HA,H,A,ARG,228,"14.1, 20.143, 8.967"
1679,1680,HB2,H,A,ARG,228,"15.302, 19.552, 6.92"
1680,1681,HB3,H,A,ARG,228,"13.919, 18.86, 7.117"
1681,1682,HG2,H,A,ARG,228,"13.001, 19.892, 5.411"
1682,1683,HG3,H,A,ARG,228,"13.812, 21.204, 5.642"
1683,1684,HD2,H,A,ARG,228,"14.313, 20.068, 3.579"
1684,1685,HD3,H,A,ARG,228,"15.566, 20.473, 4.413"
1685,1686,HE,H,A,ARG,228,"14.655, 17.872, 4.439"
1686,1687,HH11,H,A,ARG,228,"17.382, 19.731, 4.81"
1687,1688,HH12,H,A,ARG,228,"18.353, 18.641, 4.512"
1688,1689,HH21,H,A,ARG,228,"16.152, 16.303, 3.776"
1689,1690,HH22,H,A,ARG,228,"17.611, 16.578, 3.89"
