res_num,chain,distance,residue_name,thalf,qs
125,A,5.1673163247,LEU125 A,177.8333333333,0.1
126,A,11.9532767056,GLY126 A,342.0,0.9
127,A,15.1750915977,GLY127 A,523.2857142857,1.0
128,A,13.3630366684,TYR128 A,912.0,0.5
129,A,15.6854928198,MET129 A,1149.9411764706,0.6
130,A,13.7506426759,LEU130 A,1308.8947368421,0.2
131,A,17.8948377193,GLY131 A,1495.2857142857,0.5
132,A,19.545513475,SER132 A,1708.0909090909,0.5
133,A,19.329126778,ALA133 A,1843.0,0.4
134,A,17.7407632868,MET134 A,1889.6470588235,0.3
135,A,20.4504620486,SER135 A,1994.5454545455,0.5
136,A,15.194884863,ARG136 A,1897.6666666667,0.1
137,A,17.6636775899,PRO137 A,2013.2857142857,0.2
138,A,20.5893193185,ILE138 A,2192.7894736842,0.3
139,A,17.7885698694,ILE139 A,2131.7894736842,0.1
140,A,22.1548285031,HIS140 A,2393.6470588235,0.3
141,A,16.3859360123,PHE141 A,2289.75,0.0
142,A,24.4193453639,GLY142 A,2581.8571428571,0.6
143,A,24.302186774,SER143 A,2727.8181818182,0.3
144,A,25.0599675578,ASP144 A,2785.25,0.5
145,A,21.4307882496,TYR145 A,2778.380952381,0.0
146,A,19.2678254092,GLU146 A,2651.2,0.0
147,A,21.2167154385,ASP147 A,2617.75,0.1
148,A,21.6368397415,ARG148 A,2639.625,0.1
149,A,15.9537142384,TYR149 A,2412.8095238095,0.0
150,A,15.1691379122,TYR150 A,2047.5238095238,0.0
151,A,19.6056137369,ARG151 A,2216.5416666667,0.2
152,A,20.0593405924,GLU152 A,1981.2666666667,0.4
153,A,15.7617786433,ASN153 A,1458.0,0.3
154,A,15.6050467157,MET154 A,1502.9411764706,0.3
155,A,15.2659693109,HIS155 A,1243.2352941176,0.5
156,A,10.9327963029,ARG156 A,552.625,0.4
157,A,11.1771905683,TYR157 A,1147.6666666667,0.1
158,A,9.6529288302,PRO158 A,1242.7857142857,0.0
159,A,13.7879968451,ASN159 A,1280.0,0.2
160,A,12.9680375154,GLN160 A,1187.7647058824,0.1
161,A,12.7747501737,VAL161 A,752.875,0.5
162,A,9.101822345,TYR162 A,506.4285714286,0.1
163,A,15.6132477403,TYR163 A,1184.4761904762,0.6
164,A,16.8838382485,ARG164 A,1572.7916666667,0.4
165,A,21.3097276848,PRO165 A,1920.1428571429,0.6
166,A,24.7763585904,MET166 A,2288.8823529412,0.8
167,A,25.073876924,ASP167 A,2350.0,0.9
168,A,24.7576998124,GLU168 A,2376.7333333333,0.7
169,A,19.1040094483,TYR169 A,2274.4285714286,0.1
170,A,23.8348954476,SER170 A,2083.8181818182,0.8
171,A,22.439031775,ASN171 A,1805.0,0.8
172,A,21.0454157954,GLN172 A,1529.1176470588,1.0
173,A,19.0401568796,ASN173 A,1267.5714285714,0.7
174,A,18.3257183761,ASN174 A,1147.5,0.8
175,A,16.9639894482,PHE175 A,1059.9,0.7
176,A,15.0187189201,VAL176 A,653.125,0.9
177,A,13.0436593408,HIS177 A,489.4705882353,0.8
178,A,11.6130098596,ASP178 A,377.4166666667,0.8
179,A,11.6174994728,CYS179 A,286.0,0.9
180,A,9.6129336833,VAL180 A,193.75,1.0
181,A,6.9987292418,ASN181 A,150.7142857143,0.4
182,A,6.7965183734,ILE182 A,130.8421052632,0.5
183,A,6.5753536787,THR183 A,78.8571428571,0.7
184,A,4.2504772673,ILE184 A,39.2631578947,0.5
185,A,2.0742203355,LYS185 A,7.9545454545,0.7
186,A,3.4395130469,GLN186 A,19.7058823529,0.9
187,A,3.1247727917,HIS187 A,20.7647058824,0.4
188,A,1.3335370261,THR188 A,4.2857142857,0.6
189,A,0.0,VAL189 A,1.0,0.3
190,A,1.3224598293,THR190 A,4.2857142857,0.5
191,A,3.1956503251,THR191 A,14.4285714286,0.9
192,A,2.2457315067,THR192 A,13.0,0.4
193,A,2.7521807717,THR193 A,26.7142857143,0.1
194,A,4.7430313092,LYS194 A,68.7272727273,0.2
195,A,6.9158615515,GLY195 A,82.4285714286,0.8
196,A,6.4155278816,GLU196 A,138.0666666667,0.3
197,A,8.1623093546,ASN197 A,200.4285714286,0.6
198,A,6.9622540172,PHE198 A,150.35,0.4
199,A,10.4598073118,THR199 A,337.5714285714,0.7
200,A,11.7100150299,GLU200 A,495.3333333333,0.7
201,A,13.1245191531,THR201 A,554.2857142857,0.8
202,A,10.1975679453,ASP202 A,481.5,0.3
203,A,7.0011663314,VAL203 A,383.125,0.0
204,A,11.6626736643,LYS204 A,686.6363636364,0.4
205,A,12.8553982824,MET205 A,765.0,0.6
206,A,6.1126258678,MET206 A,431.1176470588,0.0
207,A,10.6355003643,GLU207 A,624.4666666667,0.3
208,A,14.3844656835,ARG208 A,1064.6666666667,0.5
209,A,13.8908053402,VAL209 A,927.375,0.6
210,A,9.9415251345,VAL210 A,558.125,0.2
211,A,14.7874779797,GLU211 A,837.9333333333,0.7
212,A,17.5599535592,GLN212 A,1082.4117647059,0.7
213,A,13.3752940155,MET213 A,1032.1764705882,0.4
214,A,14.8144446065,CYS214 A,692.2,0.8
215,A,19.0616230684,ILE215 A,1146.8421052632,0.9
216,A,20.9022424156,THR216 A,1518.0714285714,0.7
217,A,17.6612886563,GLN217 A,1769.2941176471,0.3
218,A,21.1642638662,TYR218 A,2031.3333333333,0.5
219,A,23.831844788,GLU219 A,2247.6,0.7
220,A,21.1493828515,ARG220 A,2408.875,0.1
221,A,24.2977573245,GLU221 A,2791.4666666667,0.2
222,A,26.7414510825,SER222 A,3204.8181818182,0.4
223,A,28.994936351,GLN223 A,3742.0588235294,0.7
224,A,30.3462034858,ALA224 A,4191.8,0.3
225,A,31.3645271126,TYR225 A,4745.6666666667,0.1
226,A,33.9832141064,TYR226 A,5095.2380952381,0.6
227,A,35.683084592,GLN227 A,5370.4705882353,0.6
228,A,33.7818199184,ARG228 A,5548.1666666667,0.3
