,atom_name,thalf,distance,qs
0,LEU125 A N,218.0,9.414159442,0.3550295858
1,LEU125 A CA,217.0,9.5713617631,0.4023668639
2,LEU125 A C,252.0,10.8704643875,0.6390532544
3,LEU125 A O,253.0,11.0232676644,0.6627218935
4,LEU125 A CB,184.0,8.4289534938,0.2603550296
5,LEU125 A CG,157.0,7.1754686258,0.1597633136
6,LEU125 A CD1,138.0,5.9609668679,0.0769230769
7,LEU125 A CD2,154.0,7.199795136,0.1775147929
8,LEU125 A HA,218.0,9.7511892095,0.4437869822
9,LEU125 A HB2,185.0,8.2777275867,0.2366863905
10,LEU125 A HB3,185.0,8.8261260471,0.3076923077
11,LEU125 A HG,158.0,7.3970335946,0.1893491124
12,LEU125 A HD11,139.0,5.1673163247,0.0295857988
13,LEU125 A HD12,139.0,6.217600341,0.100591716
14,LEU125 A HD13,139.0,5.940197724,0.0710059172
15,LEU125 A HD21,155.0,6.5437716189,0.100591716
16,LEU125 A HD22,155.0,7.2050870918,0.1715976331
17,LEU125 A HD23,155.0,8.0817824767,0.2662721893
18,GLY126 A N,293.0,11.9532767056,0.7455621302
19,GLY126 A CA,342.0,13.3031008415,0.8520710059
20,GLY126 A C,389.0,14.2530025609,0.8934911243
21,GLY126 A O,390.0,14.2650085173,0.8934911243
22,GLY126 A H,294.0,11.9706530315,0.7514792899
23,GLY126 A HA2,343.0,13.402957696,0.8639053254
24,GLY126 A HA3,343.0,13.6191492025,0.875739645
25,GLY127 A N,448.0,15.1750915977,0.9289940828
26,GLY127 A CA,521.0,16.3296783496,0.9526627219
27,GLY127 A C,600.0,16.3510132102,0.899408284
28,GLY127 A O,601.0,17.4358872731,0.9704142012
29,GLY127 A H,449.0,15.2064755285,0.9289940828
30,GLY127 A HA2,522.0,17.1247080559,0.9822485207
31,GLY127 A HA3,522.0,16.4634784295,0.9585798817
32,TYR128 A N,707.0,15.2653447062,0.7100591716
33,TYR128 A CA,844.0,15.4169692871,0.6272189349
34,TYR128 A C,927.0,16.0641846354,0.6390532544
35,TYR128 A O,928.0,16.193148088,0.650887574
36,TYR128 A CB,895.0,14.1434673613,0.349112426
37,TYR128 A CG,940.0,14.2785549339,0.3195266272
38,TYR128 A CD1,953.0,14.3602270525,0.325443787
39,TYR128 A CD2,953.0,14.5695346871,0.3786982249
40,TYR128 A CE1,962.0,14.7660180482,0.3964497041
41,TYR128 A CE2,962.0,15.0197986005,0.4378698225
42,TYR128 A CZ,965.0,15.1357533014,0.4556213018
43,TYR128 A OH,968.0,15.7845620148,0.5680473373
44,TYR128 A H,708.0,14.474375496,0.6153846154
45,TYR128 A HA,845.0,16.0849140812,0.6863905325
46,TYR128 A HB2,896.0,13.3630366684,0.2307692308
47,TYR128 A HB3,896.0,14.0910772122,0.3313609467
48,TYR128 A HD1,954.0,14.2633569681,0.3136094675
49,TYR128 A HD2,954.0,14.5757525363,0.3786982249
50,TYR128 A HE1,963.0,14.9025163647,0.4201183432
51,TYR128 A HE2,963.0,15.349360801,0.5029585799
52,TYR128 A HH,969.0,16.0194437794,0.6035502959
53,MET129 A N,1028.0,16.6159328959,0.6213017751
54,MET129 A CA,1123.0,17.3574438786,0.6331360947
55,MET129 A C,1182.0,16.6402256295,0.4911242604
56,MET129 A O,1181.0,15.6854928198,0.3727810651
57,MET129 A CB,1148.0,18.8012055199,0.6923076923
58,MET129 A CG,1165.0,19.7965059038,0.7455621302
59,MET129 A SD,1178.0,19.9147635939,0.7455621302
60,MET129 A CE,1187.0,20.6789746361,0.798816568
61,MET129 A H,1039.0,16.6470184718,0.6094674556
62,MET129 A HA,1124.0,17.3745392169,0.6331360947
63,MET129 A HB2,1149.0,19.0136147799,0.7159763314
64,MET129 A HB3,1149.0,18.9157310459,0.7041420118
65,MET129 A HG2,1166.0,20.6914531872,0.8165680473
66,MET129 A HG3,1166.0,19.5909681486,0.7337278107
67,MET129 A HE1,1188.0,20.9671283203,0.8224852071
68,MET129 A HE2,1188.0,20.0446932878,0.7455621302
69,MET129 A HE3,1188.0,21.4650011414,0.875739645
70,LEU130 A N,1249.0,17.2276768312,0.5147928994
71,LEU130 A CA,1314.0,16.8915255972,0.4201183432
72,LEU130 A C,1371.0,18.1953674874,0.5266272189
73,LEU130 A O,1372.0,19.0347348287,0.5917159763
74,LEU130 A CB,1311.0,16.1575264505,0.325443787
75,LEU130 A CG,1308.0,15.7626091114,0.2840236686
76,LEU130 A CD1,1295.0,14.2962658411,0.1420118343
77,LEU130 A CD2,1315.0,16.0577620483,0.3136094675
78,LEU130 A H,1250.0,17.9346283485,0.5917159763
79,LEU130 A HA,1315.0,16.3398486529,0.3609467456
80,LEU130 A HB2,1312.0,15.3787107392,0.2426035503
81,LEU130 A HB3,1312.0,16.7752720991,0.4082840237
82,LEU130 A HG,1309.0,16.3198408693,0.3668639053
83,LEU130 A HD11,1296.0,14.0831628905,0.124260355
84,LEU130 A HD12,1296.0,14.2120035885,0.1360946746
85,LEU130 A HD13,1296.0,13.7506426759,0.0887573964
86,LEU130 A HD21,1316.0,15.8409208697,0.2899408284
87,LEU130 A HD22,1316.0,15.4967401411,0.2544378698
88,LEU130 A HD23,1316.0,16.9932359779,0.4378698225
89,GLY131 A N,1432.0,18.4108564168,0.4970414201
90,GLY131 A CA,1501.0,19.6504579336,0.550295858
91,GLY131 A C,1556.0,19.6975005775,0.5147928994
92,GLY131 A O,1551.0,18.7811971397,0.449704142
93,GLY131 A H,1423.0,17.8948377193,0.4556213018
94,GLY131 A HA2,1502.0,20.3989749252,0.5976331361
95,GLY131 A HA3,1502.0,19.8205120519,0.5621301775
96,SER132 A N,1633.0,20.8462428269,0.5443786982
97,SER132 A CA,1706.0,21.2425904494,0.5266272189
98,SER132 A C,1757.0,20.3788775451,0.4319526627
99,SER132 A O,1758.0,19.545513475,0.3786982249
100,SER132 A CB,1717.0,22.6960023793,0.6331360947
101,SER132 A OG,1720.0,23.3610145328,0.6863905325
102,SER132 A H,1634.0,21.4654753034,0.5857988166
103,SER132 A HA,1707.0,21.2108951721,0.5207100592
104,SER132 A HB2,1718.0,23.2125774743,0.6804733728
105,SER132 A HB3,1718.0,22.7449143546,0.6331360947
106,SER132 A HG,1721.0,24.149228849,0.775147929
107,ALA133 A N,1802.0,20.7631252224,0.426035503
108,ALA133 A CA,1845.0,20.2596958023,0.3609467456
109,ALA133 A C,1872.0,21.144231672,0.4023668639
110,ALA133 A O,1875.0,22.3632935633,0.5029585799
111,ALA133 A CB,1846.0,20.4189297222,0.3786982249
112,ALA133 A H,1803.0,21.4218578793,0.4733727811
113,ALA133 A HA,1846.0,19.329126778,0.2958579882
114,ALA133 A HB1,1847.0,20.1589917655,0.349112426
115,ALA133 A HB2,1847.0,19.91404886,0.3313609467
116,ALA133 A HB3,1847.0,21.360777748,0.4437869822
117,MET134 A N,1893.0,20.6151115689,0.349112426
118,MET134 A CA,1914.0,21.3999932944,0.3905325444
119,MET134 A C,1943.0,21.0771974892,0.3431952663
120,MET134 A O,1942.0,20.1418104946,0.2899408284
121,MET134 A CB,1901.0,21.2642123061,0.3846153846
122,MET134 A CG,1884.0,19.8595691293,0.3076923077
123,MET134 A SD,1859.0,19.5991740897,0.3076923077
124,MET134 A CE,1852.0,18.5440533325,0.2544378698
125,MET134 A H,1888.0,19.826679021,0.3017751479
126,MET134 A HA,1915.0,22.349864541,0.4852071006
127,MET134 A HB2,1902.0,21.8557433413,0.449704142
128,MET134 A HB3,1902.0,21.6304119471,0.426035503
129,MET134 A HG2,1885.0,19.2068508871,0.2721893491
130,MET134 A HG3,1885.0,19.7783524592,0.3017751479
131,MET134 A HE1,1853.0,18.337423674,0.2366863905
132,MET134 A HE2,1853.0,19.0703914485,0.2840236686
133,MET134 A HE3,1853.0,17.7407632868,0.2071005917
134,SER135 A N,1970.0,21.9253477509,0.3964497041
135,SER135 A CA,1992.0,21.6181503603,0.3550295858
136,SER135 A C,1996.0,20.5920290161,0.2840236686
137,SER135 A O,1997.0,20.4504620486,0.2781065089
138,SER135 A CB,2002.0,22.9130887922,0.4792899408
139,SER135 A OG,2006.0,22.7430707249,0.4556213018
140,SER135 A H,1971.0,22.6998149332,0.4674556213
141,SER135 A HA,1993.0,21.2947649435,0.325443787
142,SER135 A HB2,2003.0,23.610996887,0.5621301775
143,SER135 A HB3,2003.0,23.2450424822,0.5029585799
144,SER135 A HG,2007.0,23.4865020384,0.5384615385
145,ARG136 A N,1993.0,19.9609160361,0.2544378698
146,ARG136 A CA,1985.0,19.1209318026,0.2189349112
147,ARG136 A C,2001.0,20.012901114,0.2544378698
148,ARG136 A O,2002.0,21.1240542037,0.3136094675
149,ARG136 A CB,1957.0,18.4620887767,0.2071005917
150,ARG136 A CG,1927.0,17.3647762439,0.1479289941
151,ARG136 A CD,1896.0,16.6948101217,0.124260355
152,ARG136 A NE,1855.0,17.4483711561,0.1893491124
153,ARG136 A CZ,1810.0,17.0847954334,0.1775147929
154,ARG136 A NH1,1789.0,15.8458604689,0.0946745562
155,ARG136 A NH2,1799.0,18.0803225911,0.2485207101
156,ARG136 A H,1994.0,20.0729588003,0.2603550296
157,ARG136 A HA,1986.0,18.4493828894,0.1952662722
158,ARG136 A HB2,1958.0,19.1489786151,0.2307692308
159,ARG136 A HB3,1958.0,18.1433961815,0.1834319527
160,ARG136 A HG2,1928.0,16.7260707878,0.100591716
161,ARG136 A HG3,1928.0,17.8047158921,0.1715976331
162,ARG136 A HD2,1897.0,16.7764089423,0.1301775148
163,ARG136 A HD3,1897.0,15.7556563177,0.0532544379
164,ARG136 A HE,1856.0,18.2766414037,0.2307692308
165,ARG136 A HH11,1760.0,15.194884863,0.0591715976
166,ARG136 A HH12,1788.0,15.7317837832,0.0828402367
167,ARG136 A HH21,1800.0,18.8829256473,0.2899408284
168,ARG136 A HH22,1780.0,17.9611667216,0.2485207101
169,PRO137 A N,2012.0,19.6341784396,0.2307692308
170,PRO137 A CA,2033.0,20.415812744,0.2603550296
171,PRO137 A C,2077.0,20.3112077681,0.224852071
172,PRO137 A O,2075.0,19.4807836341,0.201183432
173,PRO137 A CB,2003.0,19.921080794,0.2426035503
174,PRO137 A CG,1981.0,18.4285936523,0.201183432
175,PRO137 A CD,1999.0,18.464081239,0.1834319527
176,PRO137 A HA,2034.0,21.3599539794,0.3076923077
177,PRO137 A HB2,2004.0,20.1187372616,0.2603550296
178,PRO137 A HB3,2004.0,20.3996339428,0.2721893491
179,PRO137 A HG2,1982.0,17.9285232242,0.1597633136
180,PRO137 A HG3,1982.0,18.0897998331,0.1656804734
181,PRO137 A HD2,2000.0,17.6636775899,0.1420118343
182,PRO137 A HD3,2000.0,18.6008099555,0.1952662722
183,ILE138 A N,2126.0,21.2188851262,0.2366863905
184,ILE138 A CA,2172.0,21.3615038094,0.2130177515
185,ILE138 A C,2183.0,21.6666401179,0.224852071
186,ILE138 A O,2184.0,22.7071800099,0.3136094675
187,ILE138 A CB,2196.0,22.4762900408,0.2840236686
188,ILE138 A CG1,2207.0,22.2227226055,0.2485207101
189,ILE138 A CG2,2205.0,22.5632925124,0.2840236686
190,ILE138 A CD1,2214.0,23.2006610466,0.3372781065
191,ILE138 A H,2127.0,21.8465067459,0.2781065089
192,ILE138 A HA,2173.0,20.5893193185,0.1715976331
193,ILE138 A HB,2197.0,23.3456460395,0.3727810651
194,ILE138 A HG12,2208.0,21.3154019901,0.1834319527
195,ILE138 A HG13,2208.0,22.3491296922,0.2662721893
196,ILE138 A HG21,2206.0,23.3063997005,0.3550295858
197,ILE138 A HG22,2206.0,22.7593661379,0.2958579882
198,ILE138 A HG23,2206.0,21.7470040465,0.2071005917
199,ILE138 A HD11,2215.0,23.066014155,0.3195266272
200,ILE138 A HD12,2215.0,24.0990826381,0.4615384615
201,ILE138 A HD13,2215.0,23.127596611,0.325443787
202,ILE139 A N,2189.0,20.814262538,0.1715976331
203,ILE139 A CA,2190.0,21.0809047956,0.1834319527
204,ILE139 A C,2243.0,21.4042479429,0.1597633136
205,ILE139 A O,2244.0,20.620778962,0.1420118343
206,ILE139 A CB,2131.0,20.0175292182,0.1775147929
207,ILE139 A CG1,2090.0,19.7476169702,0.201183432
208,ILE139 A CG2,2120.0,20.6285988618,0.2130177515
209,ILE139 A CD1,2059.0,18.6331344921,0.1597633136
210,ILE139 A H,2190.0,20.0866441946,0.1479289941
211,ILE139 A HA,2191.0,21.87794771,0.2366863905
212,ILE139 A HB,2132.0,19.206506762,0.1538461538
213,ILE139 A HG12,2091.0,19.5900865746,0.1893491124
214,ILE139 A HG13,2091.0,20.5745444907,0.224852071
215,ILE139 A HG21,2121.0,20.0461646706,0.1893491124
216,ILE139 A HG22,2121.0,20.8329504871,0.2189349112
217,ILE139 A HG23,2121.0,21.4656576419,0.2603550296
218,ILE139 A HD11,2060.0,18.5914767837,0.1538461538
219,ILE139 A HD12,2060.0,18.8831616791,0.1656804734
220,ILE139 A HD13,2060.0,17.7885698694,0.1301775148
221,HIS140 A N,2297.0,22.6270053034,0.2071005917
222,HIS140 A CA,2347.0,23.1567953094,0.224852071
223,HIS140 A C,2343.0,22.4984315898,0.1538461538
224,HIS140 A O,2331.0,22.1548285031,0.1420118343
225,HIS140 A CB,2390.0,24.65061411,0.4142011834
226,HIS140 A CG,2427.0,25.5275558172,0.5325443787
227,HIS140 A ND1,2450.0,25.5615938079,0.5088757396
228,HIS140 A CD2,2434.0,26.6326064064,0.7041420118
229,HIS140 A CE1,2450.0,26.6908276754,0.6982248521
230,HIS140 A NE2,2443.0,27.3585447347,0.8461538462
231,HIS140 A H,2298.0,23.2179436859,0.2721893491
232,HIS140 A HA,2348.0,23.0543946787,0.201183432
233,HIS140 A HB2,2391.0,24.768523977,0.4378698225
234,HIS140 A HB3,2391.0,25.0252743641,0.4733727811
235,HIS140 A HD1,2466.0,25.0031559808,0.4142011834
236,HIS140 A HD2,2435.0,26.8988577453,0.7514792899
237,HIS140 A HE1,2451.0,27.0091887512,0.7573964497
238,PHE141 A N,2367.0,22.5386651113,0.1420118343
239,PHE141 A CA,2386.0,22.0823745553,0.1065088757
240,PHE141 A C,2453.0,23.2623792635,0.1360946746
241,PHE141 A O,2454.0,23.1732851793,0.124260355
242,PHE141 A CB,2329.0,21.0228259994,0.1065088757
243,PHE141 A CG,2260.0,19.6533940071,0.1065088757
244,PHE141 A CD1,2230.0,18.7525356685,0.0946745562
245,PHE141 A CD2,2236.0,19.3594705248,0.1124260355
246,PHE141 A CE1,2201.0,17.4914766101,0.0650887574
247,PHE141 A CE2,2205.0,18.1409696268,0.0828402367
248,PHE141 A CZ,2191.0,17.1744741113,0.0473372781
249,PHE141 A H,2368.0,22.906995198,0.1656804734
250,PHE141 A HA,2387.0,21.753361993,0.0946745562
251,PHE141 A HB2,2330.0,21.3508625119,0.1124260355
252,PHE141 A HB3,2330.0,20.9599786737,0.1065088757
253,PHE141 A HD1,2231.0,19.0413269233,0.100591716
254,PHE141 A HD2,2237.0,20.0236809303,0.1360946746
255,PHE141 A HE1,2202.0,16.9256031207,0.0355029586
256,PHE141 A HE2,2206.0,18.0253998846,0.0769230769
257,PHE141 A HZ,2192.0,16.3859360123,0.0355029586
258,GLY142 A N,2522.0,24.4193453639,0.2544378698
259,GLY142 A CA,2585.0,25.5531409028,0.4082840237
260,GLY142 A C,2635.0,25.9881656336,0.4556213018
261,GLY142 A O,2636.0,26.9604554116,0.6331360947
262,GLY142 A H,2523.0,24.5898203735,0.2899408284
263,GLY142 A HA2,2586.0,26.3110430238,0.5562130178
264,GLY142 A HA3,2586.0,25.3553086158,0.349112426
265,SER143 A N,2683.0,25.3917859553,0.2781065089
266,SER143 A CA,2726.0,25.8557876306,0.325443787
267,SER143 A C,2747.0,25.4749956624,0.224852071
268,SER143 A O,2748.0,24.4210413783,0.0769230769
269,SER143 A CB,2736.0,25.2705024485,0.1834319527
270,SER143 A OG,2740.0,25.7639328325,0.3017751479
271,SER143 A H,2684.0,24.7210257676,0.1301775148
272,SER143 A HA,2727.0,26.8210406957,0.5443786982
273,SER143 A HB2,2737.0,25.5219322544,0.2603550296
274,SER143 A HB3,2737.0,24.302186774,0.0650887574
275,SER143 A HG,2741.0,25.4562998882,0.2307692308
276,ASP144 A N,2766.0,26.3942679573,0.4319526627
277,ASP144 A CA,2779.0,26.3475608928,0.3786982249
278,ASP144 A C,2772.0,25.4538263135,0.1952662722
279,ASP144 A O,2770.0,25.0599675578,0.1183431953
280,ASP144 A CB,2794.0,27.7822584755,0.6804733728
281,ASP144 A CG,2801.0,27.9769142151,0.7100591716
282,ASP144 A OD1,2802.0,28.290612595,0.7810650888
283,ASP144 A OD2,2802.0,27.9955179806,0.7159763314
284,ASP144 A H,2767.0,27.1233081131,0.5798816568
285,ASP144 A HA,2780.0,26.0248811909,0.3136094675
286,ASP144 A HB2,2795.0,28.3843256746,0.8106508876
287,ASP144 A HB3,2795.0,28.0783006074,0.7337278107
288,TYR145 A N,2766.0,25.1821553287,0.1360946746
289,TYR145 A CA,2755.0,24.3501483774,0.0532544379
290,TYR145 A C,2721.0,22.9164904163,0.0236686391
291,TYR145 A O,2714.0,22.3543169209,0.0118343195
292,TYR145 A CB,2775.0,24.4370468756,0.0532544379
293,TYR145 A CG,2788.0,23.9823150467,0.0414201183
294,TYR145 A CD1,2791.0,22.6281428535,0.0059171598
295,TYR145 A CD2,2794.0,24.9763043303,0.0946745562
296,TYR145 A CE1,2792.0,22.3085203005,0.0
297,TYR145 A CE2,2797.0,24.6964306125,0.0710059172
298,TYR145 A CZ,2797.0,23.3802034422,0.0177514793
299,TYR145 A OH,2801.0,23.2084363325,0.0118343195
300,TYR145 A H,2767.0,25.5260369623,0.2130177515
301,TYR145 A HA,2756.0,24.7359484354,0.0887573964
302,TYR145 A HB2,2776.0,25.3683429889,0.1656804734
303,TYR145 A HB3,2776.0,23.9533094582,0.0414201183
304,TYR145 A HD1,2792.0,21.9818420293,0.0
305,TYR145 A HD2,2795.0,25.8634815328,0.2662721893
306,TYR145 A HE1,2793.0,21.4307882496,0.0
307,TYR145 A HE2,2798.0,25.4124505509,0.1479289941
308,TYR145 A HH,2802.0,23.9673169337,0.0355029586
309,GLU146 A N,2694.0,22.4038049001,0.0177514793
310,GLU146 A CA,2663.0,21.0531400746,0.0118343195
311,GLU146 A C,2656.0,20.9257490427,0.0118343195
312,GLU146 A O,2656.0,19.8538332067,0.0059171598
313,GLU146 A CB,2638.0,20.8666033891,0.0177514793
314,GLU146 A CG,2633.0,21.0580068857,0.0236686391
315,GLU146 A CD,2640.0,20.0256559942,0.0059171598
316,GLU146 A OE1,2641.0,20.0867136436,0.0118343195
317,GLU146 A OE2,2641.0,19.2678254092,0.0059171598
318,GLU146 A H,2696.0,22.8786208938,0.0295857988
319,GLU146 A HA,2664.0,20.435022021,0.0059171598
320,GLU146 A HB2,2639.0,21.5535109437,0.0236686391
321,GLU146 A HB3,2639.0,20.0084207273,0.0177514793
322,GLU146 A HG2,2634.0,21.926128386,0.0295857988
323,GLU146 A HG3,2634.0,21.1280377224,0.0236686391
324,ASP147 A N,2643.0,22.094187403,0.0295857988
325,ASP147 A CA,2622.0,22.287363819,0.0414201183
326,ASP147 A C,2603.0,22.1005132067,0.0414201183
327,ASP147 A O,2596.0,21.2167154385,0.0355029586
328,ASP147 A CB,2619.0,23.7346326283,0.0828402367
329,ASP147 A CG,2610.0,24.027861765,0.100591716
330,ASP147 A OD1,2602.0,23.9565169004,0.100591716
331,ASP147 A OD2,2611.0,24.5129344633,0.1656804734
332,ASP147 A H,2644.0,22.841571312,0.0473372781
333,ASP147 A HA,2623.0,21.7119434413,0.0355029586
334,ASP147 A HB2,2620.0,23.9836179714,0.0946745562
335,ASP147 A HB3,2620.0,24.3400758627,0.124260355
336,ARG148 A N,2592.0,22.9486832956,0.0532544379
337,ARG148 A CA,2569.0,23.0886740416,0.0710059172
338,ARG148 A C,2506.0,21.8907552405,0.0591715976
339,ARG148 A O,2493.0,21.6368397415,0.0591715976
340,ARG148 A CB,2604.0,24.3100204237,0.1420118343
341,ARG148 A CG,2637.0,25.549980998,0.3372781065
342,ARG148 A CD,2662.0,26.8358935942,0.5917159763
343,ARG148 A NE,2685.0,26.9742388586,0.6153846154
344,ARG148 A CZ,2702.0,28.0235132166,0.798816568
345,ARG148 A NH1,2705.0,29.1798350578,0.9408284024
346,ARG148 A NH2,2705.0,27.957704448,0.775147929
347,ARG148 A H,2599.0,23.5185965142,0.0828402367
348,ARG148 A HA,2570.0,23.2545760658,0.0769230769
349,ARG148 A HB2,2605.0,24.5325722051,0.1775147929
350,ARG148 A HB3,2605.0,24.1320567296,0.1124260355
351,ARG148 A HG2,2638.0,25.5713115229,0.3431952663
352,ARG148 A HG3,2638.0,25.5580626222,0.3372781065
353,ARG148 A HD2,2663.0,27.6057405081,0.7278106509
354,ARG148 A HD3,2663.0,26.882440849,0.6035502959
355,ARG148 A HE,2686.0,26.346356807,0.4792899408
356,ARG148 A HH11,2706.0,29.2827216119,0.9467455621
357,ARG148 A HH12,2706.0,29.849686263,0.9704142012
358,ARG148 A HH21,2706.0,27.2415784051,0.6390532544
359,ARG148 A HH22,2706.0,28.6602382056,0.8875739645
360,TYR149 A N,2466.0,21.2837626608,0.0650887574
361,TYR149 A CA,2398.0,20.3002149003,0.0710059172
362,TYR149 A C,2318.0,19.0891707782,0.0769230769
363,TYR149 A O,2313.0,18.7318360285,0.0650887574
364,TYR149 A CB,2412.0,19.9662471436,0.0650887574
365,TYR149 A CG,2417.0,19.0531719407,0.0414201183
366,TYR149 A CD1,2426.0,19.6816807717,0.0532544379
367,TYR149 A CD2,2408.0,17.6552733765,0.0295857988
368,TYR149 A CE1,2427.0,18.998583263,0.0414201183
369,TYR149 A CE2,2415.0,16.8796980423,0.0118343195
370,TYR149 A CZ,2424.0,17.5914256671,0.0236686391
371,TYR149 A OH,2427.0,17.0094907037,0.0177514793
372,TYR149 A H,2485.0,21.4915402426,0.0591715976
373,TYR149 A HA,2399.0,20.7374068774,0.0769230769
374,TYR149 A HB2,2413.0,20.8091693972,0.0710059172
375,TYR149 A HB3,2413.0,19.6116207387,0.0591715976
376,TYR149 A HD1,2427.0,20.6070305721,0.0650887574
377,TYR149 A HD2,2409.0,17.2916158007,0.0236686391
378,TYR149 A HE1,2428.0,19.5127308955,0.0473372781
379,TYR149 A HE2,2416.0,15.9537142384,0.0
380,TYR149 A HH,2428.0,16.1760032455,0.0
381,TYR150 A N,2237.0,18.5970209173,0.0887573964
382,TYR150 A CA,2148.0,17.6969706165,0.0828402367
383,TYR150 A C,2155.0,18.3500483378,0.1124260355
384,TYR150 A O,2150.0,17.7875115179,0.0828402367
385,TYR150 A CB,2059.0,17.5199476597,0.1065088757
386,TYR150 A CG,2000.0,17.2372506508,0.1183431953
387,TYR150 A CD1,1965.0,16.0018827017,0.0532544379
388,TYR150 A CD2,1991.0,18.3196446199,0.1715976331
389,TYR150 A CE1,1956.0,15.9287922957,0.0473372781
390,TYR150 A CE2,1982.0,18.2503639964,0.1775147929
391,TYR150 A CZ,1973.0,17.0939111382,0.124260355
392,TYR150 A OH,1984.0,17.1874440799,0.124260355
393,TYR150 A H,2240.0,18.8573908588,0.0946745562
394,TYR150 A HA,2149.0,16.832084957,0.0473372781
395,TYR150 A HB2,2060.0,16.8543816558,0.0710059172
396,TYR150 A HB3,2060.0,18.364845793,0.1479289941
397,TYR150 A HD1,1966.0,15.3003221535,0.0355029586
398,TYR150 A HD2,1992.0,19.1366586425,0.2189349112
399,TYR150 A HE1,1957.0,15.1691379122,0.0295857988
400,TYR150 A HE2,1983.0,19.0245897985,0.2189349112
401,TYR150 A HH,1991.0,17.9079133905,0.1538461538
402,ARG151 A N,2166.0,19.6056137369,0.1420118343
403,ARG151 A CA,2153.0,20.361851242,0.1775147929
404,ARG151 A C,2106.0,20.4538071762,0.2130177515
405,ARG151 A O,2103.0,20.2561085355,0.2071005917
406,ARG151 A CB,2184.0,21.8090001146,0.2366863905
407,ARG151 A CG,2207.0,22.1920937723,0.2485207101
408,ARG151 A CD,2234.0,23.6324158943,0.3786982249
409,ARG151 A NE,2255.0,23.8330900221,0.3846153846
410,ARG151 A CZ,2272.0,23.5436601445,0.3313609467
411,ARG151 A NH1,2277.0,23.5789120402,0.3313609467
412,ARG151 A NH2,2277.0,23.3340677337,0.3076923077
413,ARG151 A H,2185.0,20.0851541692,0.1538461538
414,ARG151 A HA,2154.0,19.9350550538,0.1597633136
415,ARG151 A HB2,2185.0,21.9359374999,0.2426035503
416,ARG151 A HB3,2185.0,22.4219604406,0.2899408284
417,ARG151 A HG2,2208.0,21.6179409519,0.201183432
418,ARG151 A HG3,2208.0,22.1083932704,0.2426035503
419,ARG151 A HD2,2235.0,23.9386378476,0.4378698225
420,ARG151 A HD3,2235.0,24.2143660045,0.4674556213
421,ARG151 A HE,2256.0,24.2271312994,0.4556213018
422,ARG151 A HH11,2278.0,23.781714257,0.3609467456
423,ARG151 A HH12,2278.0,23.4530960856,0.3195266272
424,ARG151 A HH21,2278.0,23.3791448518,0.3136094675
425,ARG151 A HH22,2278.0,23.2075310837,0.2958579882
426,GLU152 A N,2055.0,20.9328872829,0.2662721893
427,GLU152 A CA,1956.0,21.2533956346,0.3550295858
428,GLU152 A C,1837.0,20.0593405924,0.349112426
429,GLU152 A O,1838.0,20.3039775906,0.3727810651
430,GLU152 A CB,1983.0,22.0011791957,0.3905325444
431,GLU152 A CG,2002.0,23.3887303204,0.5266272189
432,GLU152 A CD,2009.0,24.4300448424,0.6449704142
433,GLU152 A OE1,2010.0,24.6658495293,0.6686390533
434,GLU152 A OE2,2010.0,25.1023780945,0.7278106509
435,GLU152 A H,2088.0,21.1311422313,0.2603550296
436,GLU152 A HA,1957.0,21.8715953922,0.3964497041
437,GLU152 A HB2,1984.0,21.5157169065,0.3550295858
438,GLU152 A HB3,1984.0,22.1327972023,0.4082840237
439,GLU152 A HG2,2003.0,23.6627461847,0.5680473373
440,GLU152 A HG3,2003.0,23.3981791386,0.5266272189
441,ASN153 A N,1696.0,18.8387464817,0.3609467456
442,ASN153 A CA,1533.0,17.6012238495,0.3550295858
443,ASN153 A C,1490.0,16.9246003498,0.3076923077
444,ASN153 A O,1479.0,15.842873603,0.2130177515
445,ASN153 A CB,1434.0,16.7003505053,0.3195266272
446,ASN153 A CG,1331.0,17.0684146598,0.4378698225
447,ASN153 A OD1,1278.0,16.4431362276,0.3964497041
448,ASN153 A ND2,1348.0,18.2052063707,0.5384615385
449,ASN153 A H,1711.0,18.7420726975,0.3372781065
450,ASN153 A HA,1534.0,17.8694162468,0.3846153846
451,ASN153 A HB2,1435.0,16.8938145781,0.3372781065
452,ASN153 A HB3,1435.0,15.7617786433,0.224852071
453,ASN153 A HD21,1349.0,18.5185114143,0.5680473373
454,ASN153 A HD22,1359.0,18.670902201,0.5798816568
455,MET154 A N,1469.0,17.5550886355,0.3905325444
456,MET154 A CA,1434.0,16.8761030158,0.3372781065
457,MET154 A C,1351.0,16.4485372906,0.3431952663
458,MET154 A O,1348.0,15.6050467157,0.2485207101
459,MET154 A CB,1487.0,17.8324132411,0.4023668639
460,MET154 A CG,1528.0,18.9687270527,0.4792899408
461,MET154 A SD,1569.0,20.3209000539,0.550295858
462,MET154 A CE,1604.0,19.6262842128,0.4733727811
463,MET154 A H,1476.0,18.4111162345,0.4674556213
464,MET154 A HA,1435.0,16.1323160458,0.2662721893
465,MET154 A HB2,1488.0,17.364596972,0.3668639053
466,MET154 A HB3,1488.0,18.2664315891,0.4437869822
467,MET154 A HG2,1529.0,19.3994744774,0.5088757396
468,MET154 A HG3,1529.0,18.6201809605,0.449704142
469,MET154 A HE1,1605.0,20.2352930298,0.5207100592
470,MET154 A HE2,1605.0,18.7420118717,0.4082840237
471,MET154 A HE3,1605.0,19.6103864827,0.4674556213
472,HIS155 A N,1266.0,17.0971652914,0.4852071006
473,HIS155 A CA,1183.0,16.9401433878,0.5325443787
474,HIS155 A C,1064.0,15.5084937373,0.426035503
475,HIS155 A O,1065.0,15.2659693109,0.3905325444
476,HIS155 A CB,1236.0,17.9186829036,0.5976331361
477,HIS155 A CG,1281.0,18.5734042652,0.6153846154
478,HIS155 A ND1,1308.0,19.3346100555,0.6449704142
479,HIS155 A CD2,1290.0,18.7552550769,0.6272189349
480,HIS155 A CE1,1309.0,19.9201641308,0.6686390533
481,HIS155 A NE2,1303.0,19.607396283,0.6568047337
482,HIS155 A H,1267.0,17.7431551309,0.5621301775
483,HIS155 A HA,1184.0,17.2571061595,0.573964497
484,HIS155 A HB2,1237.0,18.6418614146,0.6449704142
485,HIS155 A HB3,1237.0,17.5053133362,0.5562130178
486,HIS155 A HD2,1291.0,18.4492453504,0.6094674556
487,HIS155 A HE1,1310.0,20.5248725696,0.6982248521
488,HIS155 A HE2,1304.0,19.9330078513,0.674556213
489,ARG156 A N,933.0,14.6455206121,0.4023668639
490,ARG156 A CA,806.0,13.267825029,0.2781065089
491,ARG156 A C,897.0,12.3484904745,0.1183431953
492,ARG156 A O,898.0,11.3823626282,0.0532544379
493,ARG156 A CB,649.0,12.9355917143,0.3786982249
494,ARG156 A CG,538.0,12.779930125,0.5029585799
495,ARG156 A CD,457.0,13.1602659548,0.6863905325
496,ARG156 A NE,388.0,12.3338637093,0.650887574
497,ARG156 A CZ,337.0,12.6659389703,0.7869822485
498,ARG156 A NH1,348.0,13.9176692733,0.9053254438
499,ARG156 A NH2,302.0,11.7571078076,0.6923076923
500,ARG156 A H,948.0,14.9050147601,0.4319526627
501,ARG156 A HA,807.0,13.2721543466,0.2781065089
502,ARG156 A HB2,650.0,12.1835911783,0.2426035503
503,ARG156 A HB3,650.0,13.7099465717,0.5384615385
504,ARG156 A HG2,539.0,13.3911863552,0.6331360947
505,ARG156 A HG3,539.0,11.8887611213,0.2899408284
506,ARG156 A HD2,458.0,14.0600222262,0.8165680473
507,ARG156 A HD3,458.0,13.2534275189,0.6982248521
508,ARG156 A HE,389.0,11.5279192832,0.4615384615
509,ARG156 A HH11,357.0,14.5441234181,0.9526627219
510,ARG156 A HH12,349.0,14.1416891848,0.9289940828
511,ARG156 A HH21,283.0,10.9327963029,0.5680473373
512,ARG156 A HH22,283.0,12.0473568055,0.7810650888
513,TYR157 A N,1008.0,12.7501639989,0.1065088757
514,TYR157 A CA,1117.0,12.1022564838,0.0473372781
515,TYR157 A C,1182.0,12.2555571477,0.0355029586
516,TYR157 A O,1195.0,13.189854586,0.0769230769
517,TYR157 A CB,1148.0,12.9031763531,0.0710059172
518,TYR157 A CG,1167.0,12.8057700276,0.0591715976
519,TYR157 A CD1,1170.0,13.5039239853,0.1124260355
520,TYR157 A CD2,1168.0,12.2507691595,0.0414201183
521,TYR157 A CE1,1171.0,13.6067281152,0.1301775148
522,TYR157 A CE2,1163.0,12.298329724,0.0414201183
523,TYR157 A CZ,1168.0,12.9722297621,0.0710059172
524,TYR157 A OH,1169.0,13.1880218759,0.0887573964
525,TYR157 A H,1017.0,13.5088449913,0.1952662722
526,TYR157 A HA,1118.0,11.1771905683,0.0236686391
527,TYR157 A HB2,1149.0,13.8393632802,0.1597633136
528,TYR157 A HB3,1149.0,12.7485377201,0.0650887574
529,TYR157 A HD1,1171.0,14.0114753327,0.1656804734
530,TYR157 A HD2,1169.0,11.9808244291,0.0295857988
531,TYR157 A HE1,1172.0,14.148199108,0.1893491124
532,TYR157 A HE2,1164.0,11.9939535183,0.0355029586
533,TYR157 A HH,1166.0,12.8597098334,0.0650887574
534,PRO158 A N,1221.0,11.5355855508,0.0177514793
535,PRO158 A CA,1244.0,11.8957265436,0.0236686391
536,PRO158 A C,1255.0,13.3643379185,0.0710059172
537,PRO158 A O,1256.0,13.9324113491,0.124260355
538,PRO158 A CB,1247.0,10.9883074675,0.0118343195
539,PRO158 A CG,1241.0,10.5382903262,0.0059171598
540,PRO158 A CD,1236.0,10.5063537919,0.0059171598
541,PRO158 A HA,1245.0,11.9184116391,0.0295857988
542,PRO158 A HB2,1248.0,11.5557099739,0.0177514793
543,PRO158 A HB3,1248.0,10.2930105897,0.0059171598
544,PRO158 A HG2,1242.0,11.2546226058,0.0118343195
545,PRO158 A HG3,1242.0,9.7309085907,0.0
546,PRO158 A HD2,1237.0,10.8197546183,0.0118343195
547,PRO158 A HD3,1237.0,9.6529288302,0.0
548,ASN159 A N,1262.0,14.072045658,0.1360946746
549,ASN159 A CA,1263.0,15.4709807381,0.2781065089
550,ASN159 A C,1234.0,15.8522295277,0.3431952663
551,ASN159 A O,1237.0,17.0492234134,0.5088757396
552,ASN159 A CB,1288.0,16.4265193818,0.3846153846
553,ASN159 A CG,1301.0,16.5306092144,0.3905325444
554,ASN159 A OD1,1302.0,16.0785926312,0.3195266272
555,ASN159 A ND2,1308.0,17.2945172237,0.4733727811
556,ASN159 A H,1263.0,13.7879968451,0.100591716
557,ASN159 A HA,1264.0,15.6788506275,0.3017751479
558,ASN159 A HB2,1289.0,17.3186417481,0.4911242604
559,ASN159 A HB3,1289.0,16.2360111789,0.3727810651
560,ASN159 A HD21,1309.0,17.4739129562,0.4970414201
561,ASN159 A HD22,1311.0,17.6708819248,0.5207100592
562,GLN160 A N,1184.0,14.9379839336,0.2662721893
563,GLN160 A CA,1127.0,15.2427195736,0.3313609467
564,GLN160 A C,1020.0,14.0951976928,0.2544378698
565,GLN160 A O,1021.0,12.9680375154,0.1301775148
566,GLN160 A CB,1178.0,15.6742377486,0.3727810651
567,GLN160 A CG,1219.0,16.9840645901,0.5147928994
568,GLN160 A CD,1248.0,17.5548915405,0.5562130178
569,GLN160 A OE1,1249.0,17.6140811001,0.5621301775
570,GLN160 A NE2,1273.0,18.1367017123,0.5976331361
571,GLN160 A H,1185.0,14.1355583194,0.1775147929
572,GLN160 A HA,1128.0,16.0443767719,0.4556213018
573,GLN160 A HB2,1179.0,15.0130698393,0.2781065089
574,GLN160 A HB3,1179.0,15.8224509479,0.3846153846
575,GLN160 A HG2,1220.0,17.6521031608,0.5857988166
576,GLN160 A HG3,1220.0,16.9310202882,0.5029585799
577,GLN160 A HE21,1288.0,18.1711276755,0.5857988166
578,GLN160 A HE22,1274.0,18.5426332003,0.6213017751
579,VAL161 A N,889.0,14.4751320892,0.4082840237
580,VAL161 A CA,760.0,13.7301334662,0.4082840237
581,VAL161 A C,667.0,14.1423348143,0.6094674556
582,VAL161 A O,674.0,15.2917775618,0.7455621302
583,VAL161 A CB,743.0,14.1877053818,0.5266272189
584,VAL161 A CG1,724.0,13.7550579061,0.449704142
585,VAL161 A CG2,754.0,15.7221098139,0.7278106509
586,VAL161 A H,890.0,15.2762409971,0.5562130178
587,VAL161 A HA,761.0,12.7747501737,0.2426035503
588,VAL161 A HB,744.0,13.8786359921,0.4556213018
589,VAL161 A HG11,725.0,14.1830482619,0.5384615385
590,VAL161 A HG12,725.0,12.7914958469,0.2721893491
591,VAL161 A HG13,725.0,14.1226376078,0.5266272189
592,VAL161 A HG21,755.0,16.0262808536,0.7573964497
593,VAL161 A HG22,755.0,16.1040072963,0.7692307692
594,VAL161 A HG23,755.0,16.0834791634,0.7633136095
595,TYR162 A N,554.0,13.3039221285,0.5976331361
596,TYR162 A CA,593.0,13.767722978,0.6331360947
597,TYR162 A C,728.0,14.5363804298,0.6094674556
598,TYR162 A O,729.0,14.2598114293,0.550295858
599,TYR162 A CB,518.0,12.5447573113,0.4674556213
600,TYR162 A CG,469.0,11.8065662239,0.3846153846
601,TYR162 A CD1,470.0,12.2903487339,0.4911242604
602,TYR162 A CD2,442.0,10.5468096598,0.2071005917
603,TYR162 A CE1,461.0,11.6889416544,0.3727810651
604,TYR162 A CE2,429.0,9.9150355017,0.1538461538
605,TYR162 A CZ,448.0,10.5033344705,0.201183432
606,TYR162 A OH,451.0,10.1330850189,0.1597633136
607,TYR162 A H,453.0,12.4917429528,0.5798816568
608,TYR162 A HA,594.0,14.3612739337,0.7041420118
609,TYR162 A HB2,519.0,11.9589044649,0.325443787
610,TYR162 A HB3,519.0,12.8994745242,0.550295858
611,TYR162 A HD1,471.0,13.1095022026,0.6627218935
612,TYR162 A HD2,443.0,10.1743800303,0.1715976331
613,TYR162 A HE1,462.0,12.1627630085,0.4733727811
614,TYR162 A HE2,430.0,9.101822345,0.0828402367
615,TYR162 A HH,452.0,9.4698415509,0.0946745562
616,TYR163 A N,915.0,15.6132477403,0.5976331361
617,TYR163 A CA,1112.0,16.5553778876,0.5443786982
618,TYR163 A C,1231.0,17.2961249128,0.5384615385
619,TYR163 A O,1224.0,17.0824855627,0.5266272189
620,TYR163 A CB,1169.0,17.6050930131,0.6153846154
621,TYR163 A CG,1216.0,18.7588057456,0.6568047337
622,TYR163 A CD1,1229.0,18.6896894035,0.650887574
623,TYR163 A CD2,1233.0,20.0188999198,0.7218934911
624,TYR163 A CE1,1238.0,19.8738568728,0.7100591716
625,TYR163 A CE2,1244.0,21.1291510714,0.7869822485
626,TYR163 A CZ,1243.0,21.0629605232,0.7810650888
627,TYR163 A OH,1248.0,22.1306038101,0.899408284
628,TYR163 A H,922.0,15.8854349012,0.6213017751
629,TYR163 A HA,1113.0,16.1349053298,0.4792899408
630,TYR163 A HB2,1170.0,18.0326947792,0.650887574
631,TYR163 A HB3,1170.0,17.1830444625,0.5798816568
632,TYR163 A HD1,1230.0,17.9064753092,0.6035502959
633,TYR163 A HD2,1234.0,20.1565546907,0.7278106509
634,TYR163 A HE1,1239.0,19.9091479225,0.7100591716
635,TYR163 A HE2,1245.0,21.9517866927,0.8816568047
636,TYR163 A HH,1249.0,22.7635273409,0.9408284024
637,ARG164 A N,1386.0,18.2497637519,0.5207100592
638,ARG164 A CA,1545.0,19.2405900377,0.4852071006
639,ARG164 A C,1680.0,20.6251167512,0.4970414201
640,ARG164 A O,1681.0,20.7374492163,0.5029585799
641,ARG164 A CB,1548.0,19.1115376147,0.4733727811
642,ARG164 A CG,1547.0,18.4090131729,0.4142011834
643,ARG164 A CD,1574.0,18.741165412,0.4319526627
644,ARG164 A NE,1595.0,18.027580065,0.3609467456
645,ARG164 A CZ,1612.0,18.1170776341,0.3550295858
646,ARG164 A NH1,1617.0,18.9961833272,0.4201183432
647,ARG164 A NH2,1617.0,17.4249422668,0.2840236686
648,ARG164 A H,1387.0,18.3500080381,0.5325443787
649,ARG164 A HA,1546.0,19.1842152042,0.4792899408
650,ARG164 A HB2,1549.0,18.6870904637,0.4437869822
651,ARG164 A HB3,1549.0,20.0135238776,0.5443786982
652,ARG164 A HG2,1548.0,18.7563620407,0.449704142
653,ARG164 A HG3,1548.0,17.451320695,0.325443787
654,ARG164 A HD2,1575.0,19.689725671,0.4970414201
655,ARG164 A HD3,1575.0,18.627729035,0.4142011834
656,ARG164 A HE,1596.0,17.5933226822,0.3136094675
657,ARG164 A HH11,1618.0,19.4946971251,0.4615384615
658,ARG164 A HH12,1618.0,19.1150522364,0.4319526627
659,ARG164 A HH21,1618.0,16.8838382485,0.2366863905
660,ARG164 A HH22,1618.0,17.5738400471,0.2958579882
661,PRO165 A N,1831.0,21.6742890541,0.4792899408
662,PRO165 A CA,1938.0,22.9813987825,0.5207100592
663,PRO165 A C,2044.0,23.6883727174,0.5325443787
664,PRO165 A O,2048.0,23.3379042975,0.4911242604
665,PRO165 A CB,1922.0,23.8089082068,0.6213017751
666,PRO165 A CG,1899.0,23.2534655912,0.5857988166
667,PRO165 A CD,1871.0,21.7544258945,0.4615384615
668,PRO165 A HA,1939.0,22.925971866,0.5147928994
669,PRO165 A HB2,1923.0,24.7454681305,0.7337278107
670,PRO165 A HB3,1923.0,23.7795966324,0.6213017751
671,PRO165 A HG2,1900.0,23.6654466681,0.6213017751
672,PRO165 A HG3,1900.0,23.478108463,0.6035502959
673,PRO165 A HD2,1872.0,21.3831915766,0.426035503
674,PRO165 A HD3,1872.0,21.3097276848,0.4201183432
675,MET166 A N,2150.0,24.7763585904,0.6094674556
676,MET166 A CA,2242.0,25.8512770671,0.6982248521
677,MET166 A C,2279.0,26.6050311783,0.8284023669
678,MET166 A O,2280.0,27.8254594571,0.9585798817
679,MET166 A CB,2282.0,26.8283046986,0.8579881657
680,MET166 A CG,2311.0,26.422145825,0.7396449704
681,MET166 A SD,2334.0,26.7168196273,0.7928994083
682,MET166 A CE,2360.0,27.804058157,0.9349112426
683,MET166 A H,2157.0,24.9370874402,0.6272189349
684,MET166 A HA,2243.0,25.4955021131,0.6449704142
685,MET166 A HB2,2283.0,27.0160687184,0.8816568047
686,MET166 A HB3,2283.0,27.6746463392,0.9467455621
687,MET166 A HG2,2312.0,25.4968356272,0.6153846154
688,MET166 A HG3,2312.0,26.9727017927,0.8639053254
689,MET166 A HE1,2361.0,28.1049344422,0.9526627219
690,MET166 A HE2,2361.0,27.3599617873,0.8875739645
691,MET166 A HE3,2361.0,28.5848849219,0.9763313609
692,ASP167 A N,2312.0,25.9311125099,0.6627218935
693,ASP167 A CA,2345.0,26.6464961674,0.7633136095
694,ASP167 A C,2356.0,27.1086359118,0.8639053254
695,ASP167 A O,2357.0,28.319248966,0.9644970414
696,ASP167 A CB,2358.0,25.8642847572,0.6272189349
697,ASP167 A CG,2366.0,26.8420982414,0.798816568
698,ASP167 A OD1,2367.0,27.6089860915,0.9171597633
699,ASP167 A OD2,2367.0,26.901103509,0.8165680473
700,ASP167 A H,2308.0,25.073876924,0.550295858
701,ASP167 A HA,2346.0,27.4516400057,0.9053254438
702,ASP167 A HB2,2359.0,25.5181182888,0.5857988166
703,ASP167 A HB3,2359.0,25.1202232076,0.5088757396
704,GLU168 A N,2360.0,26.2342349612,0.6923076923
705,GLU168 A CA,2361.0,26.7025954169,0.7633136095
706,GLU168 A C,2335.0,25.9816015865,0.6568047337
707,GLU168 A O,2335.0,26.690950414,0.7869822485
708,GLU168 A CB,2381.0,26.7891999881,0.7692307692
709,GLU168 A CG,2394.0,25.5140281806,0.5562130178
710,GLU168 A CD,2402.0,25.2878625827,0.5029585799
711,GLU168 A OE1,2403.0,24.9009861652,0.449704142
712,GLU168 A OE2,2403.0,25.614209982,0.5798816568
713,GLU168 A H,2361.0,25.3912259058,0.5680473373
714,GLU168 A HA,2362.0,27.6003067193,0.9230769231
715,GLU168 A HB2,2382.0,27.0953564103,0.8461538462
716,GLU168 A HB3,2382.0,27.4947157832,0.8934911243
717,GLU168 A HG2,2395.0,25.6402653847,0.5798816568
718,GLU168 A HG3,2395.0,24.7576998124,0.4378698225
719,TYR169 A N,2302.0,24.6526334902,0.4852071006
720,TYR169 A CA,2264.0,23.9223079363,0.3964497041
721,TYR169 A C,2214.0,23.7635313453,0.4319526627
722,TYR169 A O,2215.0,22.861920348,0.3017751479
723,TYR169 A CB,2275.0,22.5745294082,0.224852071
724,TYR169 A CG,2278.0,21.7722379419,0.1538461538
725,TYR169 A CD1,2280.0,22.3177832905,0.1952662722
726,TYR169 A CD2,2276.0,20.5770441512,0.1301775148
727,TYR169 A CE1,2282.0,21.7160747374,0.1479289941
728,TYR169 A CE2,2280.0,19.900864529,0.100591716
729,TYR169 A CZ,2283.0,20.5079810074,0.1183431953
730,TYR169 A OH,2286.0,19.9860840336,0.100591716
731,TYR169 A H,2303.0,24.1552178007,0.4023668639
732,TYR169 A HA,2265.0,24.473371243,0.4911242604
733,TYR169 A HB2,2276.0,22.7874850082,0.2485207101
734,TYR169 A HB3,2276.0,22.0542393204,0.1715976331
735,TYR169 A HD1,2281.0,23.1307506579,0.2899408284
736,TYR169 A HD2,2277.0,20.2566335801,0.1183431953
737,TYR169 A HE1,2283.0,22.1584363618,0.1775147929
738,TYR169 A HE2,2281.0,19.1040094483,0.0887573964
739,TYR169 A HH,2286.0,19.2613297049,0.0887573964
740,SER170 A N,2150.0,24.65960758,0.5917159763
741,SER170 A CA,2079.0,24.6153777139,0.6272189349
742,SER170 A C,2000.0,24.5565161617,0.6627218935
743,SER170 A O,2001.0,25.1716089275,0.7396449704
744,SER170 A CB,2090.0,25.8824583647,0.8224852071
745,SER170 A OG,2093.0,27.0471500902,0.9526627219
746,SER170 A H,2153.0,25.3595956987,0.6863905325
747,SER170 A HA,2080.0,23.8348954476,0.5325443787
748,SER170 A HB2,2091.0,25.7800125097,0.7928994083
749,SER170 A HB3,2091.0,26.0482266959,0.8520710059
750,SER170 A HG,2094.0,27.7086117119,0.9822485207
751,ASN171 A N,1904.0,23.9388982829,0.650887574
752,ASN171 A CA,1803.0,24.0531417698,0.7159763314
753,ASN171 A C,1716.0,23.6547824129,0.7218934911
754,ASN171 A O,1717.0,23.2029658449,0.674556213
755,ASN171 A CB,1797.0,23.2521243331,0.6390532544
756,ASN171 A CG,1802.0,24.1418059391,0.7278106509
757,ASN171 A OD1,1800.0,24.650350464,0.8165680473
758,ASN171 A ND2,1808.0,24.416720951,0.7573964497
759,ASN171 A H,1905.0,23.4929576044,0.5976331361
760,ASN171 A HA,1804.0,24.9877225053,0.8816568047
761,ASN171 A HB2,1798.0,23.0160746653,0.6153846154
762,ASN171 A HB3,1798.0,22.439031775,0.573964497
763,ASN171 A HD21,1809.0,24.9564670176,0.8698224852
764,ASN171 A HD22,1809.0,24.0999161409,0.7218934911
765,GLN172 A N,1613.0,23.829600815,0.8402366864
766,GLN172 A CA,1502.0,23.4114196494,0.8579881657
767,GLN172 A C,1380.0,22.1295641168,0.7692307692
768,GLN172 A O,1352.0,21.0454157954,0.7100591716
769,GLN172 A CB,1527.0,24.6106315441,0.9585798817
770,GLN172 A CG,1545.0,24.4262828322,0.9408284024
771,GLN172 A CD,1557.0,25.6797178528,0.9881656805
772,GLN172 A OE1,1558.0,26.6239392653,1.0
773,GLN172 A NE2,1563.0,25.7959062256,0.9940828402
774,GLN172 A H,1619.0,24.2645589698,0.8934911243
775,GLN172 A HA,1503.0,23.2466846238,0.8343195266
776,GLN172 A HB2,1528.0,25.3965766591,0.9881656805
777,GLN172 A HB3,1528.0,24.8227300876,0.9585798817
778,GLN172 A HG2,1546.0,23.651921571,0.8639053254
779,GLN172 A HG3,1546.0,24.2989280834,0.9289940828
780,GLN172 A HE21,1564.0,25.1730530727,0.9704142012
781,GLN172 A HE22,1564.0,26.5266253225,0.9940828402
782,ASN173 A N,1317.0,22.3028823474,0.8698224852
783,ASN173 A CA,1254.0,21.2621494915,0.7928994083
784,ASN173 A C,1177.0,20.2443319969,0.7633136095
785,ASN173 A O,1150.0,19.0401568796,0.7159763314
786,ASN173 A CB,1274.0,21.9488716339,0.8520710059
787,ASN173 A CG,1286.0,21.0532612913,0.7514792899
788,ASN173 A OD1,1287.0,21.4227887307,0.7692307692
789,ASN173 A ND2,1292.0,19.9953754903,0.6804733728
790,ASN173 A H,1318.0,23.0943401941,0.9349112426
791,ASN173 A HA,1255.0,20.8621559289,0.7573964497
792,ASN173 A HB2,1275.0,22.5400882208,0.9171597633
793,ASN173 A HB3,1275.0,22.5341087465,0.9171597633
794,ASN173 A HD21,1293.0,19.5471388443,0.6568047337
795,ASN173 A HD22,1293.0,19.7911670702,0.674556213
796,ASN174 A N,1157.0,20.7920971044,0.8343195266
797,ASN174 A CA,1132.0,20.105936959,0.798816568
798,ASN174 A C,1084.0,19.2503042573,0.7633136095
799,ASN174 A O,1085.0,18.3257183761,0.7100591716
800,ASN174 A CB,1154.0,21.1950138004,0.875739645
801,ASN174 A CG,1166.0,22.2783306601,0.9467455621
802,ASN174 A OD1,1167.0,23.0291326367,0.9763313609
803,ASN174 A ND2,1172.0,22.4346721616,0.9526627219
804,ASN174 A H,1159.0,21.6422987919,0.9112426036
805,ASN174 A HA,1133.0,19.5708553211,0.7514792899
806,ASN174 A HB2,1155.0,21.6458062682,0.9112426036
807,ASN174 A HB3,1155.0,20.8171258583,0.8343195266
808,ASN174 A HD21,1173.0,23.0623521133,0.9704142012
809,ASN174 A HD22,1173.0,21.9534624604,0.9230769231
810,PHE175 A N,1027.0,19.6591384603,0.8461538462
811,PHE175 A CA,958.0,19.1161246334,0.8639053254
812,PHE175 A C,831.0,17.9949705751,0.8698224852
813,PHE175 A O,818.0,16.9639894482,0.798816568
814,PHE175 A CB,1035.0,20.3025942677,0.8875739645
815,PHE175 A CG,1106.0,20.0982656217,0.8224852071
816,PHE175 A CD1,1128.0,20.2940443727,0.8106508876
817,PHE175 A CD2,1129.0,19.8974128469,0.7810650888
818,PHE175 A CE1,1138.0,20.2599169544,0.8047337278
819,PHE175 A CE2,1140.0,19.8855495524,0.7633136095
820,PHE175 A CZ,1141.0,20.0558545069,0.7869822485
821,PHE175 A H,1035.0,20.3463130321,0.8875739645
822,PHE175 A HA,959.0,18.7928716539,0.8343195266
823,PHE175 A HB2,1036.0,21.0300382786,0.9289940828
824,PHE175 A HB3,1036.0,20.6360582719,0.9053254438
825,PHE175 A HD1,1129.0,20.5294306302,0.8284023669
826,PHE175 A HD2,1130.0,19.8590852005,0.775147929
827,PHE175 A HE1,1139.0,20.4564943722,0.8224852071
828,PHE175 A HE2,1141.0,19.8510585612,0.7573964497
829,PHE175 A HZ,1142.0,20.119204035,0.7928994083
830,VAL176 A N,740.0,18.2639797963,0.9408284024
831,VAL176 A CA,637.0,17.3561756444,0.9467455621
832,VAL176 A C,548.0,16.1166388866,0.9230769231
833,VAL176 A O,525.0,15.0187189201,0.8579881657
834,VAL176 A CB,654.0,18.206853737,0.9704142012
835,VAL176 A CG1,653.0,17.5229229868,0.9467455621
836,VAL176 A CG2,667.0,18.902193788,0.9822485207
837,VAL176 A H,767.0,19.0704808801,0.9585798817
838,VAL176 A HA,638.0,17.0657776266,0.9230769231
839,VAL176 A HB,655.0,18.8435378048,0.9881656805
840,VAL176 A HG11,654.0,18.224390854,0.9763313609
841,VAL176 A HG12,654.0,17.1125858362,0.9171597633
842,VAL176 A HG13,654.0,16.8802003839,0.9053254438
843,VAL176 A HG21,668.0,19.477634456,1.0
844,VAL176 A HG22,668.0,18.2535350275,0.9704142012
845,VAL176 A HG23,668.0,19.4664680412,0.9940828402
846,HIS177 A N,519.0,16.356521146,0.9585798817
847,HIS177 A CA,474.0,15.4543644644,0.9289940828
848,HIS177 A C,421.0,14.1431300991,0.8639053254
849,HIS177 A O,410.0,13.0436593408,0.7337278107
850,HIS177 A CB,491.0,16.287752853,0.9704142012
851,HIS177 A CG,500.0,15.6982096113,0.9230769231
852,HIS177 A ND1,500.0,15.2598151365,0.8875739645
853,HIS177 A CD2,504.0,15.7777762058,0.9349112426
854,HIS177 A CE1,503.0,15.076217198,0.875739645
855,HIS177 A NE2,504.0,15.3862327423,0.8934911243
856,HIS177 A H,536.0,17.1636127607,0.9822485207
857,HIS177 A HA,475.0,15.2528539952,0.9112426036
858,HIS177 A HB2,492.0,17.1023603049,0.9881656805
859,HIS177 A HB3,492.0,16.5885398092,0.9763313609
860,HIS177 A HD1,491.0,15.2140062442,0.8934911243
861,HIS177 A HD2,505.0,16.1320635072,0.9526627219
862,HIS177 A HE1,504.0,14.8738256343,0.8579881657
863,ASP178 A N,395.0,14.3554423826,0.899408284
864,ASP178 A CA,366.0,13.362554172,0.8343195266
865,ASP178 A C,319.0,12.7666442733,0.8224852071
866,ASP178 A O,308.0,11.6130098596,0.6568047337
867,ASP178 A CB,387.0,14.1257892523,0.8816568047
868,ASP178 A CG,402.0,14.1875285022,0.875739645
869,ASP178 A OD1,403.0,13.2533324489,0.7810650888
870,ASP178 A OD2,409.0,15.155810041,0.9526627219
871,ASP178 A H,397.0,15.1518828533,0.9644970414
872,ASP178 A HA,367.0,12.6661001891,0.7396449704
873,ASP178 A HB2,388.0,15.0396115974,0.9644970414
874,ASP178 A HB3,388.0,13.784856655,0.8579881657
875,CYS179 A N,298.0,13.6535537132,0.9408284024
876,CYS179 A CA,271.0,13.4344476626,0.9408284024
877,CYS179 A C,218.0,12.4333139991,0.9171597633
878,CYS179 A O,205.0,11.6174994728,0.8461538462
879,CYS179 A CB,308.0,14.8333706891,0.9881656805
880,CYS179 A SG,365.0,15.1209276501,0.9763313609
881,CYS179 A H,305.0,14.4864577451,0.9763313609
882,CYS179 A HA,272.0,13.1626401607,0.9171597633
883,CYS179 A HB2,309.0,15.3793957294,0.9940828402
884,CYS179 A HB3,309.0,15.2622257224,0.9881656805
885,VAL180 A N,205.0,12.6314222081,0.9467455621
886,VAL180 A CA,180.0,11.9293131822,0.9289940828
887,VAL180 A C,145.0,10.5036150444,0.8343195266
888,VAL180 A O,130.0,9.6129336833,0.7396449704
889,VAL180 A CB,199.0,12.7268084766,0.9644970414
890,VAL180 A CG1,198.0,12.0469425167,0.9053254438
891,VAL180 A CG2,212.0,14.0117180603,0.9940828402
892,VAL180 A H,214.0,13.2904937832,0.9822485207
893,VAL180 A HA,181.0,11.9362173656,0.9230769231
894,VAL180 A HB,200.0,12.9022772021,0.9704142012
895,VAL180 A HG11,199.0,12.7094309078,0.9585798817
896,VAL180 A HG12,199.0,11.2854235632,0.8165680473
897,VAL180 A HG13,199.0,11.7687061736,0.8698224852
898,VAL180 A HG21,213.0,14.5377982515,0.9940828402
899,VAL180 A HG22,213.0,13.7795787309,0.9881656805
900,VAL180 A HG23,213.0,14.5776514226,1.0
901,ASN181 A N,146.0,10.4156387706,0.8106508876
902,ASN181 A CA,137.0,9.2371894535,0.6272189349
903,ASN181 A C,110.0,8.1968400009,0.4733727811
904,ASN181 A O,99.0,6.9987292418,0.2544378698
905,ASN181 A CB,156.0,9.8018829314,0.6804733728
906,ASN181 A CG,167.0,8.9117940955,0.4023668639
907,ASN181 A OD1,168.0,8.1641027676,0.2485207101
908,ASN181 A ND2,174.0,9.2156207062,0.4615384615
909,ASN181 A H,151.0,11.1409802531,0.8875739645
910,ASN181 A HA,138.0,8.9063149506,0.5207100592
911,ASN181 A HB2,157.0,10.5596356471,0.8047337278
912,ASN181 A HB3,157.0,10.2155366477,0.7692307692
913,ASN181 A HD21,175.0,8.9032915823,0.3668639053
914,ASN181 A HD22,175.0,9.8379564951,0.6213017751
915,ILE182 A N,113.0,8.7828697474,0.6213017751
916,ILE182 A CA,106.0,8.2448510599,0.5147928994
917,ILE182 A C,77.0,7.7862758107,0.5857988166
918,ILE182 A O,68.0,6.7965183734,0.349112426
919,ILE182 A CB,131.0,9.4882420395,0.7041420118
920,ILE182 A CG1,146.0,9.8699978217,0.7278106509
921,ILE182 A CG2,142.0,9.5784476822,0.6863905325
922,ILE182 A CD1,155.0,8.9145948309,0.449704142
923,ILE182 A H,118.0,9.638753602,0.7869822485
924,ILE182 A HA,107.0,7.5523613526,0.3076923077
925,ILE182 A HB,132.0,10.226344117,0.8284023669
926,ILE182 A HG12,147.0,9.9987380204,0.7573964497
927,ILE182 A HG13,147.0,10.7299624417,0.8520710059
928,ILE182 A HG21,143.0,10.4089936113,0.8224852071
929,ILE182 A HG22,143.0,9.5697403831,0.6804733728
930,ILE182 A HG23,143.0,8.8329905468,0.4792899408
931,ILE182 A HD11,156.0,9.3528584935,0.5857988166
932,ILE182 A HD12,156.0,8.8968207805,0.4437869822
933,ILE182 A HD13,156.0,8.0406389671,0.2603550296
934,THR183 A N,75.0,8.7033810097,0.7928994083
935,THR183 A CA,66.0,8.4727995964,0.798816568
936,THR183 A C,47.0,7.3104023145,0.6982248521
937,THR183 A O,48.0,6.5753536787,0.4733727811
938,THR183 A CB,83.0,9.7876157464,0.9053254438
939,THR183 A OG1,92.0,10.9140497525,0.9763313609
940,THR183 A CG2,92.0,9.8943363598,0.8875739645
941,THR183 A H,76.0,9.4300241251,0.8816568047
942,THR183 A HA,67.0,8.3339581832,0.775147929
943,THR183 A HB,84.0,9.9542083563,0.9349112426
944,THR183 A HG1,95.0,11.1546862798,0.9822485207
945,THR183 A HG21,93.0,10.7947239891,0.9704142012
946,THR183 A HG22,93.0,9.2703912539,0.798816568
947,THR183 A HG23,93.0,9.8420734096,0.875739645
948,ILE184 A N,31.0,7.3714567081,0.8461538462
949,ILE184 A CA,20.0,6.5735965042,0.8402366864
950,ILE184 A C,11.0,5.1462227896,0.7041420118
951,ILE184 A O,10.0,4.2504772673,0.5147928994
952,ILE184 A CB,35.0,7.4586573859,0.8224852071
953,ILE184 A CG1,48.0,8.7033477467,0.9112426036
954,ILE184 A CG2,43.0,6.983102176,0.6686390533
955,ILE184 A CD1,56.0,8.6269749623,0.8639053254
956,ILE184 A H,34.0,8.0766407002,0.9171597633
957,ILE184 A HA,21.0,6.6357607703,0.8402366864
958,ILE184 A HB,36.0,7.8185140532,0.8698224852
959,ILE184 A HG12,49.0,9.1490138266,0.9467455621
960,ILE184 A HG13,49.0,9.3620310296,0.9585798817
961,ILE184 A HG21,44.0,7.8147476607,0.8106508876
962,ILE184 A HG22,44.0,6.3457738693,0.4437869822
963,ILE184 A HG23,44.0,6.6699952024,0.5266272189
964,ILE184 A HD11,57.0,9.5487614904,0.9526627219
965,ILE184 A HD12,57.0,8.354035851,0.8284023669
966,ILE184 A HD13,57.0,8.1106585429,0.7869822485
967,LYS185 A N,6.0,5.074471204,0.9289940828
968,LYS185 A CA,3.0,3.7223504671,0.9822485207
969,LYS185 A C,2.0,3.2924234236,0.9704142012
970,LYS185 A O,1.0,2.0742203355,0.8461538462
971,LYS185 A CB,4.0,4.1042731391,0.9763313609
972,LYS185 A CG,4.0,3.2555025726,0.6568047337
973,LYS185 A CD,4.0,3.7108980045,0.7396449704
974,LYS185 A CE,11.0,3.193714765,0.2781065089
975,LYS185 A NZ,18.0,3.7081394256,0.2130177515
976,LYS185 A H,7.0,5.6841958974,0.9585798817
977,LYS185 A HA,4.0,3.3069969761,0.7337278107
978,LYS185 A HB2,5.0,4.9065752822,0.9940828402
979,LYS185 A HB3,5.0,4.5226543091,0.9171597633
980,LYS185 A HG2,5.0,2.3216461832,0.5976331361
981,LYS185 A HG3,5.0,3.4595067568,0.6272189349
982,LYS185 A HD2,5.0,4.6571395727,0.9289940828
983,LYS185 A HD3,5.0,3.783717352,0.6449704142
984,LYS185 A HE2,12.0,2.3229164858,0.0473372781
985,LYS185 A HE3,12.0,3.8779140011,0.3786982249
986,LYS185 A HZ1,19.0,3.8212946759,0.224852071
987,LYS185 A HZ2,19.0,4.5531690063,0.3431952663
988,LYS185 A HZ3,19.0,3.4274773522,0.1301775148
989,GLN186 A N,3.0,4.2020835308,1.0
990,GLN186 A CA,6.0,4.2358600071,0.6982248521
991,GLN186 A C,13.0,4.0889729762,0.3964497041
992,GLN186 A O,14.0,4.7279980964,0.4970414201
993,GLN186 A CB,13.0,5.4733724522,0.7159763314
994,GLN186 A CG,22.0,5.4935021616,0.5207100592
995,GLN186 A CD,31.0,4.8352734152,0.2485207101
996,GLN186 A OE1,32.0,3.9717856186,0.124260355
997,GLN186 A NE2,38.0,5.6018094398,0.3136094675
998,GLN186 A H,4.0,5.0339119976,1.0
999,GLN186 A HA,7.0,3.4395130469,0.4852071006
1000,GLN186 A HB2,14.0,6.2465737008,0.8816568047
1001,GLN186 A HB3,14.0,5.7918195759,0.7869822485
1002,GLN186 A HG2,23.0,5.3681360825,0.4674556213
1003,GLN186 A HG3,23.0,6.4381340464,0.7692307692
1004,GLN186 A HE21,39.0,6.2938794078,0.4911242604
1005,GLN186 A HE22,39.0,5.5638686181,0.3076923077
1006,HIS187 A N,12.0,3.8490057158,0.3786982249
1007,HIS187 A CA,10.0,4.1260427773,0.4792899408
1008,HIS187 A C,6.0,3.1247727917,0.5562130178
1009,HIS187 A O,7.0,3.3934043378,0.4852071006
1010,HIS187 A CB,16.0,5.3425561298,0.6094674556
1011,HIS187 A CG,23.0,6.4704291975,0.7810650888
1012,HIS187 A ND1,30.0,7.3870864351,0.8520710059
1013,HIS187 A CD2,28.0,6.9981953388,0.8047337278
1014,HIS187 A CE1,33.0,8.3049964479,0.9408284024
1015,HIS187 A NE2,33.0,8.1472553047,0.9349112426
1016,HIS187 A H,13.0,3.9241862851,0.3727810651
1017,HIS187 A HA,11.0,4.626098248,0.5857988166
1018,HIS187 A HB2,17.0,5.7724047848,0.7100591716
1019,HIS187 A HB3,17.0,5.2329801261,0.573964497
1020,HIS187 A HD2,29.0,6.8055378186,0.7692307692
1021,HIS187 A HE1,34.0,9.0767074427,0.9881656805
1022,HIS187 A HE2,34.0,8.7546040459,0.9704142012
1023,THR188 A N,3.0,2.6260575013,0.8224852071
1024,THR188 A CA,2.0,2.4654725713,0.8875739645
1025,THR188 A C,1.0,1.3335370261,0.798816568
1026,THR188 A O,2.0,2.249797102,0.8402366864
1027,THR188 A CB,3.0,3.2646999862,0.9349112426
1028,THR188 A OG1,5.0,4.4461135838,0.9053254438
1029,THR188 A CG2,6.0,3.8421219398,0.6035502959
1030,THR188 A H,4.0,2.8641197601,0.6331360947
1031,THR188 A HA,3.0,3.1630200758,0.9230769231
1032,THR188 A HB,4.0,2.8935122257,0.6331360947
1033,THR188 A HG1,6.0,4.433860282,0.7396449704
1034,THR188 A HG21,7.0,4.5958347446,0.7100591716
1035,THR188 A HG22,7.0,3.3701163185,0.4615384615
1036,THR188 A HG23,7.0,4.3266935413,0.6449704142
1037,VAL189 A N,1.0,0.0,0.0
1038,VAL189 A CA,1.0,0.0,0.0
1039,VAL189 A C,1.0,0.0,0.0
1040,VAL189 A O,1.0,0.0,0.0
1041,VAL189 A CB,1.0,0.0,0.0
1042,VAL189 A CG1,1.0,0.0,0.0
1043,VAL189 A CG2,1.0,0.0,0.0
1044,VAL189 A H,1.0,0.0,0.0
1045,VAL189 A HA,1.0,0.0,0.0
1046,VAL189 A HB,1.0,0.0,0.0
1047,VAL189 A HG11,1.0,0.0,0.0
1048,VAL189 A HG12,1.0,0.0,0.0
1049,VAL189 A HG13,1.0,0.0,0.0
1050,VAL189 A HG21,1.0,0.0,0.0
1051,VAL189 A HG22,1.0,0.0,0.0
1052,VAL189 A HG23,1.0,0.0,0.0
1053,THR190 A N,1.0,1.3224598293,0.7869822485
1054,THR190 A CA,2.0,2.4600749989,0.8520710059
1055,THR190 A C,3.0,2.808998398,0.8343195266
1056,THR190 A O,4.0,3.2274090227,0.6568047337
1057,THR190 A CB,3.0,3.6811733184,0.9822485207
1058,THR190 A OG1,5.0,3.8544369239,0.6686390533
1059,THR190 A CG2,6.0,4.7929499267,0.899408284
1060,THR190 A H,2.0,1.9207126282,0.8402366864
1061,THR190 A HA,3.0,2.7721892071,0.8284023669
1062,THR190 A HB,4.0,4.0895872652,0.9644970414
1063,THR190 A HG1,6.0,4.3481339676,0.7100591716
1064,THR190 A HG21,7.0,5.5838677456,0.9467455621
1065,THR190 A HG22,7.0,5.0714406237,0.8816568047
1066,THR190 A HG23,7.0,4.7324803222,0.7810650888
1067,THR191 A N,6.0,3.2417262377,0.5621301775
1068,THR191 A CA,9.0,4.1586907796,0.5443786982
1069,THR191 A C,9.0,3.8513931246,0.4556213018
1070,THR191 A O,10.0,4.8040876345,0.6449704142
1071,THR191 A CB,15.0,5.0865652458,0.5917159763
1072,THR191 A OG1,18.0,6.3933227668,0.8402366864
1073,THR191 A CG2,20.0,5.0504891842,0.4319526627
1074,THR191 A H,7.0,3.1956503251,0.4378698225
1075,THR191 A HA,10.0,4.9062756751,0.6863905325
1076,THR191 A HB,16.0,5.0534239878,0.5266272189
1077,THR191 A HG1,19.0,6.9197304138,0.899408284
1078,THR191 A HG21,21.0,5.5367071441,0.5680473373
1079,THR191 A HG22,21.0,4.1961879129,0.2426035503
1080,THR191 A HG23,21.0,5.1819032218,0.449704142
1081,THR192 A N,2.0,2.8951720156,0.9408284024
1082,THR192 A CA,9.0,3.4417536228,0.4082840237
1083,THR192 A C,12.0,3.9165890772,0.3964497041
1084,THR192 A O,13.0,5.1112994434,0.6213017751
1085,THR192 A CB,17.0,3.1373721488,0.1183431953
1086,THR192 A OG1,20.0,4.4967433772,0.325443787
1087,THR192 A CG2,14.0,3.0532163369,0.124260355
1088,THR192 A H,1.0,2.2457315067,0.9112426036
1089,THR192 A HA,10.0,4.3496065339,0.550295858
1090,THR192 A HB,18.0,2.6759035857,0.0177514793
1091,THR192 A HG1,21.0,4.6681025053,0.3372781065
1092,THR192 A HG21,15.0,3.4194214423,0.2071005917
1093,THR192 A HG22,15.0,2.3382801372,0.0059171598
1094,THR192 A HG23,15.0,3.8440537197,0.2899408284
1095,THR193 A N,6.0,3.4413674608,0.573964497
1096,THR193 A CA,22.0,4.5223457409,0.2958579882
1097,THR193 A C,29.0,5.4786735621,0.4082840237
1098,THR193 A O,30.0,6.6028352244,0.7100591716
1099,THR193 A CB,31.0,4.4249540111,0.201183432
1100,THR193 A OG1,34.0,5.7965490596,0.4142011834
1101,THR193 A CG2,32.0,3.8447430343,0.1065088757
1102,THR193 A H,1.0,2.7521807717,0.9526627219
1103,THR193 A HA,23.0,5.2012084173,0.426035503
1104,THR193 A HB,32.0,4.1840166109,0.1479289941
1105,THR193 A HG1,35.0,6.2441163506,0.5207100592
1106,THR193 A HG21,33.0,4.2137388386,0.1479289941
1107,THR193 A HG22,33.0,2.8946699294,0.0118343195
1108,THR193 A HG23,33.0,4.4017833886,0.1834319527
1109,LYS194 A N,30.0,5.3949519924,0.3668639053
1110,LYS194 A CA,47.0,6.6591379322,0.5147928994
1111,LYS194 A C,62.0,7.519617344,0.6153846154
1112,LYS194 A O,63.0,8.5103386537,0.8106508876
1113,LYS194 A CB,58.0,6.6399989458,0.4023668639
1114,LYS194 A CG,63.0,6.3895862933,0.2958579882
1115,LYS194 A CD,74.0,7.6519170801,0.550295858
1116,LYS194 A CE,87.0,8.1153674593,0.6035502959
1117,LYS194 A NZ,96.0,8.8607343939,0.7159763314
1118,LYS194 A H,21.0,4.7430313092,0.349112426
1119,LYS194 A HA,48.0,7.2521581615,0.674556213
1120,LYS194 A HB2,59.0,6.1675857513,0.2840236686
1121,LYS194 A HB3,59.0,7.5728552079,0.6686390533
1122,LYS194 A HG2,64.0,5.5957205077,0.1952662722
1123,LYS194 A HG3,64.0,6.4308510323,0.3017751479
1124,LYS194 A HD2,75.0,8.4009990477,0.7514792899
1125,LYS194 A HD3,75.0,7.6647975185,0.5443786982
1126,LYS194 A HE2,88.0,8.7950500283,0.7633136095
1127,LYS194 A HE3,88.0,7.4453079184,0.3905325444
1128,LYS194 A HZ1,97.0,9.1564408478,0.775147929
1129,LYS194 A HZ2,97.0,8.3661954914,0.6094674556
1130,LYS194 A HZ3,97.0,9.5325846443,0.8402366864
1131,GLY195 A N,73.0,7.4590947172,0.5088757396
1132,GLY195 A CA,85.0,8.5529763825,0.7100591716
1133,GLY195 A C,86.0,8.6617726823,0.7455621302
1134,GLY195 A O,87.0,9.8270266612,0.8875739645
1135,GLY195 A H,74.0,6.9158615515,0.3372781065
1136,GLY195 A HA2,86.0,8.6561068039,0.7278106509
1137,GLY195 A HA3,86.0,9.3759520583,0.8402366864
1138,GLU196 A N,81.0,7.6482993535,0.5029585799
1139,GLU196 A CA,116.0,7.9995916771,0.3846153846
1140,GLU196 A C,139.0,7.5344385989,0.224852071
1141,GLU196 A O,140.0,6.4155278816,0.1065088757
1142,GLU196 A CB,137.0,7.8007390675,0.2662721893
1143,GLU196 A CG,156.0,8.5444859998,0.349112426
1144,GLU196 A CD,175.0,9.3802849104,0.5029585799
1145,GLU196 A OE1,180.0,10.4006039248,0.7159763314
1146,GLU196 A OE2,180.0,9.2547031827,0.4437869822
1147,GLU196 A H,60.0,6.8178813425,0.426035503
1148,GLU196 A HA,117.0,8.9673923746,0.650887574
1149,GLU196 A HB2,138.0,6.8818546919,0.1597633136
1150,GLU196 A HB3,138.0,8.3020882915,0.3550295858
1151,GLU196 A HG2,157.0,9.2169405987,0.5207100592
1152,GLU196 A HG3,157.0,8.0112732446,0.2544378698
1153,ASN197 A N,162.0,8.5851805456,0.3195266272
1154,ASN197 A CA,189.0,8.8355613291,0.3076923077
1155,ASN197 A C,194.0,9.1469770963,0.3609467456
1156,ASN197 A O,195.0,10.2064783839,0.6449704142
1157,ASN197 A CB,204.0,10.1428316559,0.6035502959
1158,ASN197 A CG,215.0,10.7447127928,0.6982248521
1159,ASN197 A OD1,216.0,11.4021167333,0.798816568
1160,ASN197 A ND2,222.0,10.8351709723,0.6923076923
1161,ASN197 A H,163.0,9.2881503541,0.5207100592
1162,ASN197 A HA,190.0,8.1623093546,0.2189349112
1163,ASN197 A HB2,205.0,10.0894787279,0.5917159763
1164,ASN197 A HB3,205.0,10.8261126911,0.7337278107
1165,ASN197 A HD21,223.0,10.5269047208,0.6449704142
1166,ASN197 A HD22,223.0,11.3077204157,0.775147929
1167,PHE198 A N,194.0,8.4383333663,0.2366863905
1168,PHE198 A CA,183.0,8.9741971229,0.3550295858
1169,PHE198 A C,216.0,9.4602099871,0.3727810651
1170,PHE198 A O,217.0,9.1202115107,0.2958579882
1171,PHE198 A CB,146.0,7.8034316169,0.2485207101
1172,PHE198 A CG,129.0,8.0035645184,0.3136094675
1173,PHE198 A CD1,124.0,8.7697791306,0.5621301775
1174,PHE198 A CD2,124.0,7.7066610799,0.2899408284
1175,PHE198 A CE1,127.0,9.2624880027,0.674556213
1176,PHE198 A CE2,123.0,8.2738390726,0.426035503
1177,PHE198 A CZ,124.0,9.0886638732,0.650887574
1178,PHE198 A H,195.0,7.6716882757,0.1597633136
1179,PHE198 A HA,184.0,9.7352666117,0.5621301775
1180,PHE198 A HB2,147.0,6.9622540172,0.1479289941
1181,PHE198 A HB3,147.0,7.8936575173,0.2603550296
1182,PHE198 A HD1,125.0,8.872329401,0.5976331361
1183,PHE198 A HD2,125.0,7.3308808475,0.2307692308
1184,PHE198 A HE1,128.0,9.6848135759,0.7633136095
1185,PHE198 A HE2,124.0,8.2809949885,0.4201183432
1186,PHE198 A HZ,125.0,9.6006546652,0.7573964497
1187,THR199 A N,263.0,10.4598073118,0.4911242604
1188,THR199 A CA,324.0,11.3513279399,0.5680473373
1189,THR199 A C,369.0,11.2307924476,0.4319526627
1190,THR199 A O,372.0,10.5495994711,0.2840236686
1191,THR199 A CB,345.0,12.7852717609,0.7928994083
1192,THR199 A OG1,352.0,13.1790949993,0.8343195266
1193,THR199 A CG2,352.0,13.1194768569,0.8284023669
1194,THR199 A H,266.0,10.7442491129,0.5562130178
1195,THR199 A HA,325.0,11.270062644,0.5325443787
1196,THR199 A HB,346.0,13.3843877335,0.8579881657
1197,THR199 A HG1,353.0,12.7115894364,0.775147929
1198,THR199 A HG21,353.0,14.055169227,0.9112426036
1199,THR199 A HG22,353.0,13.0341631492,0.8106508876
1200,THR199 A HG23,353.0,12.5983113551,0.7514792899
1201,GLU200 A N,420.0,12.1039783129,0.5384615385
1202,GLU200 A CA,477.0,12.4156966377,0.5147928994
1203,GLU200 A C,504.0,12.7668351991,0.5443786982
1204,GLU200 A O,507.0,12.4931192662,0.4792899408
1205,GLU200 A CB,500.0,13.7143944817,0.7218934911
1206,GLU200 A CG,515.0,14.1199633144,0.7633136095
1207,GLU200 A CD,524.0,13.5315054595,0.6686390533
1208,GLU200 A OE1,525.0,14.0599531294,0.7396449704
1209,GLU200 A OE2,525.0,12.6681365638,0.4852071006
1210,GLU200 A H,421.0,12.638330942,0.6568047337
1211,GLU200 A HA,478.0,11.7100150299,0.3372781065
1212,GLU200 A HB2,501.0,13.7084633712,0.7218934911
1213,GLU200 A HB3,501.0,14.4524956322,0.8224852071
1214,GLU200 A HG2,516.0,15.0847096757,0.8639053254
1215,GLU200 A HG3,516.0,13.9465302495,0.7337278107
1216,THR201 A N,526.0,13.5389649161,0.6627218935
1217,THR201 A CA,543.0,14.1276768791,0.7337278107
1218,THR201 A C,536.0,13.1245191531,0.5857988166
1219,THR201 A O,541.0,13.1916910971,0.5976331361
1220,THR201 A CB,562.0,15.2311267147,0.8461538462
1221,THR201 A OG1,565.0,15.9917978351,0.899408284
1222,THR201 A CG2,571.0,16.2645106905,0.9171597633
1223,THR201 A H,527.0,13.8374541372,0.7041420118
1224,THR201 A HA,544.0,14.5907264727,0.7928994083
1225,THR201 A HB,563.0,14.842003672,0.8047337278
1226,THR201 A HG1,566.0,16.6170035205,0.9408284024
1227,THR201 A HG21,572.0,16.9616499787,0.9585798817
1228,THR201 A HG22,572.0,15.8843974075,0.8816568047
1229,THR201 A HG23,572.0,16.6897365168,0.9467455621
1230,ASP202 A N,513.0,12.3094667228,0.426035503
1231,ASP202 A CA,490.0,11.4622546648,0.2840236686
1232,ASP202 A C,487.0,10.5604796293,0.1834319527
1233,ASP202 A O,490.0,10.6536781442,0.1952662722
1234,ASP202 A CB,467.0,10.7956242061,0.2189349112
1235,ASP202 A CG,466.0,11.9174496433,0.4142011834
1236,ASP202 A OD1,467.0,12.8585133278,0.6331360947
1237,ASP202 A OD2,463.0,11.9968710504,0.4319526627
1238,ASP202 A H,508.0,12.3280490346,0.4378698225
1239,ASP202 A HA,491.0,12.090456443,0.4082840237
1240,ASP202 A HB2,468.0,10.1975679453,0.1538461538
1241,ASP202 A HB3,468.0,10.3246697284,0.1656804734
1242,VAL203 A N,474.0,9.9556782793,0.1183431953
1243,VAL203 A CA,467.0,9.3377411615,0.0828402367
1244,VAL203 A C,526.0,10.4517681758,0.1420118343
1245,VAL203 A O,529.0,10.273217607,0.1124260355
1246,VAL203 A CB,382.0,8.8638792862,0.0887573964
1247,VAL203 A CG1,361.0,8.4762882207,0.0769230769
1248,VAL203 A CG2,247.0,7.8317039653,0.1065088757
1249,VAL203 A H,463.0,10.0373511446,0.1420118343
1250,VAL203 A HA,468.0,8.635770782,0.0473372781
1251,VAL203 A HB,383.0,9.7052427584,0.1715976331
1252,VAL203 A HG11,362.0,8.3712782178,0.0650887574
1253,VAL203 A HG12,362.0,9.2114466291,0.1301775148
1254,VAL203 A HG13,362.0,7.6735474195,0.0355029586
1255,VAL203 A HG21,248.0,7.7420020021,0.100591716
1256,VAL203 A HG22,248.0,7.0011663314,0.0532544379
1257,VAL203 A HG23,248.0,8.2763306483,0.1538461538
1258,LYS204 A N,581.0,11.6626736643,0.224852071
1259,LYS204 A CA,642.0,12.7781607831,0.349112426
1260,LYS204 A C,661.0,13.2431919113,0.4201183432
1261,LYS204 A O,664.0,13.8217151613,0.5443786982
1262,LYS204 A CB,673.0,13.9960026079,0.573964497
1263,LYS204 A CG,694.0,14.0761135616,0.5621301775
1264,LYS204 A CD,711.0,15.3024284021,0.7159763314
1265,LYS204 A CE,724.0,16.6158647683,0.8402366864
1266,LYS204 A NZ,731.0,16.8422273171,0.8579881657
1267,LYS204 A H,576.0,11.8815456065,0.2603550296
1268,LYS204 A HA,643.0,12.5703687695,0.3017751479
1269,LYS204 A HB2,674.0,14.0153397747,0.573964497
1270,LYS204 A HB3,674.0,14.8015018833,0.6863905325
1271,LYS204 A HG2,695.0,14.1692156805,0.5798816568
1272,LYS204 A HG3,695.0,13.2789036068,0.3905325444
1273,LYS204 A HD2,712.0,15.3491344707,0.7278106509
1274,LYS204 A HD3,712.0,15.2914076854,0.7100591716
1275,LYS204 A HE2,725.0,17.3567252672,0.8875739645
1276,LYS204 A HE3,725.0,16.650827517,0.8402366864
1277,LYS204 A HZ1,732.0,17.695439469,0.9112426036
1278,LYS204 A HZ2,730.0,16.3308219634,0.8106508876
1279,LYS204 A HZ3,732.0,16.7131368091,0.8461538462
1280,MET205 A N,670.0,13.1622620016,0.3964497041
1281,MET205 A CA,693.0,13.6372172015,0.4674556213
1282,MET205 A C,658.0,12.8553982824,0.3431952663
1283,MET205 A O,659.0,13.5577507722,0.4970414201
1284,MET205 A CB,746.0,13.8998102865,0.4615384615
1285,MET205 A CG,795.0,15.0812567779,0.6272189349
1286,MET205 A SD,842.0,15.9330460365,0.6804733728
1287,MET205 A CE,875.0,17.4418208338,0.798816568
1288,MET205 A H,659.0,12.922778339,0.3609467456
1289,MET205 A HA,694.0,14.5245360339,0.6390532544
1290,MET205 A HB2,747.0,13.109973074,0.2958579882
1291,MET205 A HB3,747.0,14.1204449293,0.5088757396
1292,MET205 A HG2,796.0,15.757825548,0.6923076923
1293,MET205 A HG3,796.0,14.8445532435,0.5917159763
1294,MET205 A HE1,876.0,17.8713618395,0.8284023669
1295,MET205 A HE2,876.0,18.0652859651,0.8520710059
1296,MET205 A HE3,876.0,17.2809053293,0.7869822485
1297,MET206 A N,607.0,11.5444532569,0.201183432
1298,MET206 A CA,553.0,10.9826101633,0.1834319527
1299,MET206 A C,594.0,11.6043994244,0.2130177515
1300,MET206 A O,601.0,12.3105006397,0.3017751479
1301,MET206 A CB,456.0,9.4530053422,0.0946745562
1302,MET206 A CG,389.0,8.9675163786,0.0946745562
1303,MET206 A SD,302.0,8.4117047024,0.1124260355
1304,MET206 A CE,243.0,6.8620281259,0.0473372781
1305,MET206 A H,604.0,11.031764954,0.1479289941
1306,MET206 A HA,554.0,11.3727542398,0.2189349112
1307,MET206 A HB2,457.0,9.0893199416,0.0650887574
1308,MET206 A HB3,457.0,9.242826083,0.0828402367
1309,MET206 A HG2,390.0,8.3728472457,0.0591715976
1310,MET206 A HG3,390.0,9.7817361956,0.1775147929
1311,MET206 A HE1,244.0,6.759065394,0.0414201183
1312,MET206 A HE2,244.0,7.0311673995,0.0532544379
1313,MET206 A HE3,244.0,6.1126258678,0.0236686391
1314,GLU207 A N,623.0,11.5707599578,0.201183432
1315,GLU207 A CA,654.0,12.1607459064,0.2366863905
1316,GLU207 A C,729.0,13.5641680172,0.4082840237
1317,GLU207 A O,732.0,13.8946122652,0.4674556213
1318,GLU207 A CB,605.0,12.2721027131,0.2899408284
1319,GLU207 A CG,584.0,11.2720872069,0.1952662722
1320,GLU207 A CD,593.0,12.0802901041,0.2721893491
1321,GLU207 A OE1,596.0,13.3232020926,0.5325443787
1322,GLU207 A OE2,594.0,11.586953137,0.2130177515
1323,GLU207 A H,620.0,11.3273560463,0.1656804734
1324,GLU207 A HA,655.0,11.6014266795,0.1834319527
1325,GLU207 A HB2,606.0,13.08114284,0.4615384615
1326,GLU207 A HB3,606.0,12.5159594518,0.3313609467
1327,GLU207 A HG2,585.0,10.6355003643,0.1183431953
1328,GLU207 A HG3,585.0,10.8232956626,0.1360946746
1329,ARG208 A N,810.0,14.4826569386,0.5029585799
1330,ARG208 A CA,909.0,15.845583675,0.6272189349
1331,ARG208 A C,908.0,15.9507343405,0.6390532544
1332,ARG208 A O,911.0,16.8396587258,0.7218934911
1333,ARG208 A CB,1004.0,16.6534606914,0.6449704142
1334,ARG208 A CG,1072.0,17.173463745,0.6449704142
1335,ARG208 A CD,1114.0,18.26575884,0.6863905325
1336,ARG208 A NE,1155.0,19.4905220556,0.7396449704
1337,ARG208 A CZ,1190.0,20.5448607199,0.7810650888
1338,ARG208 A NH1,1195.0,20.5718348477,0.775147929
1339,ARG208 A NH2,1207.0,21.6468453591,0.8816568047
1340,ARG208 A H,801.0,14.3844656835,0.4852071006
1341,ARG208 A HA,910.0,16.2728724569,0.6627218935
1342,ARG208 A HB2,1005.0,16.1732095763,0.5917159763
1343,ARG208 A HB3,1005.0,17.4513921794,0.6923076923
1344,ARG208 A HG2,1073.0,16.4664831096,0.5680473373
1345,ARG208 A HG3,1073.0,17.5891212401,0.6686390533
1346,ARG208 A HD2,1115.0,18.5137571822,0.6982248521
1347,ARG208 A HD3,1115.0,17.978192512,0.6686390533
1348,ARG208 A HE,1158.0,19.5734663512,0.7396449704
1349,ARG208 A HH11,1196.0,19.9073162681,0.7396449704
1350,ARG208 A HH12,1196.0,21.2942407707,0.8461538462
1351,ARG208 A HH21,1222.0,21.7039639006,0.875739645
1352,ARG208 A HH22,1208.0,22.3333040323,0.9230769231
1353,VAL209 A N,897.0,15.1953280649,0.5325443787
1354,VAL209 A CA,886.0,15.370873495,0.5798816568
1355,VAL209 A C,817.0,14.9194812577,0.573964497
1356,VAL209 A O,824.0,15.7820456532,0.674556213
1357,VAL209 A CB,945.0,14.80220541,0.4142011834
1358,VAL209 A CG1,960.0,14.7911585415,0.4023668639
1359,VAL209 A CG2,974.0,15.721239455,0.5443786982
1360,VAL209 A H,894.0,14.6191252816,0.4378698225
1361,VAL209 A HA,887.0,16.3091710396,0.6804733728
1362,VAL209 A HB,946.0,13.8908053402,0.2721893491
1363,VAL209 A HG11,961.0,14.534013692,0.3668639053
1364,VAL209 A HG12,961.0,14.2299483133,0.3076923077
1365,VAL209 A HG13,961.0,15.7064234949,0.5562130178
1366,VAL209 A HG21,975.0,15.4804647863,0.5088757396
1367,VAL209 A HG22,975.0,16.6238848949,0.6568047337
1368,VAL209 A HG23,975.0,15.7345353284,0.550295858
1369,VAL210 A N,722.0,13.7195500291,0.449704142
1370,VAL210 A CA,641.0,13.3760875446,0.4792899408
1371,VAL210 A C,710.0,14.4848081451,0.6153846154
1372,VAL210 A O,713.0,15.0047695417,0.674556213
1373,VAL210 A CB,510.0,11.9341772234,0.3431952663
1374,VAL210 A CG1,481.0,11.662479582,0.3195266272
1375,VAL210 A CG2,459.0,10.812769118,0.224852071
1376,VAL210 A H,715.0,13.1402393433,0.3313609467
1377,VAL210 A HA,642.0,13.4806481298,0.5088757396
1378,VAL210 A HB,511.0,12.0501313686,0.3786982249
1379,VAL210 A HG11,482.0,10.7948541908,0.2071005917
1380,VAL210 A HG12,482.0,12.367046535,0.4852071006
1381,VAL210 A HG13,482.0,11.7804959997,0.3550295858
1382,VAL210 A HG21,460.0,9.9415251345,0.1301775148
1383,VAL210 A HG22,460.0,10.8990755571,0.2307692308
1384,VAL210 A HG23,460.0,11.0159862927,0.2485207101
1385,GLU211 A N,775.0,15.0297353603,0.6390532544
1386,GLU211 A CA,840.0,16.2037574963,0.7041420118
1387,GLU211 A C,903.0,17.3925302645,0.775147929
1388,GLU211 A O,906.0,17.9799161845,0.8165680473
1389,GLU211 A CB,833.0,16.6125177502,0.7514792899
1390,GLU211 A CG,834.0,17.25163998,0.8106508876
1391,GLU211 A CD,841.0,17.3433973027,0.8106508876
1392,GLU211 A OE1,842.0,17.956318136,0.8639053254
1393,GLU211 A OE2,842.0,16.9137452683,0.7810650888
1394,GLU211 A H,774.0,14.7874779797,0.6035502959
1395,GLU211 A HA,841.0,16.0557061196,0.6923076923
1396,GLU211 A HB2,834.0,15.8804636267,0.6804733728
1397,GLU211 A HB3,834.0,17.2981882577,0.8224852071
1398,GLU211 A HG2,835.0,18.1656878207,0.875739645
1399,GLU211 A HG3,835.0,16.8222483634,0.775147929
1400,GLN212 A N,966.0,17.8039574814,0.7573964497
1401,GLN212 A CA,1030.0,18.8131402217,0.7869822485
1402,GLN212 A C,1029.0,18.6628565874,0.7692307692
1403,GLN212 A O,1037.0,19.6403028999,0.8343195266
1404,GLN212 A CB,1086.0,18.9593375675,0.7455621302
1405,GLN212 A CG,1125.0,20.2540523353,0.8106508876
1406,GLN212 A CD,1137.0,21.4698236136,0.9053254438
1407,GLN212 A OE1,1138.0,21.8921489352,0.9349112426
1408,GLN212 A NE2,1143.0,22.1396976267,0.9526627219
1409,GLN212 A H,965.0,17.5599535592,0.7337278107
1410,GLN212 A HA,1031.0,19.6721842712,0.8461538462
1411,GLN212 A HB2,1087.0,18.208819127,0.6982248521
1412,GLN212 A HB3,1087.0,19.0117069986,0.7514792899
1413,GLN212 A HG2,1126.0,20.386591721,0.8284023669
1414,GLN212 A HG3,1126.0,20.2496977508,0.8047337278
1415,GLN212 A HE21,1144.0,21.9186429553,0.9289940828
1416,GLN212 A HE22,1144.0,22.8363684941,0.9644970414
1417,MET213 A N,1001.0,17.6127779467,0.7218934911
1418,MET213 A CA,984.0,17.5557900136,0.7278106509
1419,MET213 A C,918.0,17.7369629306,0.7928994083
1420,MET213 A O,930.0,18.5954588542,0.8402366864
1421,MET213 A CB,1031.0,16.3399828947,0.5857988166
1422,MET213 A CG,1066.0,16.6866924524,0.6035502959
1423,MET213 A SD,1082.0,15.6065817205,0.426035503
1424,MET213 A CE,1090.0,14.0551881168,0.2071005917
1425,MET213 A H,989.0,16.9718255353,0.6686390533
1426,MET213 A HA,985.0,18.3582373065,0.7928994083
1427,MET213 A HB2,1032.0,15.5470229948,0.4615384615
1428,MET213 A HB3,1032.0,16.2077794284,0.5680473373
1429,MET213 A HG2,1067.0,16.9069619684,0.6213017751
1430,MET213 A HG3,1067.0,17.5244795643,0.6627218935
1431,MET213 A HE1,1091.0,13.3752940155,0.1360946746
1432,MET213 A HE2,1091.0,13.8113698452,0.1893491124
1433,MET213 A HE3,1091.0,14.2409622568,0.2307692308
1434,CYS214 A N,813.0,17.1038031443,0.8165680473
1435,CYS214 A CA,724.0,17.4064009204,0.8934911243
1436,CYS214 A C,847.0,18.8779720574,0.9112426036
1437,CYS214 A O,858.0,19.5310192258,0.9408284024
1438,CYS214 A CB,567.0,16.5102996641,0.9349112426
1439,CYS214 A SG,444.0,14.8144446065,0.899408284
1440,CYS214 A H,808.0,16.5540193005,0.7692307692
1441,CYS214 A HA,725.0,17.3316046862,0.8816568047
1442,CYS214 A HB2,568.0,16.5206978364,0.9408284024
1443,CYS214 A HB3,568.0,16.9711724403,0.9644970414
1444,ILE215 A N,980.0,19.4684700991,0.8698224852
1445,ILE215 A CA,1133.0,20.9111945857,0.8698224852
1446,ILE215 A C,1264.0,21.6383878096,0.8284023669
1447,ILE215 A O,1284.0,22.4273513817,0.9053254438
1448,ILE215 A CB,1149.0,21.3230899027,0.8875739645
1449,ILE215 A CG1,1151.0,20.9872712852,0.8579881657
1450,ILE215 A CG2,1162.0,22.8299476565,0.9644970414
1451,ILE215 A CD1,1153.0,21.1047533508,0.875739645
1452,ILE215 A H,975.0,19.0616230684,0.8402366864
1453,ILE215 A HA,1134.0,21.2452436795,0.8934911243
1454,ILE215 A HB,1150.0,20.910948759,0.8520710059
1455,ILE215 A HG12,1152.0,21.6389724571,0.9112426036
1456,ILE215 A HG13,1152.0,20.1113736229,0.775147929
1457,ILE215 A HG21,1163.0,23.0726724503,0.9763313609
1458,ILE215 A HG22,1163.0,23.1240295796,0.9822485207
1459,ILE215 A HG23,1163.0,23.3063218462,0.9881656805
1460,ILE215 A HD11,1154.0,20.9626258851,0.8520710059
1461,ILE215 A HD12,1154.0,20.487493673,0.8047337278
1462,ILE215 A HD13,1154.0,22.0116266777,0.9349112426
1463,THR216 A N,1367.0,21.4407502434,0.7278106509
1464,THR216 A CA,1502.0,22.2118318245,0.7041420118
1465,THR216 A C,1592.0,22.1010469209,0.650887574
1466,THR216 A O,1609.0,23.1468366953,0.7337278107
1467,THR216 A CB,1531.0,21.9033331025,0.6627218935
1468,THR216 A OG1,1534.0,22.5375497781,0.7159763314
1469,THR216 A CG2,1550.0,22.4649334074,0.6923076923
1470,THR216 A H,1345.0,20.9022424156,0.6982248521
1471,THR216 A HA,1503.0,23.154417829,0.8047337278
1472,THR216 A HB,1532.0,20.9395577317,0.6094674556
1473,THR216 A HG1,1535.0,22.4422571503,0.7041420118
1474,THR216 A HG21,1551.0,22.3044780706,0.6863905325
1475,THR216 A HG22,1551.0,22.0899397464,0.6686390533
1476,THR216 A HG23,1551.0,23.4244242832,0.8165680473
1477,GLN217 A N,1648.0,20.9510322896,0.5443786982
1478,GLN217 A CA,1751.0,20.8977358104,0.4674556213
1479,GLN217 A C,1828.0,21.7440756529,0.4852071006
1480,GLN217 A O,1836.0,22.529356693,0.5562130178
1481,GLN217 A CB,1762.0,19.4598143362,0.3668639053
1482,GLN217 A CG,1775.0,19.4272476692,0.3431952663
1483,GLN217 A CD,1809.0,19.4041275248,0.3195266272
1484,GLN217 A OE1,1824.0,20.4062194686,0.3846153846
1485,GLN217 A NE2,1804.0,18.3530229935,0.2662721893
1486,GLN217 A H,1609.0,20.221329531,0.5147928994
1487,GLN217 A HA,1752.0,21.3467192093,0.4970414201
1488,GLN217 A HB2,1763.0,18.8826729835,0.3195266272
1489,GLN217 A HB3,1763.0,19.1744195479,0.3313609467
1490,GLN217 A HG2,1776.0,18.6966496731,0.2958579882
1491,GLN217 A HG3,1776.0,20.2490565953,0.4023668639
1492,GLN217 A HE21,1799.0,17.6612886563,0.224852071
1493,GLN217 A HE22,1803.0,18.4000325543,0.2721893491
1494,TYR218 A N,1894.0,21.7168151671,0.4378698225
1495,TYR218 A CA,2008.0,22.7205819688,0.449704142
1496,TYR218 A C,2099.0,24.1011751788,0.5562130178
1497,TYR218 A O,2123.0,24.9257011135,0.6449704142
1498,TYR218 A CB,2016.0,22.4975225525,0.4201183432
1499,TYR218 A CG,2037.0,23.729516746,0.550295858
1500,TYR218 A CD1,2042.0,24.1943090416,0.5976331361
1501,TYR218 A CD2,2049.0,24.5473644003,0.6390532544
1502,TYR218 A CE1,2053.0,25.4455332229,0.7514792899
1503,TYR218 A CE2,2055.0,25.7896554649,0.8402366864
1504,TYR218 A CZ,2057.0,26.2245583566,0.899408284
1505,TYR218 A OH,2061.0,27.4723234365,0.9822485207
1506,TYR218 A H,1856.0,21.1642638662,0.4142011834
1507,TYR218 A HA,2009.0,22.6297185356,0.4437869822
1508,TYR218 A HB2,2017.0,21.7370454984,0.3431952663
1509,TYR218 A HB3,2017.0,22.3216386943,0.3964497041
1510,TYR218 A HD1,2043.0,23.716614029,0.5384615385
1511,TYR218 A HD2,2050.0,24.3041216875,0.6094674556
1512,TYR218 A HE1,2054.0,25.7980364563,0.8402366864
1513,TYR218 A HE2,2056.0,26.3604811033,0.9171597633
1514,TYR218 A HH,2062.0,27.8462176067,0.9881656805
1515,GLU219 A N,2139.0,24.391583077,0.573964497
1516,GLU219 A CA,2244.0,25.7095040792,0.6804733728
1517,GLU219 A C,2323.0,26.2376169078,0.7100591716
1518,GLU219 A O,2337.0,27.3956632517,0.9053254438
1519,GLU219 A CB,2254.0,25.6674845086,0.6627218935
1520,GLU219 A CG,2258.0,25.6647914077,0.6568047337
1521,GLU219 A CD,2266.0,27.0871776861,0.899408284
1522,GLU219 A OE1,2267.0,28.0155320314,0.9644970414
1523,GLU219 A OE2,2267.0,27.3068768079,0.9289940828
1524,GLU219 A H,2086.0,23.831844788,0.5147928994
1525,GLU219 A HA,2245.0,26.3655481642,0.7869822485
1526,GLU219 A HB2,2255.0,24.9130818246,0.5680473373
1527,GLU219 A HB3,2255.0,26.4702858504,0.8047337278
1528,GLU219 A HG2,2259.0,25.2497214836,0.6035502959
1529,GLU219 A HG3,2259.0,25.163087251,0.5917159763
1530,ARG220 A N,2372.0,25.4359261872,0.5621301775
1531,ARG220 A CA,2472.0,25.9008188674,0.573964497
1532,ARG220 A C,2573.0,26.5253901574,0.5976331361
1533,ARG220 A O,2578.0,27.6494351841,0.8165680473
1534,ARG220 A CB,2457.0,24.7865020122,0.3668639053
1535,ARG220 A CG,2435.0,24.6943734685,0.3727810651
1536,ARG220 A CD,2414.0,23.451897194,0.1893491124
1537,ARG220 A NE,2383.0,23.7731530934,0.2721893491
1538,ARG220 A CZ,2348.0,22.9586533795,0.1952662722
1539,ARG220 A NH1,2324.0,21.654117045,0.1301775148
1540,ARG220 A NH2,2346.0,23.5210562263,0.2721893491
1541,ARG220 A H,2331.0,24.61479551,0.4615384615
1542,ARG220 A HA,2473.0,26.5958019432,0.674556213
1543,ARG220 A HB2,2458.0,23.9416142731,0.2366863905
1544,ARG220 A HB3,2458.0,24.9979226937,0.4201183432
1545,ARG220 A HG2,2436.0,25.493926512,0.5088757396
1546,ARG220 A HG3,2436.0,24.6986203056,0.3668639053
1547,ARG220 A HD2,2415.0,22.723047969,0.1183431953
1548,ARG220 A HD3,2415.0,23.1906841857,0.1597633136
1549,ARG220 A HE,2384.0,24.5975409543,0.4082840237
1550,ARG220 A HH11,2294.0,21.3410955904,0.1360946746
1551,ARG220 A HH12,2324.0,21.1493828515,0.1124260355
1552,ARG220 A HH21,2347.0,24.3747160394,0.4023668639
1553,ARG220 A HH22,2340.0,23.0636193387,0.2130177515
1554,GLU221 A N,2675.0,25.8324779686,0.3609467456
1555,GLU221 A CA,2800.0,26.4573732067,0.3786982249
1556,GLU221 A C,2922.0,27.585210929,0.5443786982
1557,GLU221 A O,2935.0,28.6469625964,0.7455621302
1558,GLU221 A CB,2790.0,25.4370567087,0.1715976331
1559,GLU221 A CG,2787.0,26.0814304439,0.3136094675
1560,GLU221 A CD,2784.0,25.199320467,0.124260355
1561,GLU221 A OE1,2778.0,24.2977573245,0.0473372781
1562,GLU221 A OE2,2785.0,25.5534957687,0.1952662722
1563,GLU221 A H,2657.0,25.0386828128,0.2307692308
1564,GLU221 A HA,2801.0,26.898762834,0.4911242604
1565,GLU221 A HB2,2791.0,24.9252609615,0.0887573964
1566,GLU221 A HB3,2791.0,24.8165758315,0.0828402367
1567,GLU221 A HG2,2788.0,26.3547939662,0.3668639053
1568,GLU221 A HG3,2788.0,26.9017564668,0.4970414201
1569,SER222 A N,3026.0,27.4517401998,0.426035503
1570,SER222 A CA,3209.0,28.4864130069,0.4970414201
1571,SER222 A C,3361.0,29.7718178652,0.6923076923
1572,SER222 A O,3369.0,30.8660137692,0.8698224852
1573,SER222 A CB,3220.0,27.9859146894,0.3313609467
1574,SER222 A OG,3224.0,28.6648827836,0.5266272189
1575,SER222 A H,2967.0,26.7414510825,0.2958579882
1576,SER222 A HA,3210.0,28.7230051353,0.5680473373
1577,SER222 A HB2,3221.0,27.0257559191,0.1124260355
1578,SER222 A HB3,3221.0,28.1724169002,0.4023668639
1579,SER222 A HG,3225.0,28.1838225229,0.3846153846
1580,GLN223 A N,3511.0,29.7137714873,0.5384615385
1581,GLN223 A CA,3718.0,30.9524759107,0.6923076923
1582,GLN223 A C,3870.0,31.78203019,0.7633136095
1583,GLN223 A O,3879.0,33.0115060244,0.9230769231
1584,GLN223 A CB,3746.0,30.7308515014,0.6272189349
1585,GLN223 A CG,3766.0,30.2095130878,0.3964497041
1586,GLN223 A CD,3778.0,31.1048795047,0.6686390533
1587,GLN223 A OE1,3779.0,32.3220160881,0.875739645
1588,GLN223 A NE2,3784.0,30.5700144095,0.4852071006
1589,GLN223 A H,3467.0,28.994936351,0.3431952663
1590,GLN223 A HA,3719.0,31.4965199824,0.8343195266
1591,GLN223 A HB2,3747.0,30.138853296,0.3964497041
1592,GLN223 A HB3,3747.0,31.5865858396,0.8284023669
1593,GLN223 A HG2,3767.0,30.1885509092,0.3550295858
1594,GLN223 A HG3,3767.0,29.3053050487,0.1597633136
1595,GLN223 A HE21,3785.0,29.7265205667,0.2426035503
1596,GLN223 A HE22,3785.0,31.0884635516,0.6568047337
1597,ALA224 A N,4016.0,31.1937481076,0.449704142
1598,ALA224 A CA,4200.0,32.0396625919,0.4733727811
1599,ALA224 A C,4354.0,32.7126323154,0.5147928994
1600,ALA224 A O,4355.0,33.4791734217,0.7573964497
1601,ALA224 A CB,4201.0,31.2559395156,0.2485207101
1602,ALA224 A H,3985.0,30.3462034858,0.2130177515
1603,ALA224 A HA,4201.0,32.769141185,0.7218934911
1604,ALA224 A HB1,4202.0,31.8669125113,0.4437869822
1605,ALA224 A HB2,4202.0,30.9276860757,0.1834319527
1606,ALA224 A HB3,4202.0,30.5223254848,0.0650887574
1607,TYR225 A N,4520.0,32.5115618973,0.2781065089
1608,TYR225 A CA,4699.0,33.1517117054,0.2603550296
1609,TYR225 A C,4815.0,34.5558733358,0.5207100592
1610,TYR225 A O,4816.0,35.359466526,0.7928994083
1611,TYR225 A CB,4734.0,32.3063323205,0.0473372781
1612,TYR225 A CG,4766.0,32.6452279361,0.1360946746
1613,TYR225 A CD1,4776.0,32.5685150721,0.0828402367
1614,TYR225 A CD2,4780.0,33.0770181848,0.1893491124
1615,TYR225 A CE1,4785.0,32.96110297,0.1479289941
1616,TYR225 A CE2,4787.0,33.434791251,0.2307692308
1617,TYR225 A CZ,4789.0,33.3995401914,0.2189349112
1618,TYR225 A OH,4792.0,33.8017374997,0.3076923077
1619,TYR225 A H,4505.0,32.0155312778,0.1715976331
1620,TYR225 A HA,4700.0,33.2805609027,0.2840236686
1621,TYR225 A HB2,4735.0,31.3645271126,0.0177514793
1622,TYR225 A HB3,4735.0,32.4787639851,0.100591716
1623,TYR225 A HD1,4777.0,32.3067301502,0.0355029586
1624,TYR225 A HD2,4781.0,33.1744954144,0.2071005917
1625,TYR225 A HE1,4786.0,32.9825607405,0.1538461538
1626,TYR225 A HE2,4788.0,33.7435713729,0.3017751479
1627,TYR225 A HH,4793.0,34.0690115207,0.426035503
1628,TYR226 A N,4937.0,34.9118955372,0.4615384615
1629,TYR226 A CA,5072.0,36.2330818314,0.6982248521
1630,TYR226 A C,5163.0,36.8913777596,0.7337278107
1631,TYR226 A O,5164.0,37.8765269527,0.8934911243
1632,TYR226 A CB,5092.0,36.091001801,0.6449704142
1633,TYR226 A CG,5107.0,36.0270396924,0.6213017751
1634,TYR226 A CD1,5115.0,37.2154647694,0.8579881657
1635,TYR226 A CD2,5110.0,34.7875386597,0.2662721893
1636,TYR226 A CE1,5119.0,37.2169206813,0.8520710059
1637,TYR226 A CE2,5114.0,34.7801213483,0.2485207101
1638,TYR226 A CZ,5119.0,36.0144451575,0.550295858
1639,TYR226 A OH,5122.0,36.0655764546,0.6094674556
1640,TYR226 A H,4922.0,34.3684251749,0.325443787
1641,TYR226 A HA,5073.0,36.8349506176,0.8402366864
1642,TYR226 A HB2,5093.0,35.3066281171,0.4142011834
1643,TYR226 A HB3,5093.0,36.862141731,0.8047337278
1644,TYR226 A HD1,5116.0,38.0340906688,0.9408284024
1645,TYR226 A HD2,5111.0,33.9966867062,0.124260355
1646,TYR226 A HE1,5120.0,38.0324608065,0.9230769231
1647,TYR226 A HE2,5115.0,33.9832141064,0.1124260355
1648,TYR226 A HH,5123.0,35.2922100895,0.3609467456
1649,GLN227 A N,5258.0,36.4341951606,0.4792899408
1650,GLN227 A CA,5347.0,37.1471922627,0.5384615385
1651,GLN227 A C,5397.0,37.2105486522,0.5147928994
1652,GLN227 A O,5398.0,37.48556913,0.5621301775
1653,GLN227 A CB,5370.0,36.5606395732,0.4082840237
1654,GLN227 A CG,5387.0,37.4894530635,0.5917159763
1655,GLN227 A CD,5399.0,38.9097318032,0.7810650888
1656,GLN227 A OE1,5400.0,39.861831832,0.9704142012
1657,GLN227 A NE2,5405.0,39.1142104867,0.899408284
1658,GLN227 A H,5259.0,35.7043033961,0.3136094675
1659,GLN227 A HA,5348.0,38.0794904115,0.7514792899
1660,GLN227 A HB2,5371.0,35.683084592,0.201183432
1661,GLN227 A HB3,5371.0,36.4610809768,0.3727810651
1662,GLN227 A HG2,5388.0,37.5367503255,0.6035502959
1663,GLN227 A HG3,5388.0,37.1454912203,0.4970414201
1664,GLN227 A HE21,5406.0,38.4706839295,0.7159763314
1665,GLN227 A HE22,5406.0,39.9107111688,1.0
1666,ARG228 A N,5445.0,36.9533986258,0.4378698225
1667,ARG228 A CA,5489.0,37.2203188326,0.4556213018
1668,ARG228 A C,5494.0,38.6723052326,0.650887574
1669,ARG228 A O,5495.0,39.0436874667,0.6804733728
1670,ARG228 A CB,5516.0,36.2552122735,0.1597633136
1671,ARG228 A CG,5539.0,36.0602713939,0.1301775148
1672,ARG228 A CD,5565.0,35.957585528,0.1065088757
1673,ARG228 A NE,5587.0,35.0859583594,0.0414201183
1674,ARG228 A CZ,5604.0,35.5000751689,0.0532544379
1675,ARG228 A NH1,5608.0,36.7992642454,0.1656804734
1676,ARG228 A NH2,5608.0,34.6271508935,0.0177514793
1677,ARG228 A H,5446.0,36.6338178464,0.349112426
1678,ARG228 A HA,5490.0,37.118226601,0.3905325444
1679,ARG228 A HB2,5517.0,36.6243031606,0.2721893491
1680,ARG228 A HB3,5517.0,35.4004393476,0.0769230769
1681,ARG228 A HG2,5540.0,35.2806011003,0.0650887574
1682,ARG228 A HG3,5540.0,36.8299023349,0.2958579882
1683,ARG228 A HD2,5566.0,35.6682025059,0.0887573964
1684,ARG228 A HD3,5566.0,36.8524481412,0.2307692308
1685,ARG228 A HE,5588.0,34.2742734132,0.0118343195
1686,ARG228 A HH11,5609.0,37.38471122,0.3550295858
1687,ARG228 A HH12,5609.0,37.06528659,0.1893491124
1688,ARG228 A HH21,5609.0,33.7818199184,0.0059171598
1689,ARG228 A HH22,5609.0,34.8896373297,0.0295857988
