jobID,pdbID,erisID,trialCode,mutID,ddG
51640,1QM2,G3V,1,G127V,-0.61
51678,1QM2,M5V,1,M129V,5.75
51741,1QM2,G7V,1,G131V,-2.18
51750,1QM2,S8I,1,S132I,-1.05
51779,1QM2,A9V,1,A133V,0.06
52092,1QM2,I14M,1,I138M,-1.65
52168,1QM2,G18S,1,G142S,1.54
52270,1QM2,R24H,1,R148H,2.28
52608,1QM2,D43N,1,D167N,-0.99
52691,1QM2,N47S,1,N171S,7.19
52723,1QM2,N49K,1,N173K,1.61
52775,1QM2,V52G,1,V176G,2.11
52807,1QM2,D54N,1,D178N,0.95
52831,1QM2,V56I,1,V180I,-0.14
52877,1QM2,T59A,1,T183A,-3.22
52950,1QM2,H63R,1,H187R,9.50
52977,1QM2,T64K,1,T188K,0.61
52968,1QM2,T64R,1,T188R,0.05
52967,1QM2,T64A,1,T188A,1.42
52993,1QM2,V65I,1,V189I,2.59
53066,1QM2,T69I,1,T193I,-5.79
53080,1QM2,K70E,1,K194E,0.55
53121,1QM2,E72K,1,E196K,-0.79
53112,1QM2,E72A,1,E196A,-0.97
53166,1QM2,F74V,1,F198V,-1.15
53162,1QM2,F74S,1,F198S,4.73
53194,1QM2,E76K,1,E200K,2.49
53190,1QM2,E76G,1,E200G,0.95
53223,1QM2,D78N,1,D202N,1.98
53226,1QM2,D78G,1,D202G,4.89
53247,1QM2,V79I,1,V203I,7.21
53245,1QM2,V79G,1,V203G,4.31
53335,1QM2,R84H,1,R208H,1.97
53373,1QM2,V86I,1,V210I,-0.14
53387,1QM2,E87Q,1,E211Q,-0.32
53386,1QM2,E87D,1,E211D,-1.83
53407,1QM2,Q88H,1,Q212H,3.18
53413,1QM2,Q88P,1,Q212P,11.00
53454,1QM2,I91V,1,I215V,3.06
53474,1QM2,Q93R,1,Q217R,-2.21
53493,1QM2,Y94N,1,Y218N,3.63
53518,1QM2,E95K,1,E219K,-0.55
53616,1QM2,A100V,1,A224V,-1.56
53709,1QM2,G3V,2,G127V,-3.13
53710,1QM2,M5V,2,M129V,3.46
53711,1QM2,G7V,2,G131V,-2.50
53712,1QM2,S8I,2,S132I,-1.68
53713,1QM2,A9V,2,A133V,1.58
53714,1QM2,I14M,2,I138M,-0.98
53715,1QM2,G18S,2,G142S,0.50
53716,1QM2,R24H,2,R148H,3.82
53717,1QM2,D43N,2,D167N,-0.99
53718,1QM2,N47S,2,N171S,4.56
53719,1QM2,N49K,2,N173K,2.11
53720,1QM2,V52G,2,V176G,5.86
53721,1QM2,D54N,2,D178N,1.28
53722,1QM2,V56I,2,V180I,-0.14
53723,1QM2,T59A,2,T183A,-1.22
53724,1QM2,H63R,2,H187R,7.33
53725,1QM2,T64K,2,T188K,1.92
53726,1QM2,T64R,2,T188R,0.75
53727,1QM2,T64A,2,T188A,0.50
53728,1QM2,V65I,2,V189I,3.03
53729,1QM2,T69I,2,T193I,-1.71
53730,1QM2,K70E,2,K194E,1.05
53731,1QM2,E72K,2,E196K,-0.19
53732,1QM2,E72A,2,E196A,-1.04
53733,1QM2,F74V,2,F198V,-1.15
53734,1QM2,F74S,2,F198S,4.55
53735,1QM2,E76K,2,E200K,1.97
53736,1QM2,E76G,2,E200G,6.31
53737,1QM2,D78N,2,D202N,-0.12
53738,1QM2,D78G,2,D202G,4.73
53739,1QM2,V79I,2,V203I,3.52
53740,1QM2,V79G,2,V203G,3.88
53741,1QM2,R84H,2,R208H,3.93
53742,1QM2,V86I,2,V210I,-0.14
53743,1QM2,E87Q,2,E211Q,2.23
53744,1QM2,E87D,2,E211D,-1.26
53745,1QM2,Q88H,2,Q212H,-1.86
53746,1QM2,Q88P,2,Q212P,11.00
53747,1QM2,I91V,2,I215V,5.21
53748,1QM2,Q93R,2,Q217R,-2.16
53749,1QM2,Y94N,2,Y218N,2.06
53750,1QM2,E95K,2,E219K,1.36
53751,1QM2,A100V,2,A224V,-1.56
53752,1QM2,G3V,3,G127V,-7.35
53753,1QM2,M5V,3,M129V,3.13
53754,1QM2,G7V,3,G131V,-2.28
53755,1QM2,S8I,3,S132I,-0.94
53756,1QM2,A9V,3,A133V,-0.08
53757,1QM2,I14M,3,I138M,-3.09
53758,1QM2,G18S,3,G142S,2.37
53759,1QM2,R24H,3,R148H,-1.26
53760,1QM2,D43N,3,D167N,-0.84
53761,1QM2,N47S,3,N171S,2.08
53762,1QM2,N49K,3,N173K,3.42
53763,1QM2,V52G,3,V176G,3.35
53764,1QM2,D54N,3,D178N,0.36
53765,1QM2,V56I,3,V180I,-0.05
53766,1QM2,T59A,3,T183A,-0.34
53767,1QM2,H63R,3,H187R,0.99
53768,1QM2,T64K,3,T188K,-2.37
53769,1QM2,T64R,3,T188R,1.38
53770,1QM2,T64A,3,T188A,-1.91
53771,1QM2,V65I,3,V189I,3.66
53772,1QM2,T69I,3,T193I,-1.78
53773,1QM2,K70E,3,K194E,-0.37
53774,1QM2,E72K,3,E196K,-0.19
53775,1QM2,E72A,3,E196A,-1.51
53776,1QM2,F74V,3,F198V,-0.43
53777,1QM2,F74S,3,F198S,3.37
53778,1QM2,E76K,3,E200K,2.64
53779,1QM2,E76G,3,E200G,11.00
53780,1QM2,D78N,3,D202N,0.04
53781,1QM2,D78G,3,D202G,3.88
53782,1QM2,V79I,3,V203I,-4.25
53783,1QM2,V79G,3,V203G,1.87
53784,1QM2,R84H,3,R208H,0.51
53785,1QM2,V86I,3,V210I,-0.05
53786,1QM2,E87Q,3,E211Q,1.74
53795,1QM2,E87D,3,E211D,0.79
53796,1QM2,Q88H,3,Q212H,-3.03
53797,1QM2,Q88P,3,Q212P,11.00
53798,1QM2,I91V,3,I215V,3.78
53799,1QM2,Q93R,3,Q217R,-1.89
53792,1QM2,Y94N,3,Y218N,1.33
53793,1QM2,E95K,3,E219K,0.25
53794,1QM2,A100V,3,A224V,-1.17
53803,1QM2,G3V,4,G127V,-2.62
53804,1QM2,M5V,4,M129V,3.78
53805,1QM2,G7V,4,G131V,0.63
53806,1QM2,S8I,4,S132I,0.83
53807,1QM2,A9V,4,A133V,1.97
53808,1QM2,I14M,4,I138M,-1.87
53809,1QM2,G18S,4,G142S,0.19
53810,1QM2,R24H,4,R148H,3.12
53811,1QM2,D43N,4,D167N,-0.84
53812,1QM2,N47S,4,N171S,6.03
53813,1QM2,N49K,4,N173K,2.92
53814,1QM2,V52G,4,V176G,6.61
53815,1QM2,D54N,4,D178N,-0.12
53816,1QM2,V56I,4,V180I,-0.05
53817,1QM2,T59A,4,T183A,0.26
53818,1QM2,H63R,4,H187R,6.31
53819,1QM2,T64K,4,T188K,2.07
53820,1QM2,T64R,4,T188R,1.51
53821,1QM2,T64A,4,T188A,0.72
53822,1QM2,V65I,4,V189I,2.89
53823,1QM2,T69I,4,T193I,-0.80
53824,1QM2,K70E,4,K194E,0.04
53825,1QM2,E72K,4,E196K,0.63
53826,1QM2,E72A,4,E196A,-0.53
53827,1QM2,F74V,4,F198V,-0.43
53828,1QM2,F74S,4,F198S,5.10
53829,1QM2,E76K,4,E200K,1.92
53830,1QM2,E76G,4,E200G,5.52
53831,1QM2,D78N,4,D202N,0.49
53832,1QM2,D78G,4,D202G,3.65
53833,1QM2,V79I,4,V203I,1.58
53834,1QM2,V79G,4,V203G,3.73
53835,1QM2,R84H,4,R208H,-3.46
53836,1QM2,V86I,4,V210I,-0.05
53837,1QM2,E87Q,4,E211Q,1.23
53838,1QM2,E87D,4,E211D,-0.11
53839,1QM2,Q88H,4,Q212H,-1.23
53840,1QM2,Q88P,4,Q212P,11.00
53841,1QM2,I91V,4,I215V,4.90
53842,1QM2,Q93R,4,Q217R,-1.06
53843,1QM2,Y94N,4,Y218N,2.31
53844,1QM2,E95K,4,E219K,1.45
53845,1QM2,A100V,4,A224V,-1.17
53853,1I4M,G9V,1,G127V,-2.24
53854,1I4M,M11V,1,M129V,1.02
53855,1I4M,G13V,1,G131V,-1.79
53856,1I4M,S14I,1,S132I,-3
53857,1I4M,A15V,1,A133V,-1.26
53858,1I4M,I20M,1,I138M,-0.51
53859,1I4M,G24S,1,G142S,2.6
53860,1I4M,R30H,1,R148H,0.42
53861,1I4M,D49N,1,D167N,-0.99
53862,1I4M,N53S,1,N171S,4.63
53863,1I4M,N55K,1,N173K,2.48
53864,1I4M,V58G,1,V176G,8.42
53865,1I4M,D60N,1,D178N,-0.87
53866,1I4M,V62I,1,V180I,1.62
53867,1I4M,T65A,1,T183A,1.12
53868,1I4M,H69R,1,H187R,1.33
53869,1I4M,T70K,1,T188K,2.34
53870,1I4M,T70R,1,T188R,0.39
53871,1I4M,T70A,1,T188A,-0.18
53872,1I4M,V71I,1,V189I,3.03
53873,1I4M,T75I,1,T193I,-2.74
53874,1I4M,K76E,1,K194E,1.87
53875,1I4M,E78K,1,E196K,1.04
53876,1I4M,E78A,1,E196A,-1.13
53877,1I4M,F80V,1,F198V,-0.82
53878,1I4M,F80S,1,F198S,2.32
53879,1I4M,E82K,1,E200K,0.55
53880,1I4M,E82G,1,E200G,0.88
53881,1I4M,D84N,1,D202N,-0.38
53882,1I4M,D84G,1,D202G,1.35
53883,1I4M,V85I,1,V203I,2.99
53884,1I4M,V85G,1,V203G,5.29
53885,1I4M,R90H,1,R208H,2.22
53886,1I4M,V92I,1,V210I,-1.42
53887,1I4M,E93Q,1,E211Q,0.71
53888,1I4M,E93D,1,E211D,0.89
53889,1I4M,Q94H,1,Q212H,0.46
53890,1I4M,Q94P,1,Q212P,1.06
53891,1I4M,I97V,1,I215V,0.25
53892,1I4M,Q99R,1,Q217R,-3.4
53893,1I4M,Y100N,1,Y218N,-5.82
53894,1I4M,E101K,1,E219K,1.04
53895,1I4M,A106V,1,A224V,-1.56
53896,1I4M,G9V,2,G127V,-1.53
53897,1I4M,M11V,2,M129V,2.17
53898,1I4M,G13V,2,G131V,-0.07
53899,1I4M,S14I,2,S132I,-3
53900,1I4M,A15V,2,A133V,-0.77
53901,1I4M,I20M,2,I138M,-0.33
53902,1I4M,G24S,2,G142S,4.95
53903,1I4M,R30H,2,R148H,0.42
53904,1I4M,D49N,2,D167N,-0.99
53905,1I4M,N53S,2,N171S,6
53906,1I4M,N55K,2,N173K,2.14
53907,1I4M,V58G,2,V176G,9.55
53908,1I4M,D60N,2,D178N,4.8
53909,1I4M,V62I,2,V180I,1.04
53910,1I4M,T65A,2,T183A,1.23
53911,1I4M,H69R,2,H187R,-0.92
53912,1I4M,T70K,2,T188K,2.79
53913,1I4M,T70R,2,T188R,0.81
53914,1I4M,T70A,2,T188A,2.06
53915,1I4M,V71I,2,V189I,3.38
53916,1I4M,T75I,2,T193I,-3.82
53917,1I4M,K76E,2,K194E,2.18
53918,1I4M,E78K,2,E196K,1.04
53919,1I4M,E78A,2,E196A,-2.6
53920,1I4M,F80V,2,F198V,0.09
53921,1I4M,F80S,2,F198S,3.6
53922,1I4M,E82K,2,E200K,0.54
53923,1I4M,E82G,2,E200G,3.1
53924,1I4M,D84N,2,D202N,-0.8
53925,1I4M,D84G,2,D202G,1.7
53926,1I4M,V85I,2,V203I,1.61
53927,1I4M,V85G,2,V203G,6.87
53928,1I4M,R90H,2,R208H,2.96
53929,1I4M,V92I,2,V210I,-0.83
53930,1I4M,E93Q,2,E211Q,0.94
53931,1I4M,E93D,2,E211D,1.19
53932,1I4M,Q94H,2,Q212H,2.08
53933,1I4M,Q94P,2,Q212P,2.55
53934,1I4M,I97V,2,I215V,2.21
53935,1I4M,Q99R,2,Q217R,-2.93
53936,1I4M,Y100N,2,Y218N,-5.38
53937,1I4M,E101K,2,E219K,1.04
53938,1I4M,A106V,2,A224V,-1.56
53939,1I4M,G9V,3,G127V,-0.25
53940,1I4M,M11V,3,M129V,2.32
53941,1I4M,G13V,3,G131V,0.22
53942,1I4M,S14I,3,S132I,-2.15
53943,1I4M,A15V,3,A133V,2.37
53944,1I4M,I20M,3,I138M,2.22
53945,1I4M,G24S,3,G142S,5.44
53946,1I4M,R30H,3,R148H,0.64
53947,1I4M,D49N,3,D167N,-0.84
53948,1I4M,N53S,3,N171S,5.41
53949,1I4M,N55K,3,N173K,4.94
53950,1I4M,V58G,3,V176G,11
53951,1I4M,D60N,3,D178N,-1.7
53952,1I4M,V62I,3,V180I,3.12
53953,1I4M,T65A,3,T183A,1.29
53954,1I4M,H69R,3,H187R,4
53955,1I4M,T70K,3,T188K,2.3
53956,1I4M,T70R,3,T188R,2.16
53957,1I4M,T70A,3,T188A,1.41
53958,1I4M,V71I,3,V189I,5.44
53959,1I4M,T75I,3,T193I,1.92
53960,1I4M,K76E,3,K194E,3.08
53961,1I4M,E78K,3,E196K,1.24
53962,1I4M,E78A,3,E196A,0.31
53963,1I4M,F80V,3,F198V,-3.37
53964,1I4M,F80S,3,F198S,1.81
53965,1I4M,E82K,3,E200K,2.97
53966,1I4M,E82G,3,E200G,1.63
53967,1I4M,D84N,3,D202N,-0.59
53968,1I4M,D84G,3,D202G,2.61
53969,1I4M,V85I,3,V203I,5.19
53970,1I4M,V85G,3,V203G,5.88
53971,1I4M,R90H,3,R208H,3.58
53972,1I4M,V92I,3,V210I,0.42
53973,1I4M,E93Q,3,E211Q,2.65
53974,1I4M,E93D,3,E211D,2.49
53975,1I4M,Q94H,3,Q212H,2.4
53976,1I4M,Q94P,3,Q212P,1.61
53977,1I4M,I97V,3,I215V,-1.99
53978,1I4M,Q99R,3,Q217R,0.45
53979,1I4M,Y100N,3,Y218N,-5.2
53980,1I4M,E101K,3,E219K,1.24
53981,1I4M,A106V,3,A224V,-1.17
53982,1I4M,G9V,4,G127V,-2.42
53983,1I4M,M11V,4,M129V,-1.31
53984,1I4M,G13V,4,G131V,-0.64
53985,1I4M,S14I,4,S132I,-2.15
53986,1I4M,A15V,4,A133V,-2.37
53987,1I4M,I20M,4,I138M,-0.84
53988,1I4M,G24S,4,G142S,3.9
53989,1I4M,R30H,4,R148H,0.64
53990,1I4M,D49N,4,D167N,-0.84
53991,1I4M,N53S,4,N171S,3.02
53992,1I4M,N55K,4,N173K,0.42
53993,1I4M,V58G,4,V176G,8.4
53994,1I4M,D60N,4,D178N,-1.7
53995,1I4M,V62I,4,V180I,0.79
53996,1I4M,T65A,4,T183A,-0.11
53997,1I4M,H69R,4,H187R,0.18
53998,1I4M,T70K,4,T188K,0.59
53999,1I4M,T70R,4,T188R,0.78
54000,1I4M,T70A,4,T188A,-0.11
54001,1I4M,V71I,4,V189I,1.1
54002,1I4M,T75I,4,T193I,-2.33
54003,1I4M,K76E,4,K194E,1.37
54004,1I4M,E78K,4,E196K,1.24
54005,1I4M,E78A,4,E196A,-1.47
54006,1I4M,F80V,4,F198V,-2.16
54007,1I4M,F80S,4,F198S,1.11
54008,1I4M,E82K,4,E200K,1.19
54009,1I4M,E82G,4,E200G,-0.46
54010,1I4M,D84N,4,D202N,-1.13
54011,1I4M,D84G,4,D202G,0.23
54012,1I4M,V85I,4,V203I,2.66
54013,1I4M,V85G,4,V203G,3.11
54014,1I4M,R90H,4,R208H,1.76
54015,1I4M,V92I,4,V210I,-1.15
54016,1I4M,E93Q,4,E211Q,-0.49
54017,1I4M,E93D,4,E211D,0.71
54018,1I4M,Q94H,4,Q212H,0.79
54019,1I4M,Q94P,4,Q212P,-0.36
54020,1I4M,I97V,4,I215V,-1.85
54021,1I4M,Q99R,4,Q217R,-2.86
54022,1I4M,Y100N,4,Y218N,-5.44
54023,1I4M,E101K,4,E219K,1.24
54024,1I4M,A106V,4,A224V,-1.17
