{"struct_fname": "cache/sessions/6EC1UY51/1qm2.masked.pdb", "site_info_homo_fname": "cache/sessions/6EC1UY51/SiteInfoHomo.json", "chains": ["A"], "job_id": "6EC1UY51", "cat_info_request_fname": "cache/sessions/6EC1UY51/CatInfoRequest.json", "request_fname": "cache/sessions/6EC1UY51/Request-0.json", "upload_fname": "cache/sessions/6EC1UY51/1qm2.pdb", "mod_info_user_fname": "cache/sessions/6EC1UY51/ModInfoUser.json", "error": {}, "pdb_query": "", "asm_selection": "", "runmode": "allosigma", "homo_vast": "", "mode": "Upload", "sameSite": "", "chainIDmap_fname": "cache/sessions/6EC1UY51/chainIDmap.json", "has_email": false, "cat_info_user_fname": "cache/sessions/6EC1UY51/CatInfoUser.json", "asm_info_fname": "", "output_fnames": {"status": "Complete", "pdb_outfile_name": "cache/sessions/6EC1UY51/1qm2_6EC1UY51.pdb", "deltaG_file_name": "cache/sessions/6EC1UY51/1qm2_6EC1UY51.json", "deltaG_file_name_txt": "cache/sessions/6EC1UY51/1qm2_6EC1UY51.txt", "plot_file_name": "cache/sessions/6EC1UY51/1qm2_6EC1UY51.pdf"}, "stage": 4}