{"MUT": true, "SCAN": false, "SITE": true, "chainIDmap_fname": "cache/sessions/6EC1UY51/chainIDmap.json", "DB_mut": {"0": [], "1": ["A.203"]}, "DB_mutScan": {"0": [], "1": []}, "ligand_sel": ["6EC1UY51"], "job_id": "6EC1UY51", "struct_file": "cache/sessions/6EC1UY51/1qm2.masked.pdb", "chains_sel": ["A"], "site_sel": ["s1", "s0"], "DB_sit": {"6EC1UY51": {"s1": [0, [155, 156, 159, 160]], "s0": [0, [187, 191, 194]]}}, "modData_str": "{\"ids\":[\"-u0\",\"-s0\",\"-s1\"],\"prettyNames\":[\"V203I\",\"Pose1-SiteA\",\"Pose1-SiteB\"],\"siteStrings\":[\"@A_203_\",\"@A_194_@A_191_@A_187_\",\"@A_160_@A_159_@A_156_@A_155_\"]}", "resl_path": "cache/sessions/6EC1UY51/"}