{"struct_fname": "cache/sessions/CGVOWEP7/1qm2.masked.pdb", "site_info_homo_fname": "cache/sessions/CGVOWEP7/SiteInfoHomo.json", "chains": ["A"], "job_id": "CGVOWEP7", "cat_info_request_fname": "cache/sessions/CGVOWEP7/CatInfoRequest.json", "request_fname": "cache/sessions/CGVOWEP7/Request-0.json", "upload_fname": "cache/sessions/CGVOWEP7/1qm2.pdb", "mod_info_user_fname": "cache/sessions/CGVOWEP7/ModInfoUser.json", "error": {}, "pdb_query": "", "asm_selection": "", "runmode": "allosigma", "homo_vast": "", "mode": "Upload", "sameSite": "", "chainIDmap_fname": "cache/sessions/CGVOWEP7/chainIDmap.json", "has_email": false, "cat_info_user_fname": "cache/sessions/CGVOWEP7/CatInfoUser.json", "asm_info_fname": "", "output_fnames": {"status": "Complete", "pdb_outfile_name": "cache/sessions/CGVOWEP7/1qm2_CGVOWEP7.pdb", "deltaG_file_name": "cache/sessions/CGVOWEP7/1qm2_CGVOWEP7.json", "deltaG_file_name_txt": "cache/sessions/CGVOWEP7/1qm2_CGVOWEP7.txt", "plot_file_name": "cache/sessions/CGVOWEP7/1qm2_CGVOWEP7.pdf"}, "stage": 4}