{"MUT": true, "SCAN": false, "SITE": true, "chainIDmap_fname": "cache/sessions/CGVOWEP7/chainIDmap.json", "DB_mut": {"0": [], "1": ["A.203"]}, "DB_mutScan": {"0": [], "1": []}, "ligand_sel": ["CGVOWEP7"], "job_id": "CGVOWEP7", "struct_file": "cache/sessions/CGVOWEP7/1qm2.masked.pdb", "chains_sel": ["A"], "site_sel": ["s1", "s0"], "DB_sit": {"CGVOWEP7": {"s1": [0, [127, 128]], "s0": [0, [181, 185]]}}, "modData_str": "{\"ids\":[\"-u0\",\"-s0\",\"-s1\"],\"prettyNames\":[\"V203I\",\"Pose2-SiteA\",\"Pose2-SiteB\"],\"siteStrings\":[\"@A_203_\",\"@A_185_@A_181_\",\"@A_128_@A_127_\"]}", "resl_path": "cache/sessions/CGVOWEP7/"}