{"struct_fname": "cache/sessions/AZ6GI4OY/1qm2.masked.pdb", "site_info_homo_fname": "cache/sessions/AZ6GI4OY/SiteInfoHomo.json", "chains": ["A"], "job_id": "AZ6GI4OY", "cat_info_request_fname": "cache/sessions/AZ6GI4OY/CatInfoRequest.json", "request_fname": "cache/sessions/AZ6GI4OY/Request-0.json", "upload_fname": "cache/sessions/AZ6GI4OY/1qm2.pdb", "mod_info_user_fname": "cache/sessions/AZ6GI4OY/ModInfoUser.json", "error": {}, "pdb_query": "", "asm_selection": "", "runmode": "allosigma", "homo_vast": "", "mode": "Upload", "sameSite": "", "chainIDmap_fname": "cache/sessions/AZ6GI4OY/chainIDmap.json", "has_email": true, "cat_info_user_fname": "cache/sessions/AZ6GI4OY/CatInfoUser.json", "asm_info_fname": "", "output_fnames": {"status": "Complete", "pdb_outfile_name": "cache/sessions/AZ6GI4OY/1qm2_AZ6GI4OY.pdb", "deltaG_file_name": "cache/sessions/AZ6GI4OY/1qm2_AZ6GI4OY.json", "deltaG_file_name_txt": "cache/sessions/AZ6GI4OY/1qm2_AZ6GI4OY.txt", "plot_file_name": "cache/sessions/AZ6GI4OY/1qm2_AZ6GI4OY.pdf"}, "stage": 4}