{"struct_fname": "cache/sessions/3DKRUQCJ/PDB_1QM20.masked.pdb", "site_info_homo_fname": "", "chains": ["A"], "job_id": "3DKRUQCJ", "request_fname": "cache/sessions/3DKRUQCJ/Request-0.json", "upload_fname": "", "mod_info_user_fname": "", "error": {}, "pdb_query": "1QM2", "asm_selection": "0_0_0", "runmode": "ASM", "homo_vast": "1QM2", "mode": "Query", "sameSite": "", "chainIDmap_fname": "cache/sessions/3DKRUQCJ/chainIDmap.json", "has_email": true, "asm_info_fname": "cache/sessions/3DKRUQCJ/AsmInfo.json", "stage": 3}