{"MUT": true, "SCAN": false, "SITE": true, "chainIDmap_fname": "cache/sessions/Y2ECE5SW/chainIDmap.json", "DB_mut": {"0": [], "1": ["A.189"]}, "DB_mutScan": {"0": [], "1": []}, "ligand_sel": ["Y2ECE5SW"], "job_id": "Y2ECE5SW", "struct_file": "cache/sessions/Y2ECE5SW/1qm2.masked.pdb", "chains_sel": ["A"], "site_sel": ["s1", "s0"], "DB_sit": {"Y2ECE5SW": {"s1": [0, [127, 128]], "s0": [0, [181, 185]]}}, "modData_str": "{\"ids\":[\"-u0\",\"-s0\",\"-s1\"],\"prettyNames\":[\"V189I\",\"Pose2-SiteA\",\"Pose2-SiteB\"],\"siteStrings\":[\"@A_189_\",\"@A_185_@A_181_\",\"@A_127_@A_128_\"]}", "resl_path": "cache/sessions/Y2ECE5SW/"}