{"struct_fname": "cache/sessions/Y2ECE5SW/1qm2.masked.pdb", "site_info_homo_fname": "cache/sessions/Y2ECE5SW/SiteInfoHomo.json", "chains": ["A"], "job_id": "Y2ECE5SW", "cat_info_request_fname": "cache/sessions/Y2ECE5SW/CatInfoRequest.json", "request_fname": "cache/sessions/Y2ECE5SW/Request-0.json", "upload_fname": "cache/sessions/Y2ECE5SW/1qm2.pdb", "mod_info_user_fname": "cache/sessions/Y2ECE5SW/ModInfoUser.json", "error": {}, "pdb_query": "", "asm_selection": "", "runmode": "allosigma", "homo_vast": "", "mode": "Upload", "sameSite": "", "chainIDmap_fname": "cache/sessions/Y2ECE5SW/chainIDmap.json", "has_email": true, "cat_info_user_fname": "cache/sessions/Y2ECE5SW/CatInfoUser.json", "asm_info_fname": "", "output_fnames": {"status": "Complete", "pdb_outfile_name": "cache/sessions/Y2ECE5SW/1qm2_Y2ECE5SW.pdb", "deltaG_file_name": "cache/sessions/Y2ECE5SW/1qm2_Y2ECE5SW.json", "deltaG_file_name_txt": "cache/sessions/Y2ECE5SW/1qm2_Y2ECE5SW.txt", "plot_file_name": "cache/sessions/Y2ECE5SW/1qm2_Y2ECE5SW.pdf"}, "stage": 4}