{"struct_fname": "cache/sessions/IX35J4NP/PDB_1QM20.masked.pdb", "site_info_homo_fname": "", "chains": ["A"], "job_id": "IX35J4NP", "cat_info_request_fname": "cache/sessions/IX35J4NP/CatInfoRequest.json", "request_fname": "cache/sessions/IX35J4NP/Request-0.json", "upload_fname": "", "mod_info_user_fname": "", "error": {}, "pdb_query": "1QM2", "asm_selection": "0_0_0", "runmode": "APM", "homo_vast": "1QM2", "mode": "Query", "sameSite": "", "chainIDmap_fname": "cache/sessions/IX35J4NP/chainIDmap.json", "has_email": true, "cat_info_user_fname": "cache/sessions/IX35J4NP/CatInfoUser.json", "asm_info_fname": "cache/sessions/IX35J4NP/AsmInfo.json", "output_fnames": {"status": "Complete", "plot_apm_down_name": null, "plot_apm_up_name": "cache/sessions/IX35J4NP/PDB_1QM20_APM_UP.pdf", "resplist_name": "cache/sessions/IX35J4NP/PDB_1QM20_responselist.json", "apm_down_name": null, "apm_up_name": "cache/sessions/IX35J4NP/PDB_1QM20_APM_UP.json", "sitelist_name": "cache/sessions/IX35J4NP/PDB_1QM20_probelist.json"}, "stage": 4}