{"struct_fname": "cache/sessions/KQD3KC7G/PDB_1QM20.masked.pdb", "site_info_homo_fname": "cache/sessions/KQD3KC7G/SiteInfoHomo.json", "chains": ["A"], "job_id": "KQD3KC7G", "cat_info_request_fname": "cache/sessions/KQD3KC7G/CatInfoRequest.json", "request_fname": "cache/sessions/KQD3KC7G/Request-0.json", "upload_fname": "", "mod_info_user_fname": "cache/sessions/KQD3KC7G/ModInfoUser.json", "error": {}, "pdb_query": "1QM2", "asm_selection": "0_0_0", "runmode": "allosigma", "homo_vast": "1QM2", "mode": "Query", "sameSite": "", "chainIDmap_fname": "cache/sessions/KQD3KC7G/chainIDmap.json", "has_email": true, "cat_info_user_fname": "cache/sessions/KQD3KC7G/CatInfoUser.json", "asm_info_fname": "cache/sessions/KQD3KC7G/AsmInfo.json", "output_fnames": {"status": "Complete", "pdb_outfile_name": "cache/sessions/KQD3KC7G/PDB_1QM20_KQD3KC7G.pdb", "deltaG_file_name": "cache/sessions/KQD3KC7G/PDB_1QM20_KQD3KC7G.json", "deltaG_file_name_txt": "cache/sessions/KQD3KC7G/PDB_1QM20_KQD3KC7G.txt", "plot_file_name": "cache/sessions/KQD3KC7G/PDB_1QM20_KQD3KC7G.pdf"}, "stage": 4}