{"struct_fname": "cache/sessions/ESEIIPGC/1qm2.masked.pdb", "site_info_homo_fname": "cache/sessions/ESEIIPGC/SiteInfoHomo.json", "chains": ["A"], "job_id": "ESEIIPGC", "cat_info_request_fname": "cache/sessions/ESEIIPGC/CatInfoRequest.json", "request_fname": "cache/sessions/ESEIIPGC/Request-0.json", "upload_fname": "cache/sessions/ESEIIPGC/1qm2.pdb", "mod_info_user_fname": "cache/sessions/ESEIIPGC/ModInfoUser.json", "error": {}, "pdb_query": "", "asm_selection": "", "runmode": "allosigma", "homo_vast": "", "mode": "Upload", "sameSite": "", "chainIDmap_fname": "cache/sessions/ESEIIPGC/chainIDmap.json", "has_email": false, "cat_info_user_fname": "cache/sessions/ESEIIPGC/CatInfoUser.json", "asm_info_fname": "", "output_fnames": {"status": "Complete", "pdb_outfile_name": "cache/sessions/ESEIIPGC/1qm2_ESEIIPGC.pdb", "deltaG_file_name": "cache/sessions/ESEIIPGC/1qm2_ESEIIPGC.json", "deltaG_file_name_txt": "cache/sessions/ESEIIPGC/1qm2_ESEIIPGC.txt", "plot_file_name": "cache/sessions/ESEIIPGC/1qm2_ESEIIPGC.pdf"}, "stage": 4}