Residue,Mutation,Condition,dg
125,V189I,mutOnly,-0.730697674
126,V189I,mutOnly,-0.985063755
127,V189I,mutOnly,-0.541665182
128,V189I,mutOnly,-0.423795077
129,V189I,mutOnly,-0.400684504
130,V189I,mutOnly,0.104596515
131,V189I,mutOnly,0.384467852
132,V189I,mutOnly,0.306494553
133,V189I,mutOnly,0.492083856
134,V189I,mutOnly,0.321257394
135,V189I,mutOnly,0.19010359
136,V189I,mutOnly,-0.369160794
137,V189I,mutOnly,-0.272538115
138,V189I,mutOnly,-0.630671372
139,V189I,mutOnly,-0.368202707
140,V189I,mutOnly,-0.719789181
141,V189I,mutOnly,-0.64073136
142,V189I,mutOnly,-0.348437702
143,V189I,mutOnly,-0.32122194
144,V189I,mutOnly,-0.303031761
145,V189I,mutOnly,-0.510477036
146,V189I,mutOnly,-0.545825494
147,V189I,mutOnly,-0.627181353
148,V189I,mutOnly,-0.756820456
149,V189I,mutOnly,-0.828061504
150,V189I,mutOnly,-0.759853534
151,V189I,mutOnly,-0.793702347
152,V189I,mutOnly,-0.958307969
153,V189I,mutOnly,-0.888011016
154,V189I,mutOnly,-0.908657968
155,V189I,mutOnly,-0.965206277
156,V189I,mutOnly,-0.807660087
157,V189I,mutOnly,-0.743750308
158,V189I,mutOnly,-0.273291279
159,V189I,mutOnly,0.081310241
160,V189I,mutOnly,0.118053991
161,V189I,mutOnly,-0.016329357
162,V189I,mutOnly,-0.290378364
163,V189I,mutOnly,0.491014268
164,V189I,mutOnly,0.851006133
165,V189I,mutOnly,1.254015363
166,V189I,mutOnly,1.34492378
167,V189I,mutOnly,1.783084326
168,V189I,mutOnly,2.023682506
169,V189I,mutOnly,1.644294819
170,V189I,mutOnly,1.429519245
171,V189I,mutOnly,1.484396383
172,V189I,mutOnly,1.336825176
173,V189I,mutOnly,1.133360464
174,V189I,mutOnly,1.305554187
175,V189I,mutOnly,0.797764564
176,V189I,mutOnly,0.530844639
177,V189I,mutOnly,0.620958129
178,V189I,mutOnly,0.449300551
179,V189I,mutOnly,0.125411752
180,V189I,mutOnly,0.098256944
181,V189I,mutOnly,-0.234654864
182,V189I,mutOnly,-0.839175632
183,V189I,mutOnly,-0.277649
184,V189I,mutOnly,-0.840414586
185,V189I,mutOnly,-0.671188637
186,V189I,mutOnly,-0.697204035
187,V189I,mutOnly,-1.351458286
188,V189I,mutOnly,-1.28889893
189,V189I,mutOnly,-1.76094517
190,V189I,mutOnly,-2.043863972
191,V189I,mutOnly,-1.38722674
192,V189I,mutOnly,-2.000776671
193,V189I,mutOnly,-2.400872402
194,V189I,mutOnly,-2.104244765
195,V189I,mutOnly,-2.05332619
196,V189I,mutOnly,-1.345426143
197,V189I,mutOnly,-1.928980542
198,V189I,mutOnly,-2.01005512
199,V189I,mutOnly,-0.434955387
200,V189I,mutOnly,-0.749353097
201,V189I,mutOnly,-0.004804816
202,V189I,mutOnly,-0.279998777
203,V189I,mutOnly,-0.845306711
204,V189I,mutOnly,-0.303617388
205,V189I,mutOnly,-0.577133863
206,V189I,mutOnly,-0.39512178
207,V189I,mutOnly,-0.016343503
208,V189I,mutOnly,0.005475452
209,V189I,mutOnly,-0.333841332
210,V189I,mutOnly,-0.138494839
211,V189I,mutOnly,0.053400835
212,V189I,mutOnly,0.05106841
213,V189I,mutOnly,0.076759896
214,V189I,mutOnly,0.13385967
215,V189I,mutOnly,0.222573586
216,V189I,mutOnly,0.32830759
217,V189I,mutOnly,0.252664356
218,V189I,mutOnly,0.810530731
219,V189I,mutOnly,0.613613107
220,V189I,mutOnly,0.462964056
221,V189I,mutOnly,0.334521791
222,V189I,mutOnly,0.248528523
223,V189I,mutOnly,0.018488085
224,V189I,mutOnly,-0.093996623
225,V189I,mutOnly,0.042096448
226,V189I,mutOnly,0.072634377
227,V189I,mutOnly,-0.051799931
228,V189I,mutOnly,0.060008384
125,V189I,PoseOne,-0.157633589
126,V189I,PoseOne,-0.332431664
127,V189I,PoseOne,0.041970773
128,V189I,PoseOne,0.093973393
129,V189I,PoseOne,-0.015118891
130,V189I,PoseOne,0.399934149
131,V189I,PoseOne,0.451082518
132,V189I,PoseOne,0.217946627
133,V189I,PoseOne,0.414203155
134,V189I,PoseOne,0.279224651
135,V189I,PoseOne,0.215273059
136,V189I,PoseOne,-0.17470056
137,V189I,PoseOne,0.302590635
138,V189I,PoseOne,0.137768205
139,V189I,PoseOne,0.381695491
140,V189I,PoseOne,0.117189005
141,V189I,PoseOne,0.096441177
142,V189I,PoseOne,0.359914
143,V189I,PoseOne,0.423673818
144,V189I,PoseOne,0.425120319
145,V189I,PoseOne,0.161293963
146,V189I,PoseOne,0.208609507
147,V189I,PoseOne,0.189414839
148,V189I,PoseOne,-0.01299468
149,V189I,PoseOne,0.015821518
150,V189I,PoseOne,-0.067815583
151,V189I,PoseOne,-0.091927091
152,V189I,PoseOne,-0.251218513
153,V189I,PoseOne,-0.288980148
154,V189I,PoseOne,-0.387552125
155,V189I,PoseOne,-0.828607318
156,V189I,PoseOne,-1.224118259
157,V189I,PoseOne,-0.678481841
158,V189I,PoseOne,-0.461233034
159,V189I,PoseOne,-0.145316562
160,V189I,PoseOne,0.111475112
161,V189I,PoseOne,-0.0169299
162,V189I,PoseOne,-0.079204162
163,V189I,PoseOne,0.742112971
164,V189I,PoseOne,1.159834512
165,V189I,PoseOne,1.546637326
166,V189I,PoseOne,1.658093344
167,V189I,PoseOne,2.1637617
168,V189I,PoseOne,2.628220659
169,V189I,PoseOne,2.05168798
170,V189I,PoseOne,1.669587823
171,V189I,PoseOne,1.730353519
172,V189I,PoseOne,1.417297812
173,V189I,PoseOne,1.108100692
174,V189I,PoseOne,1.551931745
175,V189I,PoseOne,0.955853152
176,V189I,PoseOne,0.481697698
177,V189I,PoseOne,0.615296294
178,V189I,PoseOne,0.445620624
179,V189I,PoseOne,0.126256483
180,V189I,PoseOne,0.039552415
181,V189I,PoseOne,-0.298669969
182,V189I,PoseOne,-0.536587672
183,V189I,PoseOne,-0.089887108
184,V189I,PoseOne,-1.025072459
185,V189I,PoseOne,-0.526034335
186,V189I,PoseOne,-0.441744821
187,V189I,PoseOne,-1.757809444
188,V189I,PoseOne,-1.885868054
189,V189I,PoseOne,-2.361488359
190,V189I,PoseOne,-2.556161014
191,V189I,PoseOne,-2.266256036
192,V189I,PoseOne,-2.770625391
193,V189I,PoseOne,-3.349000942
194,V189I,PoseOne,-3.246613272
195,V189I,PoseOne,-3.135615635
196,V189I,PoseOne,-2.132784384
197,V189I,PoseOne,-2.30982818
198,V189I,PoseOne,-2.504395145
199,V189I,PoseOne,-1.027444598
200,V189I,PoseOne,-0.794576825
201,V189I,PoseOne,0.314911607
202,V189I,PoseOne,-0.433445772
203,V189I,PoseOne,-0.95221038
204,V189I,PoseOne,0.190389059
205,V189I,PoseOne,0.05217036
206,V189I,PoseOne,-0.184294008
207,V189I,PoseOne,0.185036752
208,V189I,PoseOne,0.660863827
209,V189I,PoseOne,0.232363615
210,V189I,PoseOne,0.040885206
211,V189I,PoseOne,0.173185827
212,V189I,PoseOne,0.249137191
213,V189I,PoseOne,0.047637197
214,V189I,PoseOne,0.073123109
215,V189I,PoseOne,0.085075883
216,V189I,PoseOne,0.245974705
217,V189I,PoseOne,0.24757243
218,V189I,PoseOne,0.890048442
219,V189I,PoseOne,0.600861331
220,V189I,PoseOne,0.625206246
221,V189I,PoseOne,0.38665069
222,V189I,PoseOne,0.249121233
223,V189I,PoseOne,0.094325721
224,V189I,PoseOne,-0.060417045
225,V189I,PoseOne,-0.13911056
226,V189I,PoseOne,-0.135744432
227,V189I,PoseOne,-0.1298376
228,V189I,PoseOne,0.108554754
125,V189I,PoseTwo,-0.716031297
126,V189I,PoseTwo,-0.946756761
127,V189I,PoseTwo,-0.571156132
128,V189I,PoseTwo,-0.441741737
129,V189I,PoseTwo,-0.38075525
130,V189I,PoseTwo,0.091734848
131,V189I,PoseTwo,0.361654767
132,V189I,PoseTwo,0.271997584
133,V189I,PoseTwo,0.484583115
134,V189I,PoseTwo,0.315003041
135,V189I,PoseTwo,0.168169352
136,V189I,PoseTwo,-0.390570815
137,V189I,PoseTwo,-0.334438506
138,V189I,PoseTwo,-0.705356698
139,V189I,PoseTwo,-0.448690279
140,V189I,PoseTwo,-0.803193388
141,V189I,PoseTwo,-0.720424508
142,V189I,PoseTwo,-0.37369671
143,V189I,PoseTwo,-0.359811424
144,V189I,PoseTwo,-0.296713562
145,V189I,PoseTwo,-0.519866761
146,V189I,PoseTwo,-0.578557882
147,V189I,PoseTwo,-0.681345803
148,V189I,PoseTwo,-0.804219274
149,V189I,PoseTwo,-0.869729716
150,V189I,PoseTwo,-0.790447374
151,V189I,PoseTwo,-0.831861564
152,V189I,PoseTwo,-1.016292979
153,V189I,PoseTwo,-0.914777164
154,V189I,PoseTwo,-0.933418481
155,V189I,PoseTwo,-1.008094331
156,V189I,PoseTwo,-0.829965469
157,V189I,PoseTwo,-0.759887
158,V189I,PoseTwo,-0.281747966
159,V189I,PoseTwo,0.061963621
160,V189I,PoseTwo,0.117473684
161,V189I,PoseTwo,-0.022598188
162,V189I,PoseTwo,-0.270060869
163,V189I,PoseTwo,0.484528613
164,V189I,PoseTwo,0.830108415
165,V189I,PoseTwo,1.253985085
166,V189I,PoseTwo,1.37021892
167,V189I,PoseTwo,1.775741352
168,V189I,PoseTwo,2.012871409
169,V189I,PoseTwo,1.629996456
170,V189I,PoseTwo,1.438550364
171,V189I,PoseTwo,1.511606969
172,V189I,PoseTwo,1.366931426
173,V189I,PoseTwo,1.19395381
174,V189I,PoseTwo,1.348139556
175,V189I,PoseTwo,0.832517803
176,V189I,PoseTwo,0.566829982
177,V189I,PoseTwo,0.680418038
178,V189I,PoseTwo,0.502421013
179,V189I,PoseTwo,0.13850048
180,V189I,PoseTwo,0.099753505
181,V189I,PoseTwo,-0.220228693
182,V189I,PoseTwo,-0.821800537
183,V189I,PoseTwo,-0.262747376
184,V189I,PoseTwo,-0.899162992
185,V189I,PoseTwo,-0.710013877
186,V189I,PoseTwo,-0.728015697
187,V189I,PoseTwo,-1.390947072
188,V189I,PoseTwo,-1.340666516
189,V189I,PoseTwo,-1.814005339
190,V189I,PoseTwo,-2.080145031
191,V189I,PoseTwo,-1.434802401
192,V189I,PoseTwo,-2.049470747
193,V189I,PoseTwo,-2.460083221
194,V189I,PoseTwo,-2.16971693
195,V189I,PoseTwo,-2.093451233
196,V189I,PoseTwo,-1.372647882
197,V189I,PoseTwo,-1.972328202
198,V189I,PoseTwo,-2.04099175
199,V189I,PoseTwo,-0.472327336
200,V189I,PoseTwo,-0.784051812
201,V189I,PoseTwo,-0.032621063
202,V189I,PoseTwo,-0.301962665
203,V189I,PoseTwo,-0.863987473
204,V189I,PoseTwo,-0.314247152
205,V189I,PoseTwo,-0.612600725
206,V189I,PoseTwo,-0.403999616
207,V189I,PoseTwo,-0.011930954
208,V189I,PoseTwo,-0.035629546
209,V189I,PoseTwo,-0.369508524
210,V189I,PoseTwo,-0.150805466
211,V189I,PoseTwo,0.07015906
212,V189I,PoseTwo,0.034516287
213,V189I,PoseTwo,0.060234394
214,V189I,PoseTwo,0.141813224
215,V189I,PoseTwo,0.219749409
216,V189I,PoseTwo,0.316844644
217,V189I,PoseTwo,0.24221047
218,V189I,PoseTwo,0.811405667
219,V189I,PoseTwo,0.612658386
220,V189I,PoseTwo,0.48735886
221,V189I,PoseTwo,0.331761171
222,V189I,PoseTwo,0.237247233
223,V189I,PoseTwo,0.011758364
224,V189I,PoseTwo,-0.105533168
225,V189I,PoseTwo,0.009778586
226,V189I,PoseTwo,0.042083874
227,V189I,PoseTwo,-0.07948543
228,V189I,PoseTwo,0.0460913
125,V203I,mutOnly,0.254051931
126,V203I,mutOnly,0.222810941
127,V203I,mutOnly,-0.103426244
128,V203I,mutOnly,-0.201693718
129,V203I,mutOnly,0.020343953
130,V203I,mutOnly,0.105728866
131,V203I,mutOnly,0.323631248
132,V203I,mutOnly,0.40479514
133,V203I,mutOnly,0.59579993
134,V203I,mutOnly,0.479685039
135,V203I,mutOnly,0.23080393
136,V203I,mutOnly,-0.195202842
137,V203I,mutOnly,-0.205357644
138,V203I,mutOnly,-1.029625022
139,V203I,mutOnly,-0.917149638
140,V203I,mutOnly,-1.466158834
141,V203I,mutOnly,-1.663034641
142,V203I,mutOnly,-1.754153149
143,V203I,mutOnly,-1.643092495
144,V203I,mutOnly,-1.525557164
145,V203I,mutOnly,-1.732212906
146,V203I,mutOnly,-1.517913974
147,V203I,mutOnly,-1.323997293
148,V203I,mutOnly,-1.623748595
149,V203I,mutOnly,-1.478359142
150,V203I,mutOnly,-1.04109226
151,V203I,mutOnly,-1.22799946
152,V203I,mutOnly,-1.764561333
153,V203I,mutOnly,-1.528090186
154,V203I,mutOnly,-1.016692551
155,V203I,mutOnly,-1.337204874
156,V203I,mutOnly,-0.917410794
157,V203I,mutOnly,-0.744220602
158,V203I,mutOnly,0.1859346
159,V203I,mutOnly,0.291710735
160,V203I,mutOnly,0.288596081
161,V203I,mutOnly,-0.047580574
162,V203I,mutOnly,0.063482072
163,V203I,mutOnly,0.624980835
164,V203I,mutOnly,0.94060365
165,V203I,mutOnly,1.153743749
166,V203I,mutOnly,1.167823202
167,V203I,mutOnly,1.600374965
168,V203I,mutOnly,2.018105521
169,V203I,mutOnly,1.614028957
170,V203I,mutOnly,1.177269556
171,V203I,mutOnly,1.311861525
172,V203I,mutOnly,1.033467379
173,V203I,mutOnly,0.738965577
174,V203I,mutOnly,1.085519739
175,V203I,mutOnly,0.83509384
176,V203I,mutOnly,0.426232986
177,V203I,mutOnly,-0.010986174
178,V203I,mutOnly,0.221600204
179,V203I,mutOnly,0.060373842
180,V203I,mutOnly,-0.333628878
181,V203I,mutOnly,-0.976329674
182,V203I,mutOnly,-0.12876198
183,V203I,mutOnly,-0.205669065
184,V203I,mutOnly,-1.13745047
185,V203I,mutOnly,-0.612692899
186,V203I,mutOnly,-0.462818576
187,V203I,mutOnly,-1.32134189
188,V203I,mutOnly,-1.686184153
189,V203I,mutOnly,-2.02013807
190,V203I,mutOnly,-2.321374009
191,V203I,mutOnly,-1.68658908
192,V203I,mutOnly,-1.90202131
193,V203I,mutOnly,-2.235958396
194,V203I,mutOnly,-1.939179778
195,V203I,mutOnly,-2.140235646
196,V203I,mutOnly,-1.705910869
197,V203I,mutOnly,-2.161153508
198,V203I,mutOnly,-3.033135087
199,V203I,mutOnly,-1.469195715
200,V203I,mutOnly,-2.174742903
201,V203I,mutOnly,-1.307262364
202,V203I,mutOnly,-1.278199645
203,V203I,mutOnly,-1.652659113
204,V203I,mutOnly,-1.229615668
205,V203I,mutOnly,-1.151532178
206,V203I,mutOnly,-1.011942949
207,V203I,mutOnly,-0.991167391
208,V203I,mutOnly,-0.597255363
209,V203I,mutOnly,-0.263417529
210,V203I,mutOnly,-0.123795461
211,V203I,mutOnly,-0.02361307
212,V203I,mutOnly,0.115163692
213,V203I,mutOnly,0.162207498
214,V203I,mutOnly,0.299348271
215,V203I,mutOnly,0.299728825
216,V203I,mutOnly,0.464250239
217,V203I,mutOnly,0.386115429
218,V203I,mutOnly,0.635364981
219,V203I,mutOnly,0.567504577
220,V203I,mutOnly,0.591669794
221,V203I,mutOnly,0.38690235
222,V203I,mutOnly,0.239687053
223,V203I,mutOnly,0.146597453
224,V203I,mutOnly,0.193707443
225,V203I,mutOnly,0.321550953
226,V203I,mutOnly,0.455180642
227,V203I,mutOnly,0.115217129
228,V203I,mutOnly,-0.101939342
125,V203I,PoseOne,0.188679845
126,V203I,PoseOne,0.206590247
127,V203I,PoseOne,0.181755545
128,V203I,PoseOne,-0.060720684
129,V203I,PoseOne,0.171764981
130,V203I,PoseOne,0.381497737
131,V203I,PoseOne,0.457034218
132,V203I,PoseOne,0.472514895
133,V203I,PoseOne,0.630705858
134,V203I,PoseOne,0.587052453
135,V203I,PoseOne,0.294653261
136,V203I,PoseOne,-0.375146323
137,V203I,PoseOne,-0.182441747
138,V203I,PoseOne,-1.266224552
139,V203I,PoseOne,-0.988466293
140,V203I,PoseOne,-1.707928023
141,V203I,PoseOne,-1.949987352
142,V203I,PoseOne,-2.030673422
143,V203I,PoseOne,-1.891141939
144,V203I,PoseOne,-1.444058752
145,V203I,PoseOne,-1.765548095
146,V203I,PoseOne,-1.659412847
147,V203I,PoseOne,-1.459101309
148,V203I,PoseOne,-1.919097674
149,V203I,PoseOne,-1.662339206
150,V203I,PoseOne,-1.275444874
151,V203I,PoseOne,-1.473668898
152,V203I,PoseOne,-2.088269977
153,V203I,PoseOne,-1.782808122
154,V203I,PoseOne,-1.312373584
155,V203I,PoseOne,-1.926628354
156,V203I,PoseOne,-1.349183091
157,V203I,PoseOne,-1.0555475
158,V203I,PoseOne,0.213644335
159,V203I,PoseOne,0.204454045
160,V203I,PoseOne,0.523522655
161,V203I,PoseOne,0.110572307
162,V203I,PoseOne,0.14690768
163,V203I,PoseOne,0.859435465
164,V203I,PoseOne,1.244051539
165,V203I,PoseOne,1.463140678
166,V203I,PoseOne,1.397429838
167,V203I,PoseOne,1.937573838
168,V203I,PoseOne,2.336317251
169,V203I,PoseOne,1.935164938
170,V203I,PoseOne,1.413592307
171,V203I,PoseOne,1.543475856
172,V203I,PoseOne,1.169596593
173,V203I,PoseOne,0.844519142
174,V203I,PoseOne,1.35667569
175,V203I,PoseOne,1.018261352
176,V203I,PoseOne,0.539249429
177,V203I,PoseOne,0.312763974
178,V203I,PoseOne,0.464129054
179,V203I,PoseOne,0.144349757
180,V203I,PoseOne,0.088311525
181,V203I,PoseOne,-0.265319967
182,V203I,PoseOne,0.006996495
183,V203I,PoseOne,0.014015181
184,V203I,PoseOne,-0.420692945
185,V203I,PoseOne,-0.396921746
186,V203I,PoseOne,-0.256576488
187,V203I,PoseOne,-0.931473776
188,V203I,PoseOne,-1.786947191
189,V203I,PoseOne,-2.356272546
190,V203I,PoseOne,-2.666119288
191,V203I,PoseOne,-1.916415054
192,V203I,PoseOne,-2.094384653
193,V203I,PoseOne,-2.585146301
194,V203I,PoseOne,-2.410950497
195,V203I,PoseOne,-3.004456598
196,V203I,PoseOne,-2.340511558
197,V203I,PoseOne,-2.771849899
198,V203I,PoseOne,-3.099673243
199,V203I,PoseOne,-1.635589904
200,V203I,PoseOne,-2.304461288
201,V203I,PoseOne,-1.324600046
202,V203I,PoseOne,-1.467197866
203,V203I,PoseOne,-1.466140615
204,V203I,PoseOne,-1.201165492
205,V203I,PoseOne,-1.32692581
206,V203I,PoseOne,-1.041266528
207,V203I,PoseOne,-0.671727588
208,V203I,PoseOne,-0.589422409
209,V203I,PoseOne,-0.215736788
210,V203I,PoseOne,0.03929012
211,V203I,PoseOne,0.090873497
212,V203I,PoseOne,0.177086744
213,V203I,PoseOne,0.198346615
214,V203I,PoseOne,0.345952825
215,V203I,PoseOne,0.295223634
216,V203I,PoseOne,0.518774593
217,V203I,PoseOne,0.423343916
218,V203I,PoseOne,0.745955047
219,V203I,PoseOne,0.609056637
220,V203I,PoseOne,0.736662617
221,V203I,PoseOne,0.440334308
222,V203I,PoseOne,0.275973034
223,V203I,PoseOne,0.429195676
224,V203I,PoseOne,0.278612783
225,V203I,PoseOne,0.466085327
226,V203I,PoseOne,0.608371696
227,V203I,PoseOne,0.223110421
228,V203I,PoseOne,0.386733046
125,V203I,PoseTwo,0.276242751
126,V203I,PoseTwo,0.306371193
127,V203I,PoseTwo,-0.01473843
128,V203I,PoseTwo,-0.148304095
129,V203I,PoseTwo,0.044754856
130,V203I,PoseTwo,0.122802424
131,V203I,PoseTwo,0.322126747
132,V203I,PoseTwo,0.40797365
133,V203I,PoseTwo,0.60598544
134,V203I,PoseTwo,0.490628033
135,V203I,PoseTwo,0.234177974
136,V203I,PoseTwo,-0.196689623
137,V203I,PoseTwo,-0.176365312
138,V203I,PoseTwo,-1.009826189
139,V203I,PoseTwo,-0.87837188
140,V203I,PoseTwo,-1.449240045
141,V203I,PoseTwo,-1.658075416
142,V203I,PoseTwo,-1.736838719
143,V203I,PoseTwo,-1.627235669
144,V203I,PoseTwo,-1.487658473
145,V203I,PoseTwo,-1.699869467
146,V203I,PoseTwo,-1.508723028
147,V203I,PoseTwo,-1.29950293
148,V203I,PoseTwo,-1.615859829
149,V203I,PoseTwo,-1.451148662
150,V203I,PoseTwo,-1.035364225
151,V203I,PoseTwo,-1.216629193
152,V203I,PoseTwo,-1.751117507
153,V203I,PoseTwo,-1.488548587
154,V203I,PoseTwo,-1.008442332
155,V203I,PoseTwo,-1.35207483
156,V203I,PoseTwo,-0.960825934
157,V203I,PoseTwo,-0.793292301
158,V203I,PoseTwo,0.131074239
159,V203I,PoseTwo,0.285153866
160,V203I,PoseTwo,0.284269792
161,V203I,PoseTwo,-0.066491167
162,V203I,PoseTwo,0.059827036
163,V203I,PoseTwo,0.626146206
164,V203I,PoseTwo,0.941507688
165,V203I,PoseTwo,1.161782197
166,V203I,PoseTwo,1.23619425
167,V203I,PoseTwo,1.639355718
168,V203I,PoseTwo,2.060332053
169,V203I,PoseTwo,1.651316876
170,V203I,PoseTwo,1.222093138
171,V203I,PoseTwo,1.37478317
172,V203I,PoseTwo,1.065330064
173,V203I,PoseTwo,0.769247568
174,V203I,PoseTwo,1.116513387
175,V203I,PoseTwo,0.848505165
176,V203I,PoseTwo,0.413315618
177,V203I,PoseTwo,-0.009350782
178,V203I,PoseTwo,0.202697553
179,V203I,PoseTwo,0.038196187
180,V203I,PoseTwo,-0.337669169
181,V203I,PoseTwo,-1.033361588
182,V203I,PoseTwo,-0.150280561
183,V203I,PoseTwo,-0.187734703
184,V203I,PoseTwo,-1.252062092
185,V203I,PoseTwo,-0.582398269
186,V203I,PoseTwo,-0.377475826
187,V203I,PoseTwo,-1.299242564
188,V203I,PoseTwo,-1.680678909
189,V203I,PoseTwo,-2.035799154
190,V203I,PoseTwo,-2.283116569
191,V203I,PoseTwo,-1.708107949
192,V203I,PoseTwo,-1.925817283
193,V203I,PoseTwo,-2.364654507
194,V203I,PoseTwo,-1.990448886
195,V203I,PoseTwo,-2.11863824
196,V203I,PoseTwo,-1.648002277
197,V203I,PoseTwo,-2.088708289
198,V203I,PoseTwo,-3.075128867
199,V203I,PoseTwo,-1.493090399
200,V203I,PoseTwo,-2.106634693
201,V203I,PoseTwo,-1.331800121
202,V203I,PoseTwo,-1.272754578
203,V203I,PoseTwo,-1.656649815
204,V203I,PoseTwo,-1.244961295
205,V203I,PoseTwo,-1.14966491
206,V203I,PoseTwo,-1.043300816
207,V203I,PoseTwo,-1.027034229
208,V203I,PoseTwo,-0.583758901
209,V203I,PoseTwo,-0.245854084
210,V203I,PoseTwo,-0.153036198
211,V203I,PoseTwo,-0.020744255
212,V203I,PoseTwo,0.115234127
213,V203I,PoseTwo,0.163110743
214,V203I,PoseTwo,0.277228362
215,V203I,PoseTwo,0.299534061
216,V203I,PoseTwo,0.462988163
217,V203I,PoseTwo,0.379319752
218,V203I,PoseTwo,0.660204493
219,V203I,PoseTwo,0.594031052
220,V203I,PoseTwo,0.602254328
221,V203I,PoseTwo,0.428820268
222,V203I,PoseTwo,0.275239017
223,V203I,PoseTwo,0.165315241
224,V203I,PoseTwo,0.221251797
225,V203I,PoseTwo,0.354340866
226,V203I,PoseTwo,0.489714225
227,V203I,PoseTwo,0.157655241
228,V203I,PoseTwo,-0.078206869
